comb_total_value,comb_number_of_invoices,comb_avg_invoice_value,comb_min_invoice_value,comb_max_invoice_value,comb_value_spread,comb_max_invoice_ratio,comb_min_invoice_ratio,comb_avg_invoice_ratio,comb_value_std,comb_overdue_count,comb_overdue_ratio,comb_avg_days_overdue,comb_max_days_overdue,comb_oldest_age,comb_newest_age,comb_age_spread,comb_avg_age,cust_num_payments,cust_avg_payment_amount,cust_avg_invoices_per_payment,cust_avg_days_overdue_hist,cust_pattern_overdue_pref,cust_pattern_highest_val_pref,cust_pattern_oldest_pref,interact_overdue_alignment,interact_value_alignment,interact_age_alignment,target_is_selected,payment_id,customer_id
5300.0,3.0,1766.6666666666667,400.0,2500.0,2100.0,0.4716981132075472,0.07547169811320754,0.33333333333333337,967.2412085697939,0.0,0.0,0.0,0.0,0.0,0.0,0.0,0.0,35.0,5154.285714285715,2.8,0.08163265306122448,1.0,0.8763657798782469,-0.8298571428571428,0.0,1.2984582829040066,-0.0,1,5001,41
5300.0,4.0,1325.0,200.0,2500.0,2300.0,0.4716981132075472,0.03773584905660377,0.25,1077.903056865505,0.0,0.0,0.0,0.0,0.0,0.0,0.0,0.0,35.0,5154.285714285715,2.8,0.08163265306122448,1.0,0.8763657798782469,-0.8298571428571428,0.0,1.2984582829040066,-0.0,0,5001,41
5300.0,3.0,1766.6666666666667,800.0,2500.0,1700.0,0.4716981132075472,0.1509433962264151,0.33333333333333337,713.3644853010899,0.0,0.0,0.0,0.0,0.0,0.0,0.0,0.0,35.0,5154.285714285715,2.8,0.08163265306122448,1.0,0.8763657798782469,-0.8298571428571428,0.0,1.2984582829040066,-0.0,0,5001,41
5300.0,4.0,1325.0,200.0,2500.0,2300.0,0.4716981132075472,0.03773584905660377,0.25,917.5374651751284,0.0,0.0,0.0,0.0,0.0,0.0,0.0,0.0,35.0,5154.285714285715,2.8,0.08163265306122448,1.0,0.8763657798782469,-0.8298571428571428,0.0,1.2984582829040066,-0.0,0,5001,41
5300.0,5.0,1060.0,200.0,2500.0,2300.0,0.4716981132075472,0.03773584905660377,0.2,952.0504188329523,0.0,0.0,0.0,0.0,0.0,0.0,0.0,0.0,35.0,5154.285714285715,2.8,0.08163265306122448,1.0,0.8763657798782469,-0.8298571428571428,0.0,1.2984582829040066,-0.0,0,5001,41
5300.0,5.0,1060.0,200.0,2500.0,2300.0,0.4716981132075472,0.03773584905660377,0.2,828.4926070883191,0.0,0.0,0.0,0.0,0.0,0.0,0.0,0.0,35.0,5154.285714285715,2.8,0.08163265306122448,1.0,0.8763657798782469,-0.8298571428571428,0.0,1.2984582829040066,-0.0,0,5001,41
5300.0,5.0,1060.0,300.0,2500.0,2200.0,0.4716981132075472,0.05660377358490566,0.2,816.3332652783421,0.0,0.0,0.0,0.0,0.0,0.0,0.0,0.0,35.0,5154.285714285715,2.8,0.08163265306122448,1.0,0.8763657798782469,-0.8298571428571428,0.0,1.2984582829040066,-0.0,0,5001,41
5300.0,4.0,1325.0,200.0,2400.0,2200.0,0.4528301886792453,0.03773584905660377,0.25,1028.0442597476044,0.0,0.0,0.0,0.0,0.0,0.0,0.0,0.0,35.0,5154.285714285715,2.8,0.08163265306122448,1.0,0.8763657798782469,-0.8298571428571428,0.0,1.2465199515878462,-0.0,0,5001,41
5300.0,4.0,1325.0,200.0,2400.0,2200.0,0.4528301886792453,0.03773584905660377,0.25,903.811374126261,0.0,0.0,0.0,0.0,0.0,0.0,0.0,0.0,35.0,5154.285714285715,2.8,0.08163265306122448,1.0,0.8763657798782469,-0.8298571428571428,0.0,1.2465199515878462,-0.0,0,5001,41
5300.0,5.0,1060.0,200.0,2400.0,2200.0,0.4528301886792453,0.03773584905660377,0.2,941.4881836751856,0.0,0.0,0.0,0.0,0.0,0.0,0.0,0.0,35.0,5154.285714285715,2.8,0.08163265306122448,1.0,0.8763657798782469,-0.8298571428571428,0.0,1.2465199515878462,-0.0,0,5001,41
5300.0,4.0,1325.0,200.0,2400.0,2200.0,0.4528301886792453,0.03773584905660377,0.25,869.9856320652658,0.0,0.0,0.0,0.0,0.0,0.0,0.0,0.0,35.0,5154.285714285715,2.8,0.08163265306122448,1.0,0.8763657798782469,-0.8298571428571428,0.0,1.2465199515878462,-0.0,0,5001,41
5300.0,4.0,1325.0,300.0,2400.0,2100.0,0.4528301886792453,0.05660377358490566,0.25,855.4969316134336,0.0,0.0,0.0,0.0,0.0,0.0,0.0,0.0,35.0,5154.285714285715,2.8,0.08163265306122448,1.0,0.8763657798782469,-0.8298571428571428,0.0,1.2465199515878462,-0.0,0,5001,41
5300.0,4.0,1325.0,700.0,2400.0,1700.0,0.4528301886792453,0.1320754716981132,0.25,675.9252917297887,0.0,0.0,0.0,0.0,0.0,0.0,0.0,0.0,35.0,5154.285714285715,2.8,0.08163265306122448,1.0,0.8763657798782469,-0.8298571428571428,0.0,1.2465199515878462,-0.0,0,5001,41
5300.0,5.0,1060.0,300.0,2400.0,2100.0,0.4528301886792453,0.05660377358490566,0.2,773.5631842325487,0.0,0.0,0.0,0.0,0.0,0.0,0.0,0.0,35.0,5154.285714285715,2.8,0.08163265306122448,1.0,0.8763657798782469,-0.8298571428571428,0.0,1.2465199515878462,-0.0,0,5001,41
5300.0,4.0,1325.0,200.0,2300.0,2100.0,0.4339622641509434,0.03773584905660377,0.25,858.4142356694698,0.0,0.0,0.0,0.0,0.0,0.0,0.0,0.0,35.0,5154.285714285715,2.8,0.08163265306122448,1.0,0.8763657798782469,-0.8298571428571428,0.0,1.1945816202716861,-0.0,0,5001,41
5300.0,4.0,1325.0,300.0,2300.0,2000.0,0.4339622641509434,0.05660377358490566,0.25,843.7268515343103,0.0,0.0,0.0,0.0,0.0,0.0,0.0,0.0,35.0,5154.285714285715,2.8,0.08163265306122448,1.0,0.8763657798782469,-0.8298571428571428,0.0,1.1945816202716861,-0.0,0,5001,41
5300.0,4.0,1325.0,300.0,2300.0,2000.0,0.4339622641509434,0.05660377358490566,0.25,807.3877630977571,0.0,0.0,0.0,0.0,0.0,0.0,0.0,0.0,35.0,5154.285714285715,2.8,0.08163265306122448,1.0,0.8763657798782469,-0.8298571428571428,0.0,1.1945816202716861,-0.0,0,5001,41
5300.0,4.0,1325.0,400.0,2300.0,1900.0,0.4339622641509434,0.07547169811320754,0.25,794.9056547792322,0.0,0.0,0.0,0.0,0.0,0.0,0.0,0.0,35.0,5154.285714285715,2.8,0.08163265306122448,1.0,0.8763657798782469,-0.8298571428571428,0.0,1.1945816202716861,-0.0,0,5001,41
5300.0,6.0,883.3333333333334,200.0,2300.0,2100.0,0.4339622641509434,0.03773584905660377,0.16666666666666669,747.0311610338323,0.0,0.0,0.0,0.0,0.0,0.0,0.0,0.0,35.0,5154.285714285715,2.8,0.08163265306122448,1.0,0.8763657798782469,-0.8298571428571428,0.0,1.1945816202716861,-0.0,0,5001,41
5300.0,3.0,1766.6666666666667,1400.0,2000.0,600.0,0.37735849056603776,0.2641509433962264,0.33333333333333337,262.46692913372704,0.0,0.0,0.0,0.0,0.0,0.0,0.0,0.0,35.0,5154.285714285715,2.8,0.08163265306122448,1.0,0.8763657798782469,-0.8298571428571428,0.0,1.0387666263232054,-0.0,0,5001,41
5300.0,5.0,1060.0,200.0,2000.0,1800.0,0.37735849056603776,0.03773584905660377,0.2,752.5955088890712,0.0,0.0,0.0,0.0,0.0,0.0,0.0,0.0,35.0,5154.285714285715,2.8,0.08163265306122448,1.0,0.8763657798782469,-0.8298571428571428,0.0,1.0387666263232054,-0.0,0,5001,41
5300.0,5.0,1060.0,300.0,2000.0,1700.0,0.37735849056603776,0.05660377358490566,0.2,739.1887445030532,0.0,0.0,0.0,0.0,0.0,0.0,0.0,0.0,35.0,5154.285714285715,2.8,0.08163265306122448,1.0,0.8763657798782469,-0.8298571428571428,0.0,1.0387666263232054,-0.0,0,5001,41
5300.0,5.0,1060.0,400.0,2000.0,1600.0,0.37735849056603776,0.07547169811320754,0.2,571.314274283428,0.0,0.0,0.0,0.0,0.0,0.0,0.0,0.0,35.0,5154.285714285715,2.8,0.08163265306122448,1.0,0.8763657798782469,-0.8298571428571428,0.0,1.0387666263232054,-0.0,0,5001,41
5300.0,6.0,883.3333333333334,200.0,1900.0,1700.0,0.3584905660377358,0.03773584905660377,0.16666666666666669,598.3774357005414,0.0,0.0,0.0,0.0,0.0,0.0,0.0,0.0,35.0,5154.285714285715,2.8,0.08163265306122448,1.0,0.8763657798782469,-0.8298571428571428,0.0,0.9868282950070449,-0.0,0,5001,41
6900.0,3.0,2300.0,1300.0,2800.0,1500.0,0.4057971014492754,0.18840579710144928,0.3333333333333333,707.1067811865476,0.0,0.0,0.0,0.0,0.0,0.0,0.0,0.0,35.0,5154.285714285715,2.8,0.08163265306122448,1.0,0.8763657798782469,-0.8298571428571428,0.0,1.117050488017128,-0.0,1,5002,41
6900.0,3.0,2300.0,1300.0,2800.0,1500.0,0.4057971014492754,0.18840579710144928,0.3333333333333333,707.1067811865476,0.0,0.0,0.0,0.0,0.0,0.0,0.0,0.0,35.0,5154.285714285715,2.8,0.08163265306122448,1.0,0.8763657798782469,-0.8298571428571428,0.0,1.117050488017128,-0.0,0,5002,41
6900.0,4.0,1725.0,200.0,2800.0,2600.0,0.4057971014492754,0.028985507246376812,0.25,1121.1043662389332,0.0,0.0,0.0,0.0,0.0,0.0,0.0,0.0,35.0,5154.285714285715,2.8,0.08163265306122448,1.0,0.8763657798782469,-0.8298571428571428,0.0,1.117050488017128,-0.0,0,5002,41
6900.0,4.0,1725.0,300.0,2800.0,2500.0,0.4057971014492754,0.043478260869565216,0.25,1063.8961415476606,0.0,0.0,0.0,0.0,0.0,0.0,0.0,0.0,35.0,5154.285714285715,2.8,0.08163265306122448,1.0,0.8763657798782469,-0.8298571428571428,0.0,1.117050488017128,-0.0,0,5002,41
6900.0,4.0,1725.0,200.0,2800.0,2600.0,0.4057971014492754,0.028985507246376812,0.25,1052.0812706250406,0.0,0.0,0.0,0.0,0.0,0.0,0.0,0.0,35.0,5154.285714285715,2.8,0.08163265306122448,1.0,0.8763657798782469,-0.8298571428571428,0.0,1.117050488017128,-0.0,0,5002,41
6900.0,4.0,1725.0,200.0,2800.0,2600.0,0.4057971014492754,0.028985507246376812,0.25,1052.0812706250406,0.0,0.0,0.0,0.0,0.0,0.0,0.0,0.0,35.0,5154.285714285715,2.8,0.08163265306122448,1.0,0.8763657798782469,-0.8298571428571428,0.0,1.117050488017128,-0.0,0,5002,41
6900.0,4.0,1725.0,300.0,2800.0,2500.0,0.4057971014492754,0.043478260869565216,0.25,995.9292143521044,0.0,0.0,0.0,0.0,0.0,0.0,0.0,0.0,35.0,5154.285714285715,2.8,0.08163265306122448,1.0,0.8763657798782469,-0.8298571428571428,0.0,1.117050488017128,-0.0,0,5002,41
6900.0,4.0,1725.0,300.0,2800.0,2500.0,0.4057971014492754,0.043478260869565216,0.25,995.9292143521044,0.0,0.0,0.0,0.0,0.0,0.0,0.0,0.0,35.0,5154.285714285715,2.8,0.08163265306122448,1.0,0.8763657798782469,-0.8298571428571428,0.0,1.117050488017128,-0.0,0,5002,41
6900.0,5.0,1380.0,200.0,2800.0,2600.0,0.4057971014492754,0.028985507246376812,0.2,1087.0142593360954,0.0,0.0,0.0,0.0,0.0,0.0,0.0,0.0,35.0,5154.285714285715,2.8,0.08163265306122448,1.0,0.8763657798782469,-0.8298571428571428,0.0,1.117050488017128,-0.0,0,5002,41
6900.0,4.0,1725.0,300.0,2800.0,2500.0,0.4057971014492754,0.043478260869565216,0.25,1063.8961415476606,0.0,0.0,0.0,0.0,0.0,0.0,0.0,0.0,35.0,5154.285714285715,2.8,0.08163265306122448,1.0,0.8763657798782469,-0.8298571428571428,0.0,1.117050488017128,-0.0,0,5002,41
6900.0,4.0,1725.0,200.0,2800.0,2600.0,0.4057971014492754,0.028985507246376812,0.25,1052.0812706250406,0.0,0.0,0.0,0.0,0.0,0.0,0.0,0.0,35.0,5154.285714285715,2.8,0.08163265306122448,1.0,0.8763657798782469,-0.8298571428571428,0.0,1.117050488017128,-0.0,0,5002,41
6900.0,4.0,1725.0,200.0,2800.0,2600.0,0.4057971014492754,0.028985507246376812,0.25,1052.0812706250406,0.0,0.0,0.0,0.0,0.0,0.0,0.0,0.0,35.0,5154.285714285715,2.8,0.08163265306122448,1.0,0.8763657798782469,-0.8298571428571428,0.0,1.117050488017128,-0.0,0,5002,41
6900.0,4.0,1725.0,300.0,2800.0,2500.0,0.4057971014492754,0.043478260869565216,0.25,995.9292143521044,0.0,0.0,0.0,0.0,0.0,0.0,0.0,0.0,35.0,5154.285714285715,2.8,0.08163265306122448,1.0,0.8763657798782469,-0.8298571428571428,0.0,1.117050488017128,-0.0,0,5002,41
6900.0,4.0,1725.0,300.0,2800.0,2500.0,0.4057971014492754,0.043478260869565216,0.25,995.9292143521044,0.0,0.0,0.0,0.0,0.0,0.0,0.0,0.0,35.0,5154.285714285715,2.8,0.08163265306122448,1.0,0.8763657798782469,-0.8298571428571428,0.0,1.117050488017128,-0.0,0,5002,41
6900.0,5.0,1380.0,200.0,2800.0,2600.0,0.4057971014492754,0.028985507246376812,0.2,1087.0142593360954,0.0,0.0,0.0,0.0,0.0,0.0,0.0,0.0,35.0,5154.285714285715,2.8,0.08163265306122448,1.0,0.8763657798782469,-0.8298571428571428,0.0,1.117050488017128,-0.0,0,5002,41
6900.0,4.0,1725.0,300.0,2700.0,2400.0,0.391304347826087,0.043478260869565216,0.25,990.8960591303207,0.0,0.0,0.0,0.0,0.0,0.0,0.0,0.0,35.0,5154.285714285715,2.8,0.08163265306122448,1.0,0.8763657798782469,-0.8298571428571428,0.0,1.077155827730802,-0.0,0,5002,41
6900.0,4.0,1725.0,300.0,2700.0,2400.0,0.391304347826087,0.043478260869565216,0.25,990.8960591303207,0.0,0.0,0.0,0.0,0.0,0.0,0.0,0.0,35.0,5154.285714285715,2.8,0.08163265306122448,1.0,0.8763657798782469,-0.8298571428571428,0.0,1.077155827730802,-0.0,0,5002,41
6900.0,5.0,1380.0,200.0,2700.0,2500.0,0.391304347826087,0.028985507246376812,0.2,1083.3282051160672,0.0,0.0,0.0,0.0,0.0,0.0,0.0,0.0,35.0,5154.285714285715,2.8,0.08163265306122448,1.0,0.8763657798782469,-0.8298571428571428,0.0,1.077155827730802,-0.0,0,5002,41
6900.0,5.0,1380.0,200.0,2700.0,2500.0,0.391304347826087,0.028985507246376812,0.2,974.4742172063866,0.0,0.0,0.0,0.0,0.0,0.0,0.0,0.0,35.0,5154.285714285715,2.8,0.08163265306122448,1.0,0.8763657798782469,-0.8298571428571428,0.0,1.077155827730802,-0.0,0,5002,41
6900.0,4.0,1725.0,1100.0,2700.0,1600.0,0.391304347826087,0.15942028985507245,0.25,617.9603547154138,0.0,0.0,0.0,0.0,0.0,0.0,0.0,0.0,35.0,5154.285714285715,2.8,0.08163265306122448,1.0,0.8763657798782469,-0.8298571428571428,0.0,1.077155827730802,-0.0,0,5002,41
6900.0,4.0,1725.0,1100.0,2700.0,1600.0,0.391304347826087,0.15942028985507245,0.25,617.9603547154138,0.0,0.0,0.0,0.0,0.0,0.0,0.0,0.0,35.0,5154.285714285715,2.8,0.08163265306122448,1.0,0.8763657798782469,-0.8298571428571428,0.0,1.077155827730802,-0.0,0,5002,41
6900.0,6.0,1150.0,200.0,2700.0,2500.0,0.391304347826087,0.028985507246376812,0.16666666666666666,824.1156876717411,0.0,0.0,0.0,0.0,0.0,0.0,0.0,0.0,35.0,5154.285714285715,2.8,0.08163265306122448,1.0,0.8763657798782469,-0.8298571428571428,0.0,1.077155827730802,-0.0,0,5002,41
6900.0,3.0,2300.0,1800.0,2600.0,800.0,0.37681159420289856,0.2608695652173913,0.3333333333333333,355.9026084010437,0.0,0.0,0.0,0.0,0.0,0.0,0.0,0.0,35.0,5154.285714285715,2.8,0.08163265306122448,1.0,0.8763657798782469,-0.8298571428571428,0.0,1.037261167444476,-0.0,0,5002,41
6900.0,5.0,1380.0,200.0,2600.0,2400.0,0.37681159420289856,0.028985507246376812,0.2,1030.3397497913006,0.0,0.0,0.0,0.0,0.0,0.0,0.0,0.0,35.0,5154.285714285715,2.8,0.08163265306122448,1.0,0.8763657798782469,-0.8298571428571428,0.0,1.037261167444476,-0.0,0,5002,41
6900.0,5.0,1380.0,200.0,2600.0,2400.0,0.37681159420289856,0.028985507246376812,0.2,1030.3397497913006,0.0,0.0,0.0,0.0,0.0,0.0,0.0,0.0,35.0,5154.285714285715,2.8,0.08163265306122448,1.0,0.8763657798782469,-0.8298571428571428,0.0,1.037261167444476,-0.0,0,5002,41
6900.0,4.0,1725.0,1100.0,2600.0,1500.0,0.37681159420289856,0.15942028985507245,0.25,584.700778176325,0.0,0.0,0.0,0.0,0.0,0.0,0.0,0.0,35.0,5154.285714285715,2.8,0.08163265306122448,1.0,0.8763657798782469,-0.8298571428571428,0.0,1.037261167444476,-0.0,0,5002,41
6900.0,4.0,1725.0,1100.0,2600.0,1500.0,0.37681159420289856,0.15942028985507245,0.25,584.700778176325,0.0,0.0,0.0,0.0,0.0,0.0,0.0,0.0,35.0,5154.285714285715,2.8,0.08163265306122448,1.0,0.8763657798782469,-0.8298571428571428,0.0,1.037261167444476,-0.0,0,5002,41
6900.0,4.0,1725.0,1300.0,2500.0,1200.0,0.36231884057971014,0.18840579710144928,0.25,491.80788932265006,0.0,0.0,0.0,0.0,0.0,0.0,0.0,0.0,35.0,5154.285714285715,2.8,0.08163265306122448,1.0,0.8763657798782469,-0.8298571428571428,0.0,0.9973665071581499,-0.0,0,5002,41
6900.0,5.0,1380.0,200.0,2500.0,2300.0,0.36231884057971014,0.028985507246376812,0.2,762.6270385975048,0.0,0.0,0.0,0.0,0.0,0.0,0.0,0.0,35.0,5154.285714285715,2.8,0.08163265306122448,1.0,0.8763657798782469,-0.8298571428571428,0.0,0.9973665071581499,-0.0,0,5002,41
6900.0,5.0,1380.0,200.0,2500.0,2300.0,0.36231884057971014,0.028985507246376812,0.2,762.6270385975048,0.0,0.0,0.0,0.0,0.0,0.0,0.0,0.0,35.0,5154.285714285715,2.8,0.08163265306122448,1.0,0.8763657798782469,-0.8298571428571428,0.0,0.9973665071581499,-0.0,0,5002,41
5100.0,4.0,1275.0,600.0,3000.0,2400.0,0.5882352941176471,0.11764705882352941,0.25,998.4362773857929,0.0,0.0,0.0,0.0,0.0,0.0,0.0,0.0,35.0,5154.285714285715,2.8,0.08163265306122448,1.0,0.8763657798782469,-0.8298571428571428,0.0,1.6192538586802905,-0.0,0,5003,41
5100.0,3.0,1700.0,700.0,2600.0,1900.0,0.5098039215686274,0.13725490196078433,0.3333333333333333,778.8880963698615,0.0,0.0,0.0,0.0,0.0,0.0,0.0,0.0,35.0,5154.285714285715,2.8,0.08163265306122448,1.0,0.8763657798782469,-0.8298571428571428,0.0,1.403353344189585,-0.0,0,5003,41
5100.0,4.0,1275.0,700.0,2600.0,1900.0,0.5098039215686274,0.13725490196078433,0.25,769.3341276714559,0.0,0.0,0.0,0.0,0.0,0.0,0.0,0.0,35.0,5154.285714285715,2.8,0.08163265306122448,1.0,0.8763657798782469,-0.8298571428571428,0.0,1.403353344189585,-0.0,0,5003,41
5100.0,4.0,1275.0,700.0,2600.0,1900.0,0.5098039215686274,0.13725490196078433,0.25,769.3341276714559,0.0,0.0,0.0,0.0,0.0,0.0,0.0,0.0,35.0,5154.285714285715,2.8,0.08163265306122448,1.0,0.8763657798782469,-0.8298571428571428,0.0,1.403353344189585,-0.0,0,5003,41
5100.0,4.0,1275.0,700.0,2600.0,1900.0,0.5098039215686274,0.13725490196078433,0.25,769.3341276714559,0.0,0.0,0.0,0.0,0.0,0.0,0.0,0.0,35.0,5154.285714285715,2.8,0.08163265306122448,1.0,0.8763657798782469,-0.8298571428571428,0.0,1.403353344189585,-0.0,0,5003,41
5100.0,3.0,1700.0,900.0,2200.0,1300.0,0.43137254901960786,0.17647058823529413,0.3333333333333333,571.5476066494083,0.0,0.0,0.0,0.0,0.0,0.0,0.0,0.0,35.0,5154.285714285715,2.8,0.08163265306122448,1.0,0.8763657798782469,-0.8298571428571428,0.0,1.1874528296988798,-0.0,1,5003,41
5100.0,3.0,1700.0,900.0,2200.0,1300.0,0.43137254901960786,0.17647058823529413,0.3333333333333333,571.5476066494083,0.0,0.0,0.0,0.0,0.0,0.0,0.0,0.0,35.0,5154.285714285715,2.8,0.08163265306122448,1.0,0.8763657798782469,-0.8298571428571428,0.0,1.1874528296988798,-0.0,0,5003,41
5100.0,3.0,1700.0,900.0,2200.0,1300.0,0.43137254901960786,0.17647058823529413,0.3333333333333333,571.5476066494083,0.0,0.0,0.0,0.0,0.0,0.0,0.0,0.0,35.0,5154.285714285715,2.8,0.08163265306122448,1.0,0.8763657798782469,-0.8298571428571428,0.0,1.1874528296988798,-0.0,0,5003,41
5100.0,4.0,1275.0,600.0,2000.0,1400.0,0.39215686274509803,0.11764705882352941,0.25,629.9801584177077,0.0,0.0,0.0,0.0,0.0,0.0,0.0,0.0,35.0,5154.285714285715,2.8,0.08163265306122448,1.0,0.8763657798782469,-0.8298571428571428,0.0,1.079502572453527,-0.0,0,5003,41
5100.0,5.0,1020.0,600.0,2000.0,1400.0,0.39215686274509803,0.11764705882352941,0.2,503.5871324805669,0.0,0.0,0.0,0.0,0.0,0.0,0.0,0.0,35.0,5154.285714285715,2.8,0.08163265306122448,1.0,0.8763657798782469,-0.8298571428571428,0.0,1.079502572453527,-0.0,0,5003,41
5100.0,5.0,1020.0,600.0,2000.0,1400.0,0.39215686274509803,0.11764705882352941,0.2,503.5871324805669,0.0,0.0,0.0,0.0,0.0,0.0,0.0,0.0,35.0,5154.285714285715,2.8,0.08163265306122448,1.0,0.8763657798782469,-0.8298571428571428,0.0,1.079502572453527,-0.0,0,5003,41
5100.0,5.0,1020.0,600.0,2000.0,1400.0,0.39215686274509803,0.11764705882352941,0.2,503.5871324805669,0.0,0.0,0.0,0.0,0.0,0.0,0.0,0.0,35.0,5154.285714285715,2.8,0.08163265306122448,1.0,0.8763657798782469,-0.8298571428571428,0.0,1.079502572453527,-0.0,0,5003,41
5100.0,5.0,1020.0,600.0,1800.0,1200.0,0.35294117647058826,0.11764705882352941,0.2,406.9397989875161,0.0,0.0,0.0,0.0,0.0,0.0,0.0,0.0,35.0,5154.285714285715,2.8,0.08163265306122448,1.0,0.8763657798782469,-0.8298571428571428,0.0,0.9715523152081744,-0.0,0,5003,41
5100.0,5.0,1020.0,700.0,1800.0,1100.0,0.35294117647058826,0.13725490196078433,0.2,396.9886648255842,0.0,0.0,0.0,0.0,0.0,0.0,0.0,0.0,35.0,5154.285714285715,2.8,0.08163265306122448,1.0,0.8763657798782469,-0.8298571428571428,0.0,0.9715523152081744,-0.0,0,5003,41
5100.0,5.0,1020.0,700.0,1800.0,1100.0,0.35294117647058826,0.13725490196078433,0.2,396.9886648255842,0.0,0.0,0.0,0.0,0.0,0.0,0.0,0.0,35.0,5154.285714285715,2.8,0.08163265306122448,1.0,0.8763657798782469,-0.8298571428571428,0.0,0.9715523152081744,-0.0,0,5003,41
5100.0,5.0,1020.0,700.0,1800.0,1100.0,0.35294117647058826,0.13725490196078433,0.2,396.9886648255842,0.0,0.0,0.0,0.0,0.0,0.0,0.0,0.0,35.0,5154.285714285715,2.8,0.08163265306122448,1.0,0.8763657798782469,-0.8298571428571428,0.0,0.9715523152081744,-0.0,0,5003,41
4200.0,3.0,1400.0,500.0,2900.0,2400.0,0.6904761904761905,0.11904761904761904,0.3333333333333333,1067.707825203131,0.0,0.0,0.0,0.0,0.0,0.0,0.0,0.0,35.0,5154.285714285715,2.8,0.08163265306122448,1.0,0.8763657798782469,-0.8298571428571428,0.0,1.9006956007842457,-0.0,0,5004,41
4200.0,2.0,2100.0,1700.0,2500.0,800.0,0.5952380952380952,0.40476190476190477,0.5,400.0,0.0,0.0,0.0,0.0,0.0,0.0,0.0,0.0,35.0,5154.285714285715,2.8,0.08163265306122448,1.0,0.8763657798782469,-0.8298571428571428,0.0,1.6385306903312464,-0.0,1,5004,41
4200.0,3.0,1400.0,500.0,2500.0,2000.0,0.5952380952380952,0.11904761904761904,0.3333333333333333,828.6535263104035,0.0,0.0,0.0,0.0,0.0,0.0,0.0,0.0,35.0,5154.285714285715,2.8,0.08163265306122448,1.0,0.8763657798782469,-0.8298571428571428,0.0,1.6385306903312464,-0.0,0,5004,41
4200.0,3.0,1400.0,800.0,2500.0,1700.0,0.5952380952380952,0.19047619047619047,0.3333333333333333,778.8880963698615,0.0,0.0,0.0,0.0,0.0,0.0,0.0,0.0,35.0,5154.285714285715,2.8,0.08163265306122448,1.0,0.8763657798782469,-0.8298571428571428,0.0,1.6385306903312464,-0.0,0,5004,41
4200.0,4.0,1050.0,500.0,1700.0,1200.0,0.40476190476190477,0.11904761904761904,0.25,450.0,0.0,0.0,0.0,0.0,0.0,0.0,0.0,0.0,35.0,5154.285714285715,2.8,0.08163265306122448,1.0,0.8763657798782469,-0.8298571428571428,0.0,1.1142008694252474,-0.0,0,5004,41
8500.0,5.0,1700.0,400.0,2500.0,2100.0,0.29411764705882354,0.047058823529411764,0.2,756.3068160475615,0.0,0.0,0.0,0.0,20.0,0.0,20.0,8.0,35.0,5154.285714285715,2.8,0.08163265306122448,1.0,0.8763657798782469,-0.8298571428571428,0.0,0.8096269293401452,-0.052777142857142856,0,5005,41
8500.0,5.0,1700.0,400.0,2500.0,2100.0,0.29411764705882354,0.047058823529411764,0.2,756.3068160475615,0.0,0.0,0.0,0.0,15.0,0.0,15.0,4.0,35.0,5154.285714285715,2.8,0.08163265306122448,1.0,0.8763657798782469,-0.8298571428571428,0.0,0.8096269293401452,-0.026388571428571428,0,5005,41
8500.0,5.0,1700.0,400.0,2500.0,2100.0,0.29411764705882354,0.047058823529411764,0.2,718.3313998427188,0.0,0.0,0.0,0.0,20.0,0.0,20.0,8.0,35.0,5154.285714285715,2.8,0.08163265306122448,1.0,0.8763657798782469,-0.8298571428571428,0.0,0.8096269293401452,-0.052777142857142856,0,5005,41
8500.0,5.0,1700.0,600.0,2500.0,1900.0,0.29411764705882354,0.07058823529411765,0.2,654.2170893518451,0.0,0.0,0.0,0.0,20.0,0.0,20.0,8.0,35.0,5154.285714285715,2.8,0.08163265306122448,1.0,0.8763657798782469,-0.8298571428571428,0.0,0.8096269293401452,-0.052777142857142856,0,5005,41
8500.0,5.0,1700.0,600.0,2500.0,1900.0,0.29411764705882354,0.07058823529411765,0.2,654.2170893518451,0.0,0.0,0.0,0.0,15.0,0.0,15.0,4.0,35.0,5154.285714285715,2.8,0.08163265306122448,1.0,0.8763657798782469,-0.8298571428571428,0.0,0.8096269293401452,-0.026388571428571428,0,5005,41
8500.0,5.0,1700.0,400.0,2500.0,2100.0,0.29411764705882354,0.047058823529411764,0.2,718.3313998427188,0.0,0.0,0.0,0.0,20.0,0.0,20.0,5.0,35.0,5154.285714285715,2.8,0.08163265306122448,1.0,0.8763657798782469,-0.8298571428571428,0.0,0.8096269293401452,-0.032985714285714285,0,5005,41
8500.0,5.0,1700.0,600.0,2500.0,1900.0,0.29411764705882354,0.07058823529411765,0.2,654.2170893518451,0.0,0.0,0.0,0.0,20.0,0.0,20.0,5.0,35.0,5154.285714285715,2.8,0.08163265306122448,1.0,0.8763657798782469,-0.8298571428571428,0.0,0.8096269293401452,-0.032985714285714285,0,5005,41
8500.0,5.0,1700.0,600.0,2500.0,1900.0,0.29411764705882354,0.07058823529411765,0.2,654.2170893518451,0.0,0.0,0.0,0.0,5.0,0.0,5.0,1.0,35.0,5154.285714285715,2.8,0.08163265306122448,1.0,0.8763657798782469,-0.8298571428571428,0.0,0.8096269293401452,-0.006597142857142857,0,5005,41
8500.0,6.0,1416.6666666666667,400.0,2500.0,2100.0,0.29411764705882354,0.047058823529411764,0.16666666666666669,719.7607627229729,0.0,0.0,0.0,0.0,33.0,0.0,33.0,9.666666666666666,35.0,5154.285714285715,2.8,0.08163265306122448,1.0,0.8763657798782469,-0.8298571428571428,0.0,0.8096269293401452,-0.06377238095238096,0,5005,41
8500.0,6.0,1416.6666666666667,400.0,2500.0,2100.0,0.29411764705882354,0.047058823529411764,0.16666666666666669,719.7607627229729,0.0,0.0,0.0,0.0,33.0,0.0,33.0,6.333333333333333,35.0,5154.285714285715,2.8,0.08163265306122448,1.0,0.8763657798782469,-0.8298571428571428,0.0,0.8096269293401452,-0.041781904761904756,0,5005,41
8500.0,4.0,2125.0,1700.0,2400.0,700.0,0.2823529411764706,0.2,0.25,258.602010819715,0.0,0.0,0.0,0.0,20.0,0.0,20.0,12.5,35.0,5154.285714285715,2.8,0.08163265306122448,1.0,0.8763657798782469,-0.8298571428571428,0.0,0.7772418521665394,-0.08246428571428571,1,5005,41
8500.0,4.0,2125.0,1700.0,2400.0,700.0,0.2823529411764706,0.2,0.25,258.602010819715,0.0,0.0,0.0,0.0,15.0,0.0,15.0,7.5,35.0,5154.285714285715,2.8,0.08163265306122448,1.0,0.8763657798782469,-0.8298571428571428,0.0,0.7772418521665394,-0.04947857142857143,0,5005,41
8500.0,5.0,1700.0,400.0,2400.0,2000.0,0.2823529411764706,0.047058823529411764,0.2,698.5699678629193,0.0,0.0,0.0,0.0,33.0,0.0,33.0,16.6,35.0,5154.285714285715,2.8,0.08163265306122448,1.0,0.8763657798782469,-0.8298571428571428,0.0,0.7772418521665394,-0.10951257142857143,0,5005,41
8500.0,5.0,1700.0,400.0,2400.0,2000.0,0.2823529411764706,0.047058823529411764,0.2,698.5699678629193,0.0,0.0,0.0,0.0,33.0,0.0,33.0,12.6,35.0,5154.285714285715,2.8,0.08163265306122448,1.0,0.8763657798782469,-0.8298571428571428,0.0,0.7772418521665394,-0.083124,0,5005,41
8500.0,5.0,1700.0,600.0,2400.0,1800.0,0.2823529411764706,0.07058823529411765,0.2,632.4555320336759,0.0,0.0,0.0,0.0,33.0,0.0,33.0,12.6,35.0,5154.285714285715,2.8,0.08163265306122448,1.0,0.8763657798782469,-0.8298571428571428,0.0,0.7772418521665394,-0.083124,0,5005,41
8500.0,5.0,1700.0,400.0,2400.0,2000.0,0.2823529411764706,0.047058823529411764,0.2,698.5699678629193,0.0,0.0,0.0,0.0,33.0,0.0,33.0,13.6,35.0,5154.285714285715,2.8,0.08163265306122448,1.0,0.8763657798782469,-0.8298571428571428,0.0,0.7772418521665394,-0.08972114285714286,0,5005,41
8500.0,5.0,1700.0,400.0,2400.0,2000.0,0.2823529411764706,0.047058823529411764,0.2,698.5699678629193,0.0,0.0,0.0,0.0,33.0,0.0,33.0,9.6,35.0,5154.285714285715,2.8,0.08163265306122448,1.0,0.8763657798782469,-0.8298571428571428,0.0,0.7772418521665394,-0.06333257142857143,0,5005,41
8500.0,5.0,1700.0,600.0,2400.0,1800.0,0.2823529411764706,0.07058823529411765,0.2,632.4555320336759,0.0,0.0,0.0,0.0,33.0,0.0,33.0,9.6,35.0,5154.285714285715,2.8,0.08163265306122448,1.0,0.8763657798782469,-0.8298571428571428,0.0,0.7772418521665394,-0.06333257142857143,0,5005,41
8500.0,5.0,1700.0,600.0,2200.0,1600.0,0.25882352941176473,0.07058823529411765,0.2,586.5151319446072,0.0,0.0,0.0,0.0,33.0,0.0,33.0,13.6,35.0,5154.285714285715,2.8,0.08163265306122448,1.0,0.8763657798782469,-0.8298571428571428,0.0,0.7124716978193278,-0.08972114285714286,0,5005,41
8500.0,5.0,1700.0,600.0,2200.0,1600.0,0.25882352941176473,0.07058823529411765,0.2,586.5151319446072,0.0,0.0,0.0,0.0,33.0,0.0,33.0,9.6,35.0,5154.285714285715,2.8,0.08163265306122448,1.0,0.8763657798782469,-0.8298571428571428,0.0,0.7124716978193278,-0.06333257142857143,0,5005,41
3300.0,3.0,1100.0,100.0,2900.0,2800.0,0.8787878787878788,0.030303030303030304,0.3333333333333333,1275.4084313139329,0.0,0.0,0.0,0.0,0.0,0.0,0.0,0.0,35.0,5154.285714285715,2.8,0.08163265306122448,1.0,0.8763657798782469,-0.8298571428571428,0.0,2.419067128270858,-0.0,0,5006,41
3300.0,3.0,1100.0,100.0,2900.0,2800.0,0.8787878787878788,0.030303030303030304,0.3333333333333333,1275.4084313139329,0.0,0.0,0.0,0.0,0.0,0.0,0.0,0.0,35.0,5154.285714285715,2.8,0.08163265306122448,1.0,0.8763657798782469,-0.8298571428571428,0.0,2.419067128270858,-0.0,0,5006,41
3300.0,2.0,1650.0,800.0,2500.0,1700.0,0.7575757575757576,0.24242424242424243,0.5,850.0,0.0,0.0,0.0,0.0,0.0,0.0,0.0,0.0,35.0,5154.285714285715,2.8,0.08163265306122448,1.0,0.8763657798782469,-0.8298571428571428,0.0,2.0854026967852226,-0.0,1,5006,41
3300.0,2.0,1650.0,800.0,2500.0,1700.0,0.7575757575757576,0.24242424242424243,0.5,850.0,0.0,0.0,0.0,0.0,0.0,0.0,0.0,0.0,35.0,5154.285714285715,2.8,0.08163265306122448,1.0,0.8763657798782469,-0.8298571428571428,0.0,2.0854026967852226,-0.0,0,5006,41
3300.0,3.0,1100.0,300.0,2200.0,1900.0,0.6666666666666666,0.09090909090909091,0.3333333333333333,804.1558721209879,0.0,0.0,0.0,0.0,0.0,0.0,0.0,0.0,35.0,5154.285714285715,2.8,0.08163265306122448,1.0,0.8763657798782469,-0.8298571428571428,0.0,1.8351543731709958,-0.0,0,5006,41
6000.0,4.0,1500.0,300.0,3000.0,2700.0,0.5,0.05,0.25,1176.860229593982,0.0,0.0,0.0,0.0,0.0,0.0,0.0,0.0,35.0,5154.285714285715,2.8,0.08163265306122448,1.0,0.8763657798782469,-0.8298571428571428,0.0,1.376365779878247,-0.0,0,5007,41
6000.0,3.0,2000.0,1500.0,2300.0,800.0,0.38333333333333336,0.25,0.3333333333333333,355.9026084010437,0.0,0.0,0.0,0.0,0.0,0.0,0.0,0.0,35.0,5154.285714285715,2.8,0.08163265306122448,1.0,0.8763657798782469,-0.8298571428571428,0.0,1.0552137645733226,-0.0,1,5007,41
6000.0,4.0,1500.0,300.0,2300.0,2000.0,0.38333333333333336,0.05,0.25,748.3314773547883,0.0,0.0,0.0,0.0,0.0,0.0,0.0,0.0,35.0,5154.285714285715,2.8,0.08163265306122448,1.0,0.8763657798782469,-0.8298571428571428,0.0,1.0552137645733226,-0.0,0,5007,41
6000.0,4.0,1500.0,400.0,2200.0,1800.0,0.36666666666666664,0.06666666666666667,0.25,681.9090848492928,0.0,0.0,0.0,0.0,0.0,0.0,0.0,0.0,35.0,5154.285714285715,2.8,0.08163265306122448,1.0,0.8763657798782469,-0.8298571428571428,0.0,1.0093349052440477,-0.0,0,5007,41
5600.0,3.0,1866.6666666666667,300.0,2900.0,2600.0,0.5178571428571429,0.05357142857142857,0.33333333333333337,1126.44968324772,0.0,0.0,0.0,0.0,0.0,0.0,0.0,0.0,35.0,5154.285714285715,2.8,0.08163265306122448,1.0,0.8763657798782469,-0.8298571428571428,0.0,1.4255217005881844,-0.0,1,5008,41
5600.0,5.0,1120.0,300.0,2900.0,2600.0,0.5178571428571429,0.05357142857142857,0.2,913.0169768410661,0.0,0.0,0.0,0.0,0.0,0.0,0.0,0.0,35.0,5154.285714285715,2.8,0.08163265306122448,1.0,0.8763657798782469,-0.8298571428571428,0.0,1.4255217005881844,-0.0,0,5008,41
3400.0,2.0,1700.0,800.0,2600.0,1800.0,0.7647058823529411,0.23529411764705882,0.5,900.0,0.0,0.0,0.0,0.0,0.0,0.0,0.0,0.0,35.0,5154.285714285715,2.8,0.08163265306122448,1.0,0.8763657798782469,-0.8298571428571428,0.0,2.1050300162843776,-0.0,1,5009,41
3400.0,3.0,1133.3333333333333,200.0,1800.0,1600.0,0.5294117647058824,0.058823529411764705,0.3333333333333333,679.8692684790379,0.0,0.0,0.0,0.0,0.0,0.0,0.0,0.0,35.0,5154.285714285715,2.8,0.08163265306122448,1.0,0.8763657798782469,-0.8298571428571428,0.0,1.4573284728122615,-0.0,0,5009,41
3400.0,3.0,1133.3333333333333,200.0,1800.0,1600.0,0.5294117647058824,0.058823529411764705,0.3333333333333333,679.8692684790379,0.0,0.0,0.0,0.0,0.0,0.0,0.0,0.0,35.0,5154.285714285715,2.8,0.08163265306122448,1.0,0.8763657798782469,-0.8298571428571428,0.0,1.4573284728122615,-0.0,0,5009,41
2300.0,2.0,1150.0,700.0,1600.0,900.0,0.6956521739130435,0.30434782608695654,0.5,450.0,0.0,0.0,0.0,0.0,3.0,0.0,3.0,1.5,35.0,5154.285714285715,2.8,0.08163265306122448,1.0,0.8763657798782469,-0.8298571428571428,0.0,1.914943693743648,-0.009895714285714285,1,5010,41
2300.0,2.0,1150.0,1000.0,1300.0,300.0,0.5652173913043478,0.43478260869565216,0.5,150.0,0.0,0.0,0.0,0.0,30.0,0.0,30.0,15.0,35.0,5154.285714285715,2.8,0.08163265306122448,1.0,0.8763657798782469,-0.8298571428571428,0.0,1.5558917511667139,-0.09895714285714285,0,5010,41
2300.0,3.0,766.6666666666666,400.0,1300.0,900.0,0.5652173913043478,0.17391304347826086,0.3333333333333333,385.8612300930075,0.0,0.0,0.0,0.0,28.0,0.0,28.0,9.333333333333334,35.0,5154.285714285715,2.8,0.08163265306122448,1.0,0.8763657798782469,-0.8298571428571428,0.0,1.5558917511667139,-0.061573333333333334,0,5010,41
2300.0,3.0,766.6666666666666,400.0,1000.0,600.0,0.43478260869565216,0.17391304347826086,0.3333333333333333,262.46692913372704,0.0,0.0,0.0,0.0,76.0,0.0,76.0,35.333333333333336,35.0,5154.285714285715,2.8,0.08163265306122448,1.0,0.8763657798782469,-0.8298571428571428,0.0,1.19683980858978,-0.23309904761904762,0,5010,41
2300.0,3.0,766.6666666666666,600.0,1000.0,400.0,0.43478260869565216,0.2608695652173913,0.3333333333333333,169.96731711975949,0.0,0.0,0.0,0.0,30.0,0.0,30.0,19.333333333333332,35.0,5154.285714285715,2.8,0.08163265306122448,1.0,0.8763657798782469,-0.8298571428571428,0.0,1.19683980858978,-0.1275447619047619,0,5010,41
5200.0,2.0,2600.0,2200.0,3000.0,800.0,0.5769230769230769,0.4230769230769231,0.5,400.0,0.0,0.0,0.0,0.0,95.0,94.0,1.0,94.5,35.0,5154.285714285715,2.8,0.08163265306122448,1.0,0.8763657798782469,-0.8298571428571428,0.0,1.5881143613979771,-0.6234299999999999,0,5011,41
5200.0,3.0,1733.3333333333333,300.0,3000.0,2700.0,0.5769230769230769,0.057692307692307696,0.3333333333333333,1108.552609887726,0.0,0.0,0.0,0.0,94.0,46.0,48.0,77.66666666666667,35.0,5154.285714285715,2.8,0.08163265306122448,1.0,0.8763657798782469,-0.8298571428571428,0.0,1.5881143613979771,-0.5123780952380953,0,5011,41
5200.0,3.0,1733.3333333333333,300.0,3000.0,2700.0,0.5769230769230769,0.057692307692307696,0.3333333333333333,1108.552609887726,1.0,0.3333333333333333,2.3333333333333335,7.0,94.0,46.0,48.0,67.0,35.0,5154.285714285715,2.8,0.08163265306122448,1.0,0.8763657798782469,-0.8298571428571428,1.0,1.5881143613979771,-0.4420085714285714,1,5011,41
2000.0,2.0,1000.0,300.0,1700.0,1400.0,0.85,0.15,0.5,700.0,0.0,0.0,0.0,0.0,0.0,0.0,0.0,0.0,35.0,5154.285714285715,2.8,0.08163265306122448,1.0,0.8763657798782469,-0.8298571428571428,0.0,2.33982182579302,-0.0,1,5012,41
2000.0,2.0,1000.0,300.0,1700.0,1400.0,0.85,0.15,0.5,700.0,0.0,0.0,0.0,0.0,0.0,0.0,0.0,0.0,35.0,5154.285714285715,2.8,0.08163265306122448,1.0,0.8763657798782469,-0.8298571428571428,0.0,2.33982182579302,-0.0,0,5012,41
2000.0,2.0,1000.0,500.0,1500.0,1000.0,0.75,0.25,0.5,500.0,0.0,0.0,0.0,0.0,10.0,0.0,10.0,5.0,35.0,5154.285714285715,2.8,0.08163265306122448,1.0,0.8763657798782469,-0.8298571428571428,0.0,2.0645486698173703,-0.032985714285714285,0,5012,41
2000.0,3.0,666.6666666666666,100.0,1100.0,1000.0,0.55,0.05,0.3333333333333333,418.9935029992178,0.0,0.0,0.0,0.0,0.0,0.0,0.0,0.0,35.0,5154.285714285715,2.8,0.08163265306122448,1.0,0.8763657798782469,-0.8298571428571428,0.0,1.5140023578660717,-0.0,0,5012,41
2000.0,4.0,500.0,100.0,1100.0,1000.0,0.55,0.05,0.25,374.16573867739413,0.0,0.0,0.0,0.0,10.0,0.0,10.0,2.5,35.0,5154.285714285715,2.8,0.08163265306122448,1.0,0.8763657798782469,-0.8298571428571428,0.0,1.5140023578660717,-0.016492857142857142,0,5012,41
2000.0,4.0,500.0,100.0,1100.0,1000.0,0.55,0.05,0.25,374.16573867739413,0.0,0.0,0.0,0.0,10.0,0.0,10.0,2.5,35.0,5154.285714285715,2.8,0.08163265306122448,1.0,0.8763657798782469,-0.8298571428571428,0.0,1.5140023578660717,-0.016492857142857142,0,5012,41
2000.0,5.0,400.0,100.0,800.0,700.0,0.4,0.05,0.2,236.64319132398464,0.0,0.0,0.0,0.0,10.0,0.0,10.0,2.0,35.0,5154.285714285715,2.8,0.08163265306122448,1.0,0.8763657798782469,-0.8298571428571428,0.0,1.1010926239025975,-0.013194285714285714,0,5012,41
8100.0,4.0,2025.0,500.0,2900.0,2400.0,0.35802469135802467,0.06172839506172839,0.25,941.7404100918682,0.0,0.0,0.0,0.0,61.0,0.0,61.0,22.0,35.0,5154.285714285715,2.8,0.08163265306122448,1.0,0.8763657798782469,-0.8298571428571428,0.0,0.9855458670733126,-0.14513714285714285,1,5013,41
8100.0,5.0,1620.0,100.0,2900.0,2800.0,0.35802469135802467,0.012345679012345678,0.2,1161.7228585166085,0.0,0.0,0.0,0.0,61.0,0.0,61.0,26.2,35.0,5154.285714285715,2.8,0.08163265306122448,1.0,0.8763657798782469,-0.8298571428571428,0.0,0.9855458670733126,-0.17284514285714286,0,5013,41
8100.0,4.0,2025.0,500.0,2900.0,2400.0,0.35802469135802467,0.06172839506172839,0.25,941.7404100918682,0.0,0.0,0.0,0.0,27.0,0.0,27.0,6.75,35.0,5154.285714285715,2.8,0.08163265306122448,1.0,0.8763657798782469,-0.8298571428571428,0.0,0.9855458670733126,-0.044530714285714285,0,5013,41
8100.0,5.0,1620.0,100.0,2900.0,2800.0,0.35802469135802467,0.012345679012345678,0.2,1161.7228585166085,0.0,0.0,0.0,0.0,43.0,0.0,43.0,14.0,35.0,5154.285714285715,2.8,0.08163265306122448,1.0,0.8763657798782469,-0.8298571428571428,0.0,0.9855458670733126,-0.09236000000000001,0,5013,41
8100.0,5.0,1620.0,500.0,2900.0,2400.0,0.35802469135802467,0.06172839506172839,0.2,897.552226892675,0.0,0.0,0.0,0.0,61.0,0.0,61.0,21.2,35.0,5154.285714285715,2.8,0.08163265306122448,1.0,0.8763657798782469,-0.8298571428571428,0.0,0.9855458670733126,-0.13985942857142855,0,5013,41
8100.0,6.0,1350.0,100.0,2900.0,2800.0,0.35802469135802467,0.012345679012345678,0.16666666666666666,1011.1874208078342,0.0,0.0,0.0,0.0,61.0,0.0,61.0,24.833333333333332,35.0,5154.285714285715,2.8,0.08163265306122448,1.0,0.8763657798782469,-0.8298571428571428,0.0,0.9855458670733126,-0.1638290476190476,0,5013,41
8100.0,5.0,1620.0,400.0,2700.0,2300.0,0.3333333333333333,0.04938271604938271,0.2,815.8431221748456,0.0,0.0,0.0,0.0,61.0,0.0,61.0,26.0,35.0,5154.285714285715,2.8,0.08163265306122448,1.0,0.8763657798782469,-0.8298571428571428,0.0,0.9175771865854979,-0.17152571428571428,0,5013,41
1800.0,1.0,1800.0,1800.0,1800.0,0.0,1.0,1.0,1.0,0.0,0.0,0.0,0.0,0.0,0.0,0.0,0.0,0.0,35.0,5154.285714285715,2.8,0.08163265306122448,1.0,0.8763657798782469,-0.8298571428571428,0.0,2.752731559756494,-0.0,1,5014,41
1800.0,1.0,1800.0,1800.0,1800.0,0.0,1.0,1.0,1.0,0.0,0.0,0.0,0.0,0.0,0.0,0.0,0.0,0.0,35.0,5154.285714285715,2.8,0.08163265306122448,1.0,0.8763657798782469,-0.8298571428571428,0.0,2.752731559756494,-0.0,0,5014,41
1800.0,1.0,1800.0,1800.0,1800.0,0.0,1.0,1.0,1.0,0.0,0.0,0.0,0.0,0.0,0.0,0.0,0.0,0.0,35.0,5154.285714285715,2.8,0.08163265306122448,1.0,0.8763657798782469,-0.8298571428571428,0.0,2.752731559756494,-0.0,0,5014,41
1800.0,3.0,600.0,200.0,1000.0,800.0,0.5555555555555556,0.1111111111111111,0.3333333333333333,326.59863237109045,0.0,0.0,0.0,0.0,0.0,0.0,0.0,0.0,35.0,5154.285714285715,2.8,0.08163265306122448,1.0,0.8763657798782469,-0.8298571428571428,0.0,1.52929531097583,-0.0,0,5014,41
3200.0,2.0,1600.0,600.0,2600.0,2000.0,0.8125,0.1875,0.5,1000.0,0.0,0.0,0.0,0.0,0.0,0.0,0.0,0.0,35.0,5154.285714285715,2.8,0.08163265306122448,1.0,0.8763657798782469,-0.8298571428571428,0.0,2.2365943923021514,-0.0,1,5015,41
3200.0,2.0,1600.0,600.0,2600.0,2000.0,0.8125,0.1875,0.5,1000.0,0.0,0.0,0.0,0.0,0.0,0.0,0.0,0.0,35.0,5154.285714285715,2.8,0.08163265306122448,1.0,0.8763657798782469,-0.8298571428571428,0.0,2.2365943923021514,-0.0,0,5015,41
3200.0,3.0,1066.6666666666667,600.0,1800.0,1200.0,0.5625,0.1875,0.33333333333333337,524.9338582674541,0.0,0.0,0.0,0.0,0.0,0.0,0.0,0.0,35.0,5154.285714285715,2.8,0.08163265306122448,1.0,0.8763657798782469,-0.8298571428571428,0.0,1.5484115023630278,-0.0,0,5015,41
3200.0,3.0,1066.6666666666667,600.0,1800.0,1200.0,0.5625,0.1875,0.33333333333333337,524.9338582674541,0.0,0.0,0.0,0.0,0.0,0.0,0.0,0.0,35.0,5154.285714285715,2.8,0.08163265306122448,1.0,0.8763657798782469,-0.8298571428571428,0.0,1.5484115023630278,-0.0,0,5015,41
3200.0,3.0,1066.6666666666667,600.0,1300.0,700.0,0.40625,0.1875,0.33333333333333337,329.98316455372213,0.0,0.0,0.0,0.0,0.0,0.0,0.0,0.0,35.0,5154.285714285715,2.8,0.08163265306122448,1.0,0.8763657798782469,-0.8298571428571428,0.0,1.1182971961510757,-0.0,0,5015,41
2800.0,2.0,1400.0,900.0,1900.0,1000.0,0.6785714285714286,0.32142857142857145,0.5,500.0,0.0,0.0,0.0,0.0,0.0,0.0,0.0,0.0,35.0,5154.285714285715,2.8,0.08163265306122448,1.0,0.8763657798782469,-0.8298571428571428,0.0,1.8679249869776209,-0.0,1,5016,41
2800.0,4.0,700.0,400.0,1100.0,700.0,0.39285714285714285,0.14285714285714285,0.25,308.2207001484488,0.0,0.0,0.0,0.0,0.0,0.0,0.0,0.0,35.0,5154.285714285715,2.8,0.08163265306122448,1.0,0.8763657798782469,-0.8298571428571428,0.0,1.0814302556186226,-0.0,0,5016,41
4700.0,3.0,1566.6666666666667,300.0,2400.0,2100.0,0.5106382978723404,0.06382978723404255,0.33333333333333337,910.4333522498442,0.0,0.0,0.0,0.0,0.0,0.0,0.0,0.0,35.0,5154.285714285715,2.8,0.08163265306122448,1.0,0.8763657798782469,-0.8298571428571428,0.0,1.4056501581735286,-0.0,1,5017,41
4700.0,3.0,1566.6666666666667,300.0,2400.0,2100.0,0.5106382978723404,0.06382978723404255,0.33333333333333337,910.4333522498442,0.0,0.0,0.0,0.0,0.0,0.0,0.0,0.0,35.0,5154.285714285715,2.8,0.08163265306122448,1.0,0.8763657798782469,-0.8298571428571428,0.0,1.4056501581735286,-0.0,0,5017,41
4700.0,3.0,1566.6666666666667,1100.0,2200.0,1100.0,0.46808510638297873,0.23404255319148937,0.33333333333333337,464.27960923947063,0.0,0.0,0.0,0.0,0.0,0.0,0.0,0.0,35.0,5154.285714285715,2.8,0.08163265306122448,1.0,0.8763657798782469,-0.8298571428571428,0.0,1.2885126449924014,-0.0,0,5017,41
4700.0,4.0,1175.0,300.0,2000.0,1700.0,0.425531914893617,0.06382978723404255,0.25,617.9603547154138,0.0,0.0,0.0,0.0,0.0,0.0,0.0,0.0,35.0,5154.285714285715,2.8,0.08163265306122448,1.0,0.8763657798782469,-0.8298571428571428,0.0,1.171375131811274,-0.0,0,5017,41
4700.0,4.0,1175.0,300.0,2000.0,1700.0,0.425531914893617,0.06382978723404255,0.25,617.9603547154138,0.0,0.0,0.0,0.0,0.0,0.0,0.0,0.0,35.0,5154.285714285715,2.8,0.08163265306122448,1.0,0.8763657798782469,-0.8298571428571428,0.0,1.171375131811274,-0.0,0,5017,41
7600.0,4.0,1900.0,1500.0,2200.0,700.0,0.2894736842105263,0.19736842105263158,0.25,308.2207001484488,0.0,0.0,0.0,0.0,77.0,3.0,74.0,37.25,35.0,5154.285714285715,2.8,0.08163265306122448,1.0,0.8763657798782469,-0.8298571428571428,0.0,0.7968433462453008,-0.24574357142857142,1,5018,41
7600.0,5.0,1520.0,300.0,2200.0,1900.0,0.2894736842105263,0.039473684210526314,0.2,696.8500556073739,0.0,0.0,0.0,0.0,97.0,3.0,94.0,52.4,35.0,5154.285714285715,2.8,0.08163265306122448,1.0,0.8763657798782469,-0.8298571428571428,0.0,0.7968433462453008,-0.3456902857142857,0,5018,41
6000.0,3.0,2000.0,800.0,2900.0,2100.0,0.48333333333333334,0.13333333333333333,0.3333333333333333,883.1760866327846,1.0,0.3333333333333333,0.3333333333333333,1.0,76.0,40.0,36.0,61.666666666666664,35.0,5154.285714285715,2.8,0.08163265306122448,1.0,0.8763657798782469,-0.8298571428571428,1.0,1.330486920548972,-0.40682380952380953,1,5019,41
6000.0,3.0,2000.0,1500.0,2900.0,1400.0,0.48333333333333334,0.25,0.3333333333333333,637.7042156569664,0.0,0.0,0.0,0.0,76.0,31.0,45.0,46.666666666666664,35.0,5154.285714285715,2.8,0.08163265306122448,1.0,0.8763657798782469,-0.8298571428571428,0.0,1.330486920548972,-0.3078666666666666,0,5019,41
5600.0,3.0,1866.6666666666667,1400.0,2700.0,1300.0,0.48214285714285715,0.25,0.33333333333333337,590.668171555645,0.0,0.0,0.0,0.0,0.0,0.0,0.0,0.0,35.0,5154.285714285715,2.8,0.08163265306122448,1.0,0.8763657798782469,-0.8298571428571428,0.0,1.3272098591683095,-0.0,0,5020,41
5600.0,3.0,1866.6666666666667,1400.0,2700.0,1300.0,0.48214285714285715,0.25,0.33333333333333337,590.668171555645,0.0,0.0,0.0,0.0,0.0,0.0,0.0,0.0,35.0,5154.285714285715,2.8,0.08163265306122448,1.0,0.8763657798782469,-0.8298571428571428,0.0,1.3272098591683095,-0.0,0,5020,41
5600.0,3.0,1866.6666666666667,1400.0,2700.0,1300.0,0.48214285714285715,0.25,0.33333333333333337,590.668171555645,0.0,0.0,0.0,0.0,0.0,0.0,0.0,0.0,35.0,5154.285714285715,2.8,0.08163265306122448,1.0,0.8763657798782469,-0.8298571428571428,0.0,1.3272098591683095,-0.0,0,5020,41
5600.0,3.0,1866.6666666666667,1500.0,2500.0,1000.0,0.44642857142857145,0.26785714285714285,0.33333333333333337,449.6912521077347,0.0,0.0,0.0,0.0,0.0,0.0,0.0,0.0,35.0,5154.285714285715,2.8,0.08163265306122448,1.0,0.8763657798782469,-0.8298571428571428,0.0,1.2288980177484348,-0.0,1,5020,41
5600.0,3.0,1866.6666666666667,1500.0,2500.0,1000.0,0.44642857142857145,0.26785714285714285,0.33333333333333337,449.6912521077347,0.0,0.0,0.0,0.0,0.0,0.0,0.0,0.0,35.0,5154.285714285715,2.8,0.08163265306122448,1.0,0.8763657798782469,-0.8298571428571428,0.0,1.2288980177484348,-0.0,0,5020,41
5600.0,3.0,1866.6666666666667,1500.0,2500.0,1000.0,0.44642857142857145,0.26785714285714285,0.33333333333333337,449.6912521077347,0.0,0.0,0.0,0.0,0.0,0.0,0.0,0.0,35.0,5154.285714285715,2.8,0.08163265306122448,1.0,0.8763657798782469,-0.8298571428571428,0.0,1.2288980177484348,-0.0,0,5020,41
5600.0,3.0,1866.6666666666667,1500.0,2500.0,1000.0,0.44642857142857145,0.26785714285714285,0.33333333333333337,449.6912521077347,0.0,0.0,0.0,0.0,0.0,0.0,0.0,0.0,35.0,5154.285714285715,2.8,0.08163265306122448,1.0,0.8763657798782469,-0.8298571428571428,0.0,1.2288980177484348,-0.0,0,5020,41
5600.0,3.0,1866.6666666666667,1500.0,2500.0,1000.0,0.44642857142857145,0.26785714285714285,0.33333333333333337,449.6912521077347,0.0,0.0,0.0,0.0,0.0,0.0,0.0,0.0,35.0,5154.285714285715,2.8,0.08163265306122448,1.0,0.8763657798782469,-0.8298571428571428,0.0,1.2288980177484348,-0.0,0,5020,41
5600.0,3.0,1866.6666666666667,1500.0,2500.0,1000.0,0.44642857142857145,0.26785714285714285,0.33333333333333337,449.6912521077347,0.0,0.0,0.0,0.0,0.0,0.0,0.0,0.0,35.0,5154.285714285715,2.8,0.08163265306122448,1.0,0.8763657798782469,-0.8298571428571428,0.0,1.2288980177484348,-0.0,0,5020,41
4400.0,3.0,1466.6666666666667,300.0,2300.0,2000.0,0.5227272727272727,0.06818181818181818,0.33333333333333337,849.8365855987975,0.0,0.0,0.0,0.0,0.0,0.0,0.0,0.0,35.0,5154.285714285715,2.8,0.08163265306122448,1.0,0.8763657798782469,-0.8298571428571428,0.0,1.4389278607818035,-0.0,1,5021,41
4400.0,3.0,1466.6666666666667,800.0,2300.0,1500.0,0.5227272727272727,0.18181818181818182,0.33333333333333337,623.6095644623235,0.0,0.0,0.0,0.0,0.0,0.0,0.0,0.0,35.0,5154.285714285715,2.8,0.08163265306122448,1.0,0.8763657798782469,-0.8298571428571428,0.0,1.4389278607818035,-0.0,0,5021,41
4400.0,4.0,1100.0,200.0,2300.0,2100.0,0.5227272727272727,0.045454545454545456,0.25,764.8529270389178,0.0,0.0,0.0,0.0,0.0,0.0,0.0,0.0,35.0,5154.285714285715,2.8,0.08163265306122448,1.0,0.8763657798782469,-0.8298571428571428,0.0,1.4389278607818035,-0.0,0,5021,41
4400.0,4.0,1100.0,200.0,1800.0,1600.0,0.4090909090909091,0.045454545454545456,0.25,578.7918451395112,0.0,0.0,0.0,0.0,0.0,0.0,0.0,0.0,35.0,5154.285714285715,2.8,0.08163265306122448,1.0,0.8763657798782469,-0.8298571428571428,0.0,1.1261174562640204,-0.0,0,5021,41
4400.0,5.0,880.0,200.0,1800.0,1600.0,0.4090909090909091,0.045454545454545456,0.2,604.6486583132389,0.0,0.0,0.0,0.0,0.0,0.0,0.0,0.0,35.0,5154.285714285715,2.8,0.08163265306122448,1.0,0.8763657798782469,-0.8298571428571428,0.0,1.1261174562640204,-0.0,0,5021,41
5900.0,3.0,1966.6666666666667,300.0,3000.0,2700.0,0.5084745762711864,0.05084745762711865,0.33333333333333337,1189.7712198383163,0.0,0.0,0.0,0.0,0.0,0.0,0.0,0.0,35.0,5154.285714285715,2.8,0.08163265306122448,1.0,0.8763657798782469,-0.8298571428571428,0.0,1.3996940134355054,-0.0,0,5022,41
5900.0,3.0,1966.6666666666667,500.0,3000.0,2500.0,0.5084745762711864,0.0847457627118644,0.33333333333333337,1065.6244908763854,0.0,0.0,0.0,0.0,0.0,0.0,0.0,0.0,35.0,5154.285714285715,2.8,0.08163265306122448,1.0,0.8763657798782469,-0.8298571428571428,0.0,1.3996940134355054,-0.0,0,5022,41
5900.0,4.0,1475.0,500.0,3000.0,2500.0,0.5084745762711864,0.0847457627118644,0.25,1018.2705927208151,0.0,0.0,0.0,0.0,0.0,0.0,0.0,0.0,35.0,5154.285714285715,2.8,0.08163265306122448,1.0,0.8763657798782469,-0.8298571428571428,0.0,1.3996940134355054,-0.0,0,5022,41
5900.0,3.0,1966.6666666666667,1300.0,3000.0,1700.0,0.5084745762711864,0.22033898305084745,0.33333333333333337,740.8703590297623,0.0,0.0,0.0,0.0,0.0,0.0,0.0,0.0,35.0,5154.285714285715,2.8,0.08163265306122448,1.0,0.8763657798782469,-0.8298571428571428,0.0,1.3996940134355054,-0.0,1,5022,41
5900.0,3.0,1966.6666666666667,1300.0,3000.0,1700.0,0.5084745762711864,0.22033898305084745,0.33333333333333337,740.8703590297623,0.0,0.0,0.0,0.0,0.0,0.0,0.0,0.0,35.0,5154.285714285715,2.8,0.08163265306122448,1.0,0.8763657798782469,-0.8298571428571428,0.0,1.3996940134355054,-0.0,0,5022,41
5900.0,6.0,983.3333333333334,100.0,3000.0,2900.0,0.5084745762711864,0.01694915254237288,0.16666666666666669,988.966913276453,0.0,0.0,0.0,0.0,0.0,0.0,0.0,0.0,35.0,5154.285714285715,2.8,0.08163265306122448,1.0,0.8763657798782469,-0.8298571428571428,0.0,1.3996940134355054,-0.0,0,5022,41
5900.0,4.0,1475.0,300.0,3000.0,2700.0,0.5084745762711864,0.05084745762711865,0.25,970.5024471890836,0.0,0.0,0.0,0.0,0.0,0.0,0.0,0.0,35.0,5154.285714285715,2.8,0.08163265306122448,1.0,0.8763657798782469,-0.8298571428571428,0.0,1.3996940134355054,-0.0,0,5022,41
5900.0,4.0,1475.0,300.0,2600.0,2300.0,0.4406779661016949,0.05084745762711865,0.25,1032.89641300568,0.0,0.0,0.0,0.0,0.0,0.0,0.0,0.0,35.0,5154.285714285715,2.8,0.08163265306122448,1.0,0.8763657798782469,-0.8298571428571428,0.0,1.2130681449774379,-0.0,0,5022,41
5900.0,5.0,1180.0,100.0,2600.0,2500.0,0.4406779661016949,0.01694915254237288,0.2,1087.0142593360954,0.0,0.0,0.0,0.0,0.0,0.0,0.0,0.0,35.0,5154.285714285715,2.8,0.08163265306122448,1.0,0.8763657798782469,-0.8298571428571428,0.0,1.2130681449774379,-0.0,0,5022,41
5900.0,4.0,1475.0,100.0,2600.0,2500.0,0.4406779661016949,0.01694915254237288,0.25,903.811374126261,0.0,0.0,0.0,0.0,0.0,0.0,0.0,0.0,35.0,5154.285714285715,2.8,0.08163265306122448,1.0,0.8763657798782469,-0.8298571428571428,0.0,1.2130681449774379,-0.0,0,5022,41
5900.0,6.0,983.3333333333334,100.0,2600.0,2500.0,0.4406779661016949,0.01694915254237288,0.16666666666666669,904.4642367476756,0.0,0.0,0.0,0.0,0.0,0.0,0.0,0.0,35.0,5154.285714285715,2.8,0.08163265306122448,1.0,0.8763657798782469,-0.8298571428571428,0.0,1.2130681449774379,-0.0,0,5022,41
5900.0,4.0,1475.0,300.0,2600.0,2300.0,0.4406779661016949,0.05084745762711865,0.25,816.6241485530537,0.0,0.0,0.0,0.0,0.0,0.0,0.0,0.0,35.0,5154.285714285715,2.8,0.08163265306122448,1.0,0.8763657798782469,-0.8298571428571428,0.0,1.2130681449774379,-0.0,0,5022,41
5900.0,5.0,1180.0,100.0,2600.0,2500.0,0.4406779661016949,0.01694915254237288,0.2,910.823802938856,0.0,0.0,0.0,0.0,0.0,0.0,0.0,0.0,35.0,5154.285714285715,2.8,0.08163265306122448,1.0,0.8763657798782469,-0.8298571428571428,0.0,1.2130681449774379,-0.0,0,5022,41
5900.0,5.0,1180.0,100.0,2600.0,2500.0,0.4406779661016949,0.01694915254237288,0.2,910.823802938856,0.0,0.0,0.0,0.0,0.0,0.0,0.0,0.0,35.0,5154.285714285715,2.8,0.08163265306122448,1.0,0.8763657798782469,-0.8298571428571428,0.0,1.2130681449774379,-0.0,0,5022,41
5900.0,4.0,1475.0,600.0,2600.0,2000.0,0.4406779661016949,0.1016949152542373,0.25,718.9401922274203,0.0,0.0,0.0,0.0,0.0,0.0,0.0,0.0,35.0,5154.285714285715,2.8,0.08163265306122448,1.0,0.8763657798782469,-0.8298571428571428,0.0,1.2130681449774379,-0.0,0,5022,41
5900.0,5.0,1180.0,100.0,2600.0,2500.0,0.4406779661016949,0.01694915254237288,0.2,861.1620056644394,0.0,0.0,0.0,0.0,0.0,0.0,0.0,0.0,35.0,5154.285714285715,2.8,0.08163265306122448,1.0,0.8763657798782469,-0.8298571428571428,0.0,1.2130681449774379,-0.0,0,5022,41
5900.0,4.0,1475.0,600.0,2600.0,2000.0,0.4406779661016949,0.1016949152542373,0.25,718.9401922274203,0.0,0.0,0.0,0.0,0.0,0.0,0.0,0.0,35.0,5154.285714285715,2.8,0.08163265306122448,1.0,0.8763657798782469,-0.8298571428571428,0.0,1.2130681449774379,-0.0,0,5022,41
5900.0,5.0,1180.0,100.0,2600.0,2500.0,0.4406779661016949,0.01694915254237288,0.2,861.1620056644394,0.0,0.0,0.0,0.0,0.0,0.0,0.0,0.0,35.0,5154.285714285715,2.8,0.08163265306122448,1.0,0.8763657798782469,-0.8298571428571428,0.0,1.2130681449774379,-0.0,0,5022,41
5900.0,5.0,1180.0,100.0,2600.0,2500.0,0.4406779661016949,0.01694915254237288,0.2,842.3775875461075,0.0,0.0,0.0,0.0,0.0,0.0,0.0,0.0,35.0,5154.285714285715,2.8,0.08163265306122448,1.0,0.8763657798782469,-0.8298571428571428,0.0,1.2130681449774379,-0.0,0,5022,41
5900.0,4.0,1475.0,100.0,2400.0,2300.0,0.4067796610169492,0.01694915254237288,0.25,846.6847110938049,0.0,0.0,0.0,0.0,0.0,0.0,0.0,0.0,35.0,5154.285714285715,2.8,0.08163265306122448,1.0,0.8763657798782469,-0.8298571428571428,0.0,1.1197552107484043,-0.0,0,5022,41
5900.0,4.0,1475.0,300.0,2400.0,2100.0,0.4067796610169492,0.05084745762711865,0.25,766.0776723022282,0.0,0.0,0.0,0.0,0.0,0.0,0.0,0.0,35.0,5154.285714285715,2.8,0.08163265306122448,1.0,0.8763657798782469,-0.8298571428571428,0.0,1.1197552107484043,-0.0,0,5022,41
5900.0,5.0,1180.0,100.0,2400.0,2300.0,0.4067796610169492,0.01694915254237288,0.2,874.9857141690943,0.0,0.0,0.0,0.0,0.0,0.0,0.0,0.0,35.0,5154.285714285715,2.8,0.08163265306122448,1.0,0.8763657798782469,-0.8298571428571428,0.0,1.1197552107484043,-0.0,0,5022,41
5900.0,5.0,1180.0,100.0,2400.0,2300.0,0.4067796610169492,0.01694915254237288,0.2,874.9857141690943,0.0,0.0,0.0,0.0,0.0,0.0,0.0,0.0,35.0,5154.285714285715,2.8,0.08163265306122448,1.0,0.8763657798782469,-0.8298571428571428,0.0,1.1197552107484043,-0.0,0,5022,41
5900.0,4.0,1475.0,500.0,2400.0,1900.0,0.4067796610169492,0.0847457627118644,0.25,675.9252917297887,0.0,0.0,0.0,0.0,0.0,0.0,0.0,0.0,35.0,5154.285714285715,2.8,0.08163265306122448,1.0,0.8763657798782469,-0.8298571428571428,0.0,1.1197552107484043,-0.0,0,5022,41
5900.0,4.0,1475.0,600.0,2400.0,1800.0,0.4067796610169492,0.1016949152542373,0.25,645.6585785072479,0.0,0.0,0.0,0.0,0.0,0.0,0.0,0.0,35.0,5154.285714285715,2.8,0.08163265306122448,1.0,0.8763657798782469,-0.8298571428571428,0.0,1.1197552107484043,-0.0,0,5022,41
5900.0,5.0,1180.0,100.0,2400.0,2300.0,0.4067796610169492,0.01694915254237288,0.2,813.3879763065102,0.0,0.0,0.0,0.0,0.0,0.0,0.0,0.0,35.0,5154.285714285715,2.8,0.08163265306122448,1.0,0.8763657798782469,-0.8298571428571428,0.0,1.1197552107484043,-0.0,0,5022,41
5900.0,4.0,1475.0,600.0,2400.0,1800.0,0.4067796610169492,0.1016949152542373,0.25,645.6585785072479,0.0,0.0,0.0,0.0,0.0,0.0,0.0,0.0,35.0,5154.285714285715,2.8,0.08163265306122448,1.0,0.8763657798782469,-0.8298571428571428,0.0,1.1197552107484043,-0.0,0,5022,41
5900.0,5.0,1180.0,100.0,2400.0,2300.0,0.4067796610169492,0.01694915254237288,0.2,813.3879763065102,0.0,0.0,0.0,0.0,0.0,0.0,0.0,0.0,35.0,5154.285714285715,2.8,0.08163265306122448,1.0,0.8763657798782469,-0.8298571428571428,0.0,1.1197552107484043,-0.0,0,5022,41
5900.0,5.0,1180.0,300.0,2400.0,2100.0,0.4067796610169492,0.05084745762711865,0.2,746.7261881037788,0.0,0.0,0.0,0.0,0.0,0.0,0.0,0.0,35.0,5154.285714285715,2.8,0.08163265306122448,1.0,0.8763657798782469,-0.8298571428571428,0.0,1.1197552107484043,-0.0,0,5022,41
5900.0,5.0,1180.0,300.0,2400.0,2100.0,0.4067796610169492,0.05084745762711865,0.2,746.7261881037788,0.0,0.0,0.0,0.0,0.0,0.0,0.0,0.0,35.0,5154.285714285715,2.8,0.08163265306122448,1.0,0.8763657798782469,-0.8298571428571428,0.0,1.1197552107484043,-0.0,0,5022,41
5900.0,5.0,1180.0,300.0,2400.0,2100.0,0.4067796610169492,0.05084745762711865,0.2,724.9827584156743,0.0,0.0,0.0,0.0,0.0,0.0,0.0,0.0,35.0,5154.285714285715,2.8,0.08163265306122448,1.0,0.8763657798782469,-0.8298571428571428,0.0,1.1197552107484043,-0.0,0,5022,41
5900.0,6.0,983.3333333333334,100.0,2400.0,2300.0,0.4067796610169492,0.01694915254237288,0.16666666666666669,784.042232422605,0.0,0.0,0.0,0.0,0.0,0.0,0.0,0.0,35.0,5154.285714285715,2.8,0.08163265306122448,1.0,0.8763657798782469,-0.8298571428571428,0.0,1.1197552107484043,-0.0,0,5022,41
5900.0,5.0,1180.0,500.0,1800.0,1300.0,0.3050847457627119,0.0847457627118644,0.2,530.659966456864,0.0,0.0,0.0,0.0,0.0,0.0,0.0,0.0,35.0,5154.285714285715,2.8,0.08163265306122448,1.0,0.8763657798782469,-0.8298571428571428,0.0,0.8398164080613033,-0.0,0,5022,41
5900.0,6.0,983.3333333333334,100.0,1800.0,1700.0,0.3050847457627119,0.01694915254237288,0.16666666666666669,620.2598021976132,0.0,0.0,0.0,0.0,0.0,0.0,0.0,0.0,35.0,5154.285714285715,2.8,0.08163265306122448,1.0,0.8763657798782469,-0.8298571428571428,0.0,0.8398164080613033,-0.0,0,5022,41
5900.0,6.0,983.3333333333334,100.0,1800.0,1700.0,0.3050847457627119,0.01694915254237288,0.16666666666666669,620.2598021976132,0.0,0.0,0.0,0.0,0.0,0.0,0.0,0.0,35.0,5154.285714285715,2.8,0.08163265306122448,1.0,0.8763657798782469,-0.8298571428571428,0.0,0.8398164080613033,-0.0,0,5022,41
5900.0,5.0,1180.0,100.0,1800.0,1700.0,0.3050847457627119,0.01694915254237288,0.2,570.6137047074842,0.0,0.0,0.0,0.0,0.0,0.0,0.0,0.0,35.0,5154.285714285715,2.8,0.08163265306122448,1.0,0.8763657798782469,-0.8298571428571428,0.0,0.8398164080613033,-0.0,0,5022,41
5900.0,6.0,983.3333333333334,300.0,1800.0,1500.0,0.3050847457627119,0.05084745762711865,0.16666666666666669,545.94464513864,0.0,0.0,0.0,0.0,0.0,0.0,0.0,0.0,35.0,5154.285714285715,2.8,0.08163265306122448,1.0,0.8763657798782469,-0.8298571428571428,0.0,0.8398164080613033,-0.0,0,5022,41
5900.0,6.0,983.3333333333334,300.0,1800.0,1500.0,0.3050847457627119,0.05084745762711865,0.16666666666666669,545.94464513864,0.0,0.0,0.0,0.0,0.0,0.0,0.0,0.0,35.0,5154.285714285715,2.8,0.08163265306122448,1.0,0.8763657798782469,-0.8298571428571428,0.0,0.8398164080613033,-0.0,0,5022,41
5900.0,7.0,842.8571428571429,100.0,1800.0,1700.0,0.3050847457627119,0.01694915254237288,0.14285714285714285,580.2884574739973,0.0,0.0,0.0,0.0,0.0,0.0,0.0,0.0,35.0,5154.285714285715,2.8,0.08163265306122448,1.0,0.8763657798782469,-0.8298571428571428,0.0,0.8398164080613033,-0.0,0,5022,41
5900.0,5.0,1180.0,300.0,1600.0,1300.0,0.2711864406779661,0.05084745762711865,0.2,453.43136195018536,0.0,0.0,0.0,0.0,0.0,0.0,0.0,0.0,35.0,5154.285714285715,2.8,0.08163265306122448,1.0,0.8763657798782469,-0.8298571428571428,0.0,0.7465034738322696,-0.0,0,5022,41
7500.0,3.0,2500.0,2500.0,2500.0,0.0,0.3333333333333333,0.3333333333333333,0.3333333333333333,0.0,0.0,0.0,0.0,0.0,53.0,0.0,53.0,17.666666666666668,35.0,5154.285714285715,2.8,0.08163265306122448,1.0,0.8763657798782469,-0.8298571428571428,0.0,0.9175771865854979,-0.11654952380952381,1,5023,41
7500.0,4.0,1875.0,900.0,2500.0,1600.0,0.3333333333333333,0.12,0.25,672.2164829874376,0.0,0.0,0.0,0.0,53.0,0.0,53.0,26.5,35.0,5154.285714285715,2.8,0.08163265306122448,1.0,0.8763657798782469,-0.8298571428571428,0.0,0.9175771865854979,-0.1748242857142857,0,5023,41
7500.0,5.0,1500.0,200.0,2500.0,2300.0,0.3333333333333333,0.02666666666666667,0.2,931.6651759081693,0.0,0.0,0.0,0.0,54.0,0.0,54.0,21.4,35.0,5154.285714285715,2.8,0.08163265306122448,1.0,0.8763657798782469,-0.8298571428571428,0.0,0.9175771865854979,-0.14117885714285713,0,5023,41
7500.0,4.0,1875.0,900.0,2500.0,1600.0,0.3333333333333333,0.12,0.25,672.2164829874376,0.0,0.0,0.0,0.0,53.0,0.0,53.0,13.25,35.0,5154.285714285715,2.8,0.08163265306122448,1.0,0.8763657798782469,-0.8298571428571428,0.0,0.9175771865854979,-0.08741214285714285,0,5023,41
7500.0,5.0,1500.0,200.0,2500.0,2300.0,0.3333333333333333,0.02666666666666667,0.2,931.6651759081693,0.0,0.0,0.0,0.0,54.0,0.0,54.0,10.8,35.0,5154.285714285715,2.8,0.08163265306122448,1.0,0.8763657798782469,-0.8298571428571428,0.0,0.9175771865854979,-0.07124914285714286,0,5023,41
7500.0,4.0,1875.0,900.0,2500.0,1600.0,0.3333333333333333,0.12,0.25,672.2164829874376,0.0,0.0,0.0,0.0,53.0,0.0,53.0,26.5,35.0,5154.285714285715,2.8,0.08163265306122448,1.0,0.8763657798782469,-0.8298571428571428,0.0,0.9175771865854979,-0.1748242857142857,0,5023,41
7500.0,5.0,1500.0,200.0,2500.0,2300.0,0.3333333333333333,0.02666666666666667,0.2,931.6651759081693,0.0,0.0,0.0,0.0,54.0,0.0,54.0,21.4,35.0,5154.285714285715,2.8,0.08163265306122448,1.0,0.8763657798782469,-0.8298571428571428,0.0,0.9175771865854979,-0.14117885714285713,0,5023,41
5400.0,3.0,1800.0,400.0,3000.0,2600.0,0.5555555555555556,0.07407407407407407,0.3333333333333333,1070.8252269472673,0.0,0.0,0.0,0.0,0.0,0.0,0.0,0.0,35.0,5154.285714285715,2.8,0.08163265306122448,1.0,0.8763657798782469,-0.8298571428571428,0.0,1.52929531097583,-0.0,0,5024,41
5400.0,4.0,1350.0,400.0,3000.0,2600.0,0.5555555555555556,0.07407407407407407,0.25,1006.2305898749054,0.0,0.0,0.0,0.0,0.0,0.0,0.0,0.0,35.0,5154.285714285715,2.8,0.08163265306122448,1.0,0.8763657798782469,-0.8298571428571428,0.0,1.52929531097583,-0.0,0,5024,41
5400.0,5.0,1080.0,300.0,3000.0,2700.0,0.5555555555555556,0.05555555555555555,0.2,990.7572861200669,0.0,0.0,0.0,0.0,0.0,0.0,0.0,0.0,35.0,5154.285714285715,2.8,0.08163265306122448,1.0,0.8763657798782469,-0.8298571428571428,0.0,1.52929531097583,-0.0,0,5024,41
5400.0,4.0,1350.0,300.0,2800.0,2500.0,0.5185185185185185,0.05555555555555555,0.25,912.4143795447329,0.0,0.0,0.0,0.0,0.0,0.0,0.0,0.0,35.0,5154.285714285715,2.8,0.08163265306122448,1.0,0.8763657798782469,-0.8298571428571428,0.0,1.4273422902441077,-0.0,0,5024,41
5400.0,3.0,1800.0,400.0,2500.0,2100.0,0.46296296296296297,0.07407407407407407,0.3333333333333333,989.9494936611666,0.0,0.0,0.0,0.0,0.0,0.0,0.0,0.0,35.0,5154.285714285715,2.8,0.08163265306122448,1.0,0.8763657798782469,-0.8298571428571428,0.0,1.2744127591465249,-0.0,1,5024,41
5400.0,5.0,1080.0,400.0,2000.0,1600.0,0.37037037037037035,0.07407407407407407,0.2,549.1812087098392,0.0,0.0,0.0,0.0,0.0,0.0,0.0,0.0,35.0,5154.285714285715,2.8,0.08163265306122448,1.0,0.8763657798782469,-0.8298571428571428,0.0,1.0195302073172199,-0.0,0,5024,41
6500.0,4.0,1625.0,100.0,2700.0,2600.0,0.4153846153846154,0.015384615384615385,0.25,998.4362773857929,0.0,0.0,0.0,0.0,0.0,0.0,0.0,0.0,35.0,5154.285714285715,2.8,0.08163265306122448,1.0,0.8763657798782469,-0.8298571428571428,0.0,1.1434423402065437,-0.0,1,5025,41
6500.0,5.0,1300.0,100.0,2700.0,2600.0,0.4153846153846154,0.015384615384615385,0.2,901.1104260855047,0.0,0.0,0.0,0.0,0.0,0.0,0.0,0.0,35.0,5154.285714285715,2.8,0.08163265306122448,1.0,0.8763657798782469,-0.8298571428571428,0.0,1.1434423402065437,-0.0,0,5025,41
9900.0,4.0,2475.0,1600.0,2900.0,1300.0,0.29292929292929293,0.16161616161616163,0.25,516.5994579942956,0.0,0.0,0.0,0.0,0.0,0.0,0.0,0.0,35.0,5154.285714285715,2.8,0.08163265306122448,1.0,0.8763657798782469,-0.8298571428571428,0.0,0.8063557094236194,-0.0,0,5026,41
9900.0,5.0,1980.0,700.0,2900.0,2200.0,0.29292929292929293,0.0707070707070707,0.2,970.3607576566562,0.0,0.0,0.0,0.0,0.0,0.0,0.0,0.0,35.0,5154.285714285715,2.8,0.08163265306122448,1.0,0.8763657798782469,-0.8298571428571428,0.0,0.8063557094236194,-0.0,0,5026,41
9900.0,4.0,2475.0,1800.0,2900.0,1100.0,0.29292929292929293,0.18181818181818182,0.25,432.29041164476456,0.0,0.0,0.0,0.0,0.0,0.0,0.0,0.0,35.0,5154.285714285715,2.8,0.08163265306122448,1.0,0.8763657798782469,-0.8298571428571428,0.0,0.8063557094236194,-0.0,1,5026,41
9900.0,5.0,1980.0,700.0,2900.0,2200.0,0.29292929292929293,0.0707070707070707,0.2,906.4215354899728,0.0,0.0,0.0,0.0,0.0,0.0,0.0,0.0,35.0,5154.285714285715,2.8,0.08163265306122448,1.0,0.8763657798782469,-0.8298571428571428,0.0,0.8063557094236194,-0.0,0,5026,41
9900.0,5.0,1980.0,700.0,2900.0,2200.0,0.29292929292929293,0.0707070707070707,0.2,906.4215354899728,0.0,0.0,0.0,0.0,0.0,0.0,0.0,0.0,35.0,5154.285714285715,2.8,0.08163265306122448,1.0,0.8763657798782469,-0.8298571428571428,0.0,0.8063557094236194,-0.0,0,5026,41
9900.0,4.0,2475.0,1800.0,2900.0,1100.0,0.29292929292929293,0.18181818181818182,0.25,414.578098794425,0.0,0.0,0.0,0.0,0.0,0.0,0.0,0.0,35.0,5154.285714285715,2.8,0.08163265306122448,1.0,0.8763657798782469,-0.8298571428571428,0.0,0.8063557094236194,-0.0,0,5026,41
9900.0,5.0,1980.0,700.0,2900.0,2200.0,0.29292929292929293,0.0707070707070707,0.2,899.7777503361594,0.0,0.0,0.0,0.0,0.0,0.0,0.0,0.0,35.0,5154.285714285715,2.8,0.08163265306122448,1.0,0.8763657798782469,-0.8298571428571428,0.0,0.8063557094236194,-0.0,0,5026,41
9900.0,5.0,1980.0,700.0,2900.0,2200.0,0.29292929292929293,0.0707070707070707,0.2,899.7777503361594,0.0,0.0,0.0,0.0,0.0,0.0,0.0,0.0,35.0,5154.285714285715,2.8,0.08163265306122448,1.0,0.8763657798782469,-0.8298571428571428,0.0,0.8063557094236194,-0.0,0,5026,41
9900.0,5.0,1980.0,900.0,2900.0,2000.0,0.29292929292929293,0.09090909090909091,0.2,735.9347797189639,0.0,0.0,0.0,0.0,0.0,0.0,0.0,0.0,35.0,5154.285714285715,2.8,0.08163265306122448,1.0,0.8763657798782469,-0.8298571428571428,0.0,0.8063557094236194,-0.0,0,5026,41
9900.0,6.0,1650.0,700.0,2900.0,2200.0,0.29292929292929293,0.0707070707070707,0.16666666666666666,859.7480251019286,0.0,0.0,0.0,0.0,0.0,0.0,0.0,0.0,35.0,5154.285714285715,2.8,0.08163265306122448,1.0,0.8763657798782469,-0.8298571428571428,0.0,0.8063557094236194,-0.0,0,5026,41
9900.0,6.0,1650.0,700.0,2900.0,2200.0,0.29292929292929293,0.0707070707070707,0.16666666666666666,859.7480251019286,0.0,0.0,0.0,0.0,0.0,0.0,0.0,0.0,35.0,5154.285714285715,2.8,0.08163265306122448,1.0,0.8763657798782469,-0.8298571428571428,0.0,0.8063557094236194,-0.0,0,5026,41
9900.0,5.0,1980.0,900.0,2900.0,2000.0,0.29292929292929293,0.09090909090909091,0.2,818.2909018191514,0.0,0.0,0.0,0.0,0.0,0.0,0.0,0.0,35.0,5154.285714285715,2.8,0.08163265306122448,1.0,0.8763657798782469,-0.8298571428571428,0.0,0.8063557094236194,-0.0,0,5026,41
9900.0,5.0,1980.0,900.0,2900.0,2000.0,0.29292929292929293,0.09090909090909091,0.2,818.2909018191514,0.0,0.0,0.0,0.0,0.0,0.0,0.0,0.0,35.0,5154.285714285715,2.8,0.08163265306122448,1.0,0.8763657798782469,-0.8298571428571428,0.0,0.8063557094236194,-0.0,0,5026,41
9900.0,5.0,1980.0,1100.0,2900.0,1800.0,0.29292929292929293,0.1111111111111111,0.2,643.1174076325411,0.0,0.0,0.0,0.0,0.0,0.0,0.0,0.0,35.0,5154.285714285715,2.8,0.08163265306122448,1.0,0.8763657798782469,-0.8298571428571428,0.0,0.8063557094236194,-0.0,0,5026,41
9900.0,5.0,1980.0,1100.0,2900.0,1800.0,0.29292929292929293,0.1111111111111111,0.2,643.1174076325411,0.0,0.0,0.0,0.0,0.0,0.0,0.0,0.0,35.0,5154.285714285715,2.8,0.08163265306122448,1.0,0.8763657798782469,-0.8298571428571428,0.0,0.8063557094236194,-0.0,0,5026,41
9900.0,6.0,1650.0,700.0,2900.0,2200.0,0.29292929292929293,0.0707070707070707,0.16666666666666666,824.1156876717411,0.0,0.0,0.0,0.0,0.0,0.0,0.0,0.0,35.0,5154.285714285715,2.8,0.08163265306122448,1.0,0.8763657798782469,-0.8298571428571428,0.0,0.8063557094236194,-0.0,0,5026,41
9900.0,6.0,1650.0,700.0,2900.0,2200.0,0.29292929292929293,0.0707070707070707,0.16666666666666666,824.1156876717411,0.0,0.0,0.0,0.0,0.0,0.0,0.0,0.0,35.0,5154.285714285715,2.8,0.08163265306122448,1.0,0.8763657798782469,-0.8298571428571428,0.0,0.8063557094236194,-0.0,0,5026,41
9900.0,6.0,1650.0,700.0,2900.0,2200.0,0.29292929292929293,0.0707070707070707,0.16666666666666666,795.2986860293433,0.0,0.0,0.0,0.0,0.0,0.0,0.0,0.0,35.0,5154.285714285715,2.8,0.08163265306122448,1.0,0.8763657798782469,-0.8298571428571428,0.0,0.8063557094236194,-0.0,0,5026,41
9900.0,4.0,2475.0,1800.0,2800.0,1000.0,0.2828282828282828,0.18181818181818182,0.25,396.0744879438715,0.0,0.0,0.0,0.0,0.0,0.0,0.0,0.0,35.0,5154.285714285715,2.8,0.08163265306122448,1.0,0.8763657798782469,-0.8298571428571428,0.0,0.7785503401331497,-0.0,0,5026,41
9900.0,5.0,1980.0,700.0,2800.0,2100.0,0.2828282828282828,0.0707070707070707,0.2,893.0845424706442,0.0,0.0,0.0,0.0,0.0,0.0,0.0,0.0,35.0,5154.285714285715,2.8,0.08163265306122448,1.0,0.8763657798782469,-0.8298571428571428,0.0,0.7785503401331497,-0.0,0,5026,41
9900.0,5.0,1980.0,700.0,2800.0,2100.0,0.2828282828282828,0.0707070707070707,0.2,893.0845424706442,0.0,0.0,0.0,0.0,0.0,0.0,0.0,0.0,35.0,5154.285714285715,2.8,0.08163265306122448,1.0,0.8763657798782469,-0.8298571428571428,0.0,0.7785503401331497,-0.0,0,5026,41
9900.0,5.0,1980.0,900.0,2800.0,1900.0,0.2828282828282828,0.09090909090909091,0.2,813.3879763065102,0.0,0.0,0.0,0.0,0.0,0.0,0.0,0.0,35.0,5154.285714285715,2.8,0.08163265306122448,1.0,0.8763657798782469,-0.8298571428571428,0.0,0.7785503401331497,-0.0,0,5026,41
9900.0,5.0,1980.0,900.0,2800.0,1900.0,0.2828282828282828,0.09090909090909091,0.2,813.3879763065102,0.0,0.0,0.0,0.0,0.0,0.0,0.0,0.0,35.0,5154.285714285715,2.8,0.08163265306122448,1.0,0.8763657798782469,-0.8298571428571428,0.0,0.7785503401331497,-0.0,0,5026,41
9900.0,5.0,1980.0,900.0,2800.0,1900.0,0.2828282828282828,0.09090909090909091,0.2,808.4553172563095,0.0,0.0,0.0,0.0,0.0,0.0,0.0,0.0,35.0,5154.285714285715,2.8,0.08163265306122448,1.0,0.8763657798782469,-0.8298571428571428,0.0,0.7785503401331497,-0.0,0,5026,41
9900.0,5.0,1980.0,900.0,2800.0,1900.0,0.2828282828282828,0.09090909090909091,0.2,808.4553172563095,0.0,0.0,0.0,0.0,0.0,0.0,0.0,0.0,35.0,5154.285714285715,2.8,0.08163265306122448,1.0,0.8763657798782469,-0.8298571428571428,0.0,0.7785503401331497,-0.0,0,5026,41
9900.0,5.0,1980.0,1100.0,2800.0,1700.0,0.2828282828282828,0.1111111111111111,0.2,633.7191807101943,0.0,0.0,0.0,0.0,0.0,0.0,0.0,0.0,35.0,5154.285714285715,2.8,0.08163265306122448,1.0,0.8763657798782469,-0.8298571428571428,0.0,0.7785503401331497,-0.0,0,5026,41
9900.0,5.0,1980.0,1100.0,2800.0,1700.0,0.2828282828282828,0.1111111111111111,0.2,633.7191807101943,0.0,0.0,0.0,0.0,0.0,0.0,0.0,0.0,35.0,5154.285714285715,2.8,0.08163265306122448,1.0,0.8763657798782469,-0.8298571428571428,0.0,0.7785503401331497,-0.0,0,5026,41
9900.0,6.0,1650.0,700.0,2800.0,2100.0,0.2828282828282828,0.0707070707070707,0.16666666666666666,818.0260794538684,0.0,0.0,0.0,0.0,0.0,0.0,0.0,0.0,35.0,5154.285714285715,2.8,0.08163265306122448,1.0,0.8763657798782469,-0.8298571428571428,0.0,0.7785503401331497,-0.0,0,5026,41
9900.0,6.0,1650.0,700.0,2800.0,2100.0,0.2828282828282828,0.0707070707070707,0.16666666666666666,818.0260794538684,0.0,0.0,0.0,0.0,0.0,0.0,0.0,0.0,35.0,5154.285714285715,2.8,0.08163265306122448,1.0,0.8763657798782469,-0.8298571428571428,0.0,0.7785503401331497,-0.0,0,5026,41
9900.0,6.0,1650.0,700.0,2800.0,2100.0,0.2828282828282828,0.0707070707070707,0.16666666666666666,788.986691902975,0.0,0.0,0.0,0.0,0.0,0.0,0.0,0.0,35.0,5154.285714285715,2.8,0.08163265306122448,1.0,0.8763657798782469,-0.8298571428571428,0.0,0.7785503401331497,-0.0,0,5026,41
9900.0,5.0,1980.0,1100.0,2800.0,1700.0,0.2828282828282828,0.1111111111111111,0.2,730.479294709987,0.0,0.0,0.0,0.0,0.0,0.0,0.0,0.0,35.0,5154.285714285715,2.8,0.08163265306122448,1.0,0.8763657798782469,-0.8298571428571428,0.0,0.7785503401331497,-0.0,0,5026,41
9900.0,6.0,1650.0,700.0,2800.0,2100.0,0.2828282828282828,0.0707070707070707,0.16666666666666666,754.4313531837516,0.0,0.0,0.0,0.0,0.0,0.0,0.0,0.0,35.0,5154.285714285715,2.8,0.08163265306122448,1.0,0.8763657798782469,-0.8298571428571428,0.0,0.7785503401331497,-0.0,0,5026,41
9900.0,6.0,1650.0,900.0,2800.0,1900.0,0.2828282828282828,0.09090909090909091,0.16666666666666666,713.5591542869215,0.0,0.0,0.0,0.0,0.0,0.0,0.0,0.0,35.0,5154.285714285715,2.8,0.08163265306122448,1.0,0.8763657798782469,-0.8298571428571428,0.0,0.7785503401331497,-0.0,0,5026,41
9900.0,5.0,1980.0,1100.0,2700.0,1600.0,0.2727272727272727,0.1111111111111111,0.2,724.9827584156743,0.0,0.0,0.0,0.0,0.0,0.0,0.0,0.0,35.0,5154.285714285715,2.8,0.08163265306122448,1.0,0.8763657798782469,-0.8298571428571428,0.0,0.7507449708426801,-0.0,0,5026,41
9900.0,5.0,1980.0,700.0,2700.0,2000.0,0.2727272727272727,0.0707070707070707,0.2,741.3501197140256,0.0,0.0,0.0,0.0,0.0,0.0,0.0,0.0,35.0,5154.285714285715,2.8,0.08163265306122448,1.0,0.8763657798782469,-0.8298571428571428,0.0,0.7507449708426801,-0.0,0,5026,41
9900.0,6.0,1650.0,700.0,2700.0,2000.0,0.2727272727272727,0.0707070707070707,0.16666666666666666,747.7744758058185,0.0,0.0,0.0,0.0,0.0,0.0,0.0,0.0,35.0,5154.285714285715,2.8,0.08163265306122448,1.0,0.8763657798782469,-0.8298571428571428,0.0,0.7507449708426801,-0.0,0,5026,41
9900.0,6.0,1650.0,900.0,2700.0,1800.0,0.2727272727272727,0.09090909090909091,0.16666666666666666,706.5172798075548,0.0,0.0,0.0,0.0,0.0,0.0,0.0,0.0,35.0,5154.285714285715,2.8,0.08163265306122448,1.0,0.8763657798782469,-0.8298571428571428,0.0,0.7507449708426801,-0.0,0,5026,41
9900.0,7.0,1414.2857142857142,700.0,2700.0,2000.0,0.2727272727272727,0.0707070707070707,0.14285714285714285,633.4228364970103,0.0,0.0,0.0,0.0,0.0,0.0,0.0,0.0,35.0,5154.285714285715,2.8,0.08163265306122448,1.0,0.8763657798782469,-0.8298571428571428,0.0,0.7507449708426801,-0.0,0,5026,41
9900.0,6.0,1650.0,900.0,2600.0,1700.0,0.26262626262626265,0.09090909090909091,0.16666666666666666,665.2067347825035,0.0,0.0,0.0,0.0,0.0,0.0,0.0,0.0,35.0,5154.285714285715,2.8,0.08163265306122448,1.0,0.8763657798782469,-0.8298571428571428,0.0,0.7229396015522106,-0.0,0,5026,41
9900.0,6.0,1650.0,700.0,2500.0,1800.0,0.25252525252525254,0.0707070707070707,0.16666666666666666,680.0735254367721,0.0,0.0,0.0,0.0,0.0,0.0,0.0,0.0,35.0,5154.285714285715,2.8,0.08163265306122448,1.0,0.8763657798782469,-0.8298571428571428,0.0,0.6951342322617409,-0.0,0,5026,41
5200.0,3.0,1733.3333333333333,1000.0,2600.0,1600.0,0.5,0.19230769230769232,0.3333333333333333,659.9663291074443,0.0,0.0,0.0,0.0,0.0,0.0,0.0,0.0,35.0,5154.285714285715,2.8,0.08163265306122448,1.0,0.8763657798782469,-0.8298571428571428,0.0,1.376365779878247,-0.0,1,5027,41
5200.0,4.0,1300.0,800.0,2300.0,1500.0,0.4423076923076923,0.15384615384615385,0.25,595.8187643906492,0.0,0.0,0.0,0.0,0.0,0.0,0.0,0.0,35.0,5154.285714285715,2.8,0.08163265306122448,1.0,0.8763657798782469,-0.8298571428571428,0.0,1.217554343738449,-0.0,0,5027,41
5200.0,4.0,1300.0,800.0,2300.0,1500.0,0.4423076923076923,0.15384615384615385,0.25,587.3670062235366,0.0,0.0,0.0,0.0,0.0,0.0,0.0,0.0,35.0,5154.285714285715,2.8,0.08163265306122448,1.0,0.8763657798782469,-0.8298571428571428,0.0,1.217554343738449,-0.0,0,5027,41
5200.0,4.0,1300.0,800.0,2300.0,1500.0,0.4423076923076923,0.15384615384615385,0.25,587.3670062235366,0.0,0.0,0.0,0.0,0.0,0.0,0.0,0.0,35.0,5154.285714285715,2.8,0.08163265306122448,1.0,0.8763657798782469,-0.8298571428571428,0.0,1.217554343738449,-0.0,0,5027,41
5200.0,4.0,1300.0,800.0,2300.0,1500.0,0.4423076923076923,0.15384615384615385,0.25,595.8187643906492,0.0,0.0,0.0,0.0,0.0,0.0,0.0,0.0,35.0,5154.285714285715,2.8,0.08163265306122448,1.0,0.8763657798782469,-0.8298571428571428,0.0,1.217554343738449,-0.0,0,5027,41
5200.0,4.0,1300.0,800.0,2300.0,1500.0,0.4423076923076923,0.15384615384615385,0.25,587.3670062235366,0.0,0.0,0.0,0.0,0.0,0.0,0.0,0.0,35.0,5154.285714285715,2.8,0.08163265306122448,1.0,0.8763657798782469,-0.8298571428571428,0.0,1.217554343738449,-0.0,0,5027,41
5200.0,4.0,1300.0,800.0,2300.0,1500.0,0.4423076923076923,0.15384615384615385,0.25,587.3670062235366,0.0,0.0,0.0,0.0,0.0,0.0,0.0,0.0,35.0,5154.285714285715,2.8,0.08163265306122448,1.0,0.8763657798782469,-0.8298571428571428,0.0,1.217554343738449,-0.0,0,5027,41
5200.0,4.0,1300.0,800.0,2200.0,1400.0,0.4230769230769231,0.15384615384615385,0.25,538.5164807134504,0.0,0.0,0.0,0.0,0.0,0.0,0.0,0.0,35.0,5154.285714285715,2.8,0.08163265306122448,1.0,0.8763657798782469,-0.8298571428571428,0.0,1.1646171983585165,-0.0,0,5027,41
5200.0,4.0,1300.0,800.0,2200.0,1400.0,0.4230769230769231,0.15384615384615385,0.25,533.8539126015655,0.0,0.0,0.0,0.0,0.0,0.0,0.0,0.0,35.0,5154.285714285715,2.8,0.08163265306122448,1.0,0.8763657798782469,-0.8298571428571428,0.0,1.1646171983585165,-0.0,0,5027,41
5200.0,4.0,1300.0,900.0,2200.0,1300.0,0.4230769230769231,0.17307692307692307,0.25,524.4044240850758,0.0,0.0,0.0,0.0,0.0,0.0,0.0,0.0,35.0,5154.285714285715,2.8,0.08163265306122448,1.0,0.8763657798782469,-0.8298571428571428,0.0,1.1646171983585165,-0.0,0,5027,41
5200.0,4.0,1300.0,900.0,2200.0,1300.0,0.4230769230769231,0.17307692307692307,0.25,524.4044240850758,0.0,0.0,0.0,0.0,0.0,0.0,0.0,0.0,35.0,5154.285714285715,2.8,0.08163265306122448,1.0,0.8763657798782469,-0.8298571428571428,0.0,1.1646171983585165,-0.0,0,5027,41
5200.0,5.0,1040.0,800.0,1200.0,400.0,0.23076923076923078,0.15384615384615385,0.2,135.64659966250537,0.0,0.0,0.0,0.0,0.0,0.0,0.0,0.0,35.0,5154.285714285715,2.8,0.08163265306122448,1.0,0.8763657798782469,-0.8298571428571428,0.0,0.6352457445591909,-0.0,0,5027,41
5900.0,4.0,1475.0,400.0,2700.0,2300.0,0.4576271186440678,0.06779661016949153,0.25,1035.3139620424329,0.0,0.0,0.0,0.0,0.0,0.0,0.0,0.0,35.0,5154.285714285715,2.8,0.08163265306122448,1.0,0.8763657798782469,-0.8298571428571428,0.0,1.2597246120919547,-0.0,0,5028,41
5900.0,4.0,1475.0,200.0,2700.0,2500.0,0.4576271186440678,0.03389830508474576,0.25,952.2998477370455,0.0,0.0,0.0,0.0,0.0,0.0,0.0,0.0,35.0,5154.285714285715,2.8,0.08163265306122448,1.0,0.8763657798782469,-0.8298571428571428,0.0,1.2597246120919547,-0.0,0,5028,41
5900.0,4.0,1475.0,400.0,2700.0,2300.0,0.4576271186440678,0.06779661016949153,0.25,920.2581159652981,0.0,0.0,0.0,0.0,0.0,0.0,0.0,0.0,35.0,5154.285714285715,2.8,0.08163265306122448,1.0,0.8763657798782469,-0.8298571428571428,0.0,1.2597246120919547,-0.0,0,5028,41
5900.0,4.0,1475.0,200.0,2700.0,2500.0,0.4576271186440678,0.03389830508474576,0.25,928.3722313813571,0.0,0.0,0.0,0.0,0.0,0.0,0.0,0.0,35.0,5154.285714285715,2.8,0.08163265306122448,1.0,0.8763657798782469,-0.8298571428571428,0.0,1.2597246120919547,-0.0,0,5028,41
5900.0,4.0,1475.0,500.0,2700.0,2200.0,0.4576271186440678,0.0847457627118644,0.25,878.564169540279,0.0,0.0,0.0,0.0,0.0,0.0,0.0,0.0,35.0,5154.285714285715,2.8,0.08163265306122448,1.0,0.8763657798782469,-0.8298571428571428,0.0,1.2597246120919547,-0.0,0,5028,41
5900.0,4.0,1475.0,500.0,2700.0,2200.0,0.4576271186440678,0.0847457627118644,0.25,807.3877630977571,0.0,0.0,0.0,0.0,0.0,0.0,0.0,0.0,35.0,5154.285714285715,2.8,0.08163265306122448,1.0,0.8763657798782469,-0.8298571428571428,0.0,1.2597246120919547,-0.0,0,5028,41
5900.0,5.0,1180.0,200.0,2700.0,2500.0,0.4576271186440678,0.03389830508474576,0.2,904.2123644365852,0.0,0.0,0.0,0.0,0.0,0.0,0.0,0.0,35.0,5154.285714285715,2.8,0.08163265306122448,1.0,0.8763657798782469,-0.8298571428571428,0.0,1.2597246120919547,-0.0,0,5028,41
5900.0,6.0,983.3333333333334,200.0,2700.0,2500.0,0.4576271186440678,0.03389830508474576,0.16666666666666669,831.4979788844281,0.0,0.0,0.0,0.0,0.0,0.0,0.0,0.0,35.0,5154.285714285715,2.8,0.08163265306122448,1.0,0.8763657798782469,-0.8298571428571428,0.0,1.2597246120919547,-0.0,0,5028,41
5900.0,3.0,1966.6666666666667,1600.0,2300.0,700.0,0.3898305084745763,0.2711864406779661,0.33333333333333337,286.7441755680876,0.0,0.0,0.0,0.0,0.0,0.0,0.0,0.0,35.0,5154.285714285715,2.8,0.08163265306122448,1.0,0.8763657798782469,-0.8298571428571428,0.0,1.0730987436338875,-0.0,1,5028,41
5900.0,4.0,1475.0,500.0,2300.0,1800.0,0.3898305084745763,0.0847457627118644,0.25,715.4544010627093,0.0,0.0,0.0,0.0,0.0,0.0,0.0,0.0,35.0,5154.285714285715,2.8,0.08163265306122448,1.0,0.8763657798782469,-0.8298571428571428,0.0,1.0730987436338875,-0.0,0,5028,41
5900.0,5.0,1180.0,200.0,2300.0,2100.0,0.3898305084745763,0.03389830508474576,0.2,840.0,0.0,0.0,0.0,0.0,0.0,0.0,0.0,0.0,35.0,5154.285714285715,2.8,0.08163265306122448,1.0,0.8763657798782469,-0.8298571428571428,0.0,1.0730987436338875,-0.0,0,5028,41
5900.0,5.0,1180.0,200.0,2300.0,2100.0,0.3898305084745763,0.03389830508474576,0.2,818.2909018191514,0.0,0.0,0.0,0.0,0.0,0.0,0.0,0.0,35.0,5154.285714285715,2.8,0.08163265306122448,1.0,0.8763657798782469,-0.8298571428571428,0.0,1.0730987436338875,-0.0,0,5028,41
5900.0,5.0,1180.0,200.0,2300.0,2100.0,0.3898305084745763,0.03389830508474576,0.2,803.4923770640266,0.0,0.0,0.0,0.0,0.0,0.0,0.0,0.0,35.0,5154.285714285715,2.8,0.08163265306122448,1.0,0.8763657798782469,-0.8298571428571428,0.0,1.0730987436338875,-0.0,0,5028,41
5900.0,5.0,1180.0,400.0,2300.0,1900.0,0.3898305084745763,0.06779661016949153,0.2,773.0459236035075,0.0,0.0,0.0,0.0,0.0,0.0,0.0,0.0,35.0,5154.285714285715,2.8,0.08163265306122448,1.0,0.8763657798782469,-0.8298571428571428,0.0,1.0730987436338875,-0.0,0,5028,41
5900.0,5.0,1180.0,400.0,2300.0,1900.0,0.3898305084745763,0.06779661016949153,0.2,708.237248385031,0.0,0.0,0.0,0.0,0.0,0.0,0.0,0.0,35.0,5154.285714285715,2.8,0.08163265306122448,1.0,0.8763657798782469,-0.8298571428571428,0.0,1.0730987436338875,-0.0,0,5028,41
5900.0,5.0,1180.0,200.0,2300.0,2100.0,0.3898305084745763,0.03389830508474576,0.2,716.6589146867567,0.0,0.0,0.0,0.0,0.0,0.0,0.0,0.0,35.0,5154.285714285715,2.8,0.08163265306122448,1.0,0.8763657798782469,-0.8298571428571428,0.0,1.0730987436338875,-0.0,0,5028,41
5900.0,6.0,983.3333333333334,200.0,2300.0,2100.0,0.3898305084745763,0.03389830508474576,0.16666666666666669,661.8576550554926,0.0,0.0,0.0,0.0,0.0,0.0,0.0,0.0,35.0,5154.285714285715,2.8,0.08163265306122448,1.0,0.8763657798782469,-0.8298571428571428,0.0,1.0730987436338875,-0.0,0,5028,41
5900.0,4.0,1475.0,400.0,2000.0,1600.0,0.3389830508474576,0.06779661016949153,0.25,637.8675411086537,0.0,0.0,0.0,0.0,0.0,0.0,0.0,0.0,35.0,5154.285714285715,2.8,0.08163265306122448,1.0,0.8763657798782469,-0.8298571428571428,0.0,0.9331293422903368,-0.0,0,5028,41
5900.0,5.0,1180.0,400.0,2000.0,1600.0,0.3389830508474576,0.06779661016949153,0.2,673.4983296193094,0.0,0.0,0.0,0.0,0.0,0.0,0.0,0.0,35.0,5154.285714285715,2.8,0.08163265306122448,1.0,0.8763657798782469,-0.8298571428571428,0.0,0.9331293422903368,-0.0,0,5028,41
5900.0,5.0,1180.0,200.0,2000.0,1800.0,0.3389830508474576,0.03389830508474576,0.2,682.3488843692792,0.0,0.0,0.0,0.0,0.0,0.0,0.0,0.0,35.0,5154.285714285715,2.8,0.08163265306122448,1.0,0.8763657798782469,-0.8298571428571428,0.0,0.9331293422903368,-0.0,0,5028,41
5900.0,5.0,1180.0,200.0,2000.0,1800.0,0.3389830508474576,0.03389830508474576,0.2,607.9473661428266,0.0,0.0,0.0,0.0,0.0,0.0,0.0,0.0,35.0,5154.285714285715,2.8,0.08163265306122448,1.0,0.8763657798782469,-0.8298571428571428,0.0,0.9331293422903368,-0.0,0,5028,41
5900.0,5.0,1180.0,400.0,2000.0,1600.0,0.3389830508474576,0.06779661016949153,0.2,567.097875150313,0.0,0.0,0.0,0.0,0.0,0.0,0.0,0.0,35.0,5154.285714285715,2.8,0.08163265306122448,1.0,0.8763657798782469,-0.8298571428571428,0.0,0.9331293422903368,-0.0,0,5028,41
5900.0,5.0,1180.0,500.0,2000.0,1500.0,0.3389830508474576,0.0847457627118644,0.2,545.5272678794342,0.0,0.0,0.0,0.0,0.0,0.0,0.0,0.0,35.0,5154.285714285715,2.8,0.08163265306122448,1.0,0.8763657798782469,-0.8298571428571428,0.0,0.9331293422903368,-0.0,0,5028,41
5900.0,5.0,1180.0,500.0,1900.0,1400.0,0.3220338983050847,0.0847457627118644,0.2,511.46847410177685,0.0,0.0,0.0,0.0,0.0,0.0,0.0,0.0,35.0,5154.285714285715,2.8,0.08163265306122448,1.0,0.8763657798782469,-0.8298571428571428,0.0,0.88647287517582,-0.0,0,5028,41
5900.0,6.0,983.3333333333334,200.0,1900.0,1700.0,0.3220338983050847,0.03389830508474576,0.16666666666666669,606.6758241067099,0.0,0.0,0.0,0.0,0.0,0.0,0.0,0.0,35.0,5154.285714285715,2.8,0.08163265306122448,1.0,0.8763657798782469,-0.8298571428571428,0.0,0.88647287517582,-0.0,0,5028,41
5900.0,7.0,842.8571428571429,200.0,1900.0,1700.0,0.3220338983050847,0.03389830508474576,0.14285714285714285,526.0557897006278,0.0,0.0,0.0,0.0,0.0,0.0,0.0,0.0,35.0,5154.285714285715,2.8,0.08163265306122448,1.0,0.8763657798782469,-0.8298571428571428,0.0,0.88647287517582,-0.0,0,5028,41
5800.0,3.0,1933.3333333333333,500.0,2800.0,2300.0,0.4827586206896552,0.08620689655172414,0.3333333333333333,1020.8928554075703,0.0,0.0,0.0,0.0,0.0,0.0,0.0,0.0,35.0,5154.285714285715,2.8,0.08163265306122448,1.0,0.8763657798782469,-0.8298571428571428,0.0,1.328904890916928,-0.0,1,5029,41
5800.0,3.0,1933.3333333333333,1000.0,2800.0,1800.0,0.4827586206896552,0.1724137931034483,0.3333333333333333,736.3574011458174,0.0,0.0,0.0,0.0,0.0,0.0,0.0,0.0,35.0,5154.285714285715,2.8,0.08163265306122448,1.0,0.8763657798782469,-0.8298571428571428,0.0,1.328904890916928,-0.0,0,5029,41
5800.0,4.0,1450.0,500.0,2800.0,2300.0,0.4827586206896552,0.08620689655172414,0.25,855.8621384311845,0.0,0.0,0.0,0.0,0.0,0.0,0.0,0.0,35.0,5154.285714285715,2.8,0.08163265306122448,1.0,0.8763657798782469,-0.8298571428571428,0.0,1.328904890916928,-0.0,0,5029,41
5800.0,4.0,1450.0,300.0,2500.0,2200.0,0.43103448275862066,0.05172413793103448,0.25,855.8621384311845,0.0,0.0,0.0,0.0,0.0,0.0,0.0,0.0,35.0,5154.285714285715,2.8,0.08163265306122448,1.0,0.8763657798782469,-0.8298571428571428,0.0,1.1865222240329714,-0.0,0,5029,41
5800.0,4.0,1450.0,300.0,2500.0,2200.0,0.43103448275862066,0.05172413793103448,0.25,855.8621384311845,0.0,0.0,0.0,0.0,0.0,0.0,0.0,0.0,35.0,5154.285714285715,2.8,0.08163265306122448,1.0,0.8763657798782469,-0.8298571428571428,0.0,1.1865222240329714,-0.0,0,5029,41
5800.0,3.0,1933.3333333333333,1500.0,2500.0,1000.0,0.43103448275862066,0.25862068965517243,0.3333333333333333,418.9935029992178,0.0,0.0,0.0,0.0,0.0,0.0,0.0,0.0,35.0,5154.285714285715,2.8,0.08163265306122448,1.0,0.8763657798782469,-0.8298571428571428,0.0,1.1865222240329714,-0.0,0,5029,41
5800.0,4.0,1450.0,500.0,2500.0,2000.0,0.43103448275862066,0.08620689655172414,0.25,763.2168761236874,0.0,0.0,0.0,0.0,0.0,0.0,0.0,0.0,35.0,5154.285714285715,2.8,0.08163265306122448,1.0,0.8763657798782469,-0.8298571428571428,0.0,1.1865222240329714,-0.0,0,5029,41
5800.0,5.0,1160.0,300.0,2500.0,2200.0,0.43103448275862066,0.05172413793103448,0.2,788.9233169326408,0.0,0.0,0.0,0.0,0.0,0.0,0.0,0.0,35.0,5154.285714285715,2.8,0.08163265306122448,1.0,0.8763657798782469,-0.8298571428571428,0.0,1.1865222240329714,-0.0,0,5029,41
5800.0,5.0,1160.0,300.0,2500.0,2200.0,0.43103448275862066,0.05172413793103448,0.2,788.9233169326408,0.0,0.0,0.0,0.0,0.0,0.0,0.0,0.0,35.0,5154.285714285715,2.8,0.08163265306122448,1.0,0.8763657798782469,-0.8298571428571428,0.0,1.1865222240329714,-0.0,0,5029,41
5800.0,4.0,1450.0,500.0,2000.0,1500.0,0.3448275862068966,0.08620689655172414,0.25,576.6281297335398,0.0,0.0,0.0,0.0,0.0,0.0,0.0,0.0,35.0,5154.285714285715,2.8,0.08163265306122448,1.0,0.8763657798782469,-0.8298571428571428,0.0,0.9492177792263773,-0.0,0,5029,41
1500.0,1.0,1500.0,1500.0,1500.0,0.0,1.0,1.0,1.0,0.0,0.0,0.0,0.0,0.0,9.0,9.0,0.0,9.0,35.0,5154.285714285715,2.8,0.08163265306122448,1.0,0.8763657798782469,-0.8298571428571428,0.0,2.752731559756494,-0.05937428571428571,1,5030,41
1500.0,3.0,500.0,300.0,600.0,300.0,0.4,0.2,0.3333333333333333,141.4213562373095,0.0,0.0,0.0,0.0,0.0,0.0,0.0,0.0,35.0,5154.285714285715,2.8,0.08163265306122448,1.0,0.8763657798782469,-0.8298571428571428,0.0,1.1010926239025975,-0.0,0,5030,41
1500.0,3.0,500.0,300.0,600.0,300.0,0.4,0.2,0.3333333333333333,141.4213562373095,0.0,0.0,0.0,0.0,8.0,0.0,8.0,2.6666666666666665,35.0,5154.285714285715,2.8,0.08163265306122448,1.0,0.8763657798782469,-0.8298571428571428,0.0,1.1010926239025975,-0.01759238095238095,0,5030,41
7200.0,3.0,2400.0,2300.0,2500.0,200.0,0.3472222222222222,0.3194444444444444,0.3333333333333333,81.64965809277261,0.0,0.0,0.0,0.0,0.0,0.0,0.0,0.0,35.0,5154.285714285715,2.8,0.08163265306122448,1.0,0.8763657798782469,-0.8298571428571428,0.0,0.9558095693598937,-0.0,1,5031,41
7200.0,4.0,1800.0,100.0,2500.0,2400.0,0.3472222222222222,0.013888888888888888,0.25,987.420882906575,0.0,0.0,0.0,0.0,0.0,0.0,0.0,0.0,35.0,5154.285714285715,2.8,0.08163265306122448,1.0,0.8763657798782469,-0.8298571428571428,0.0,0.9558095693598937,-0.0,0,5031,41
7200.0,4.0,1800.0,900.0,2500.0,1600.0,0.3472222222222222,0.125,0.25,640.3124237432849,0.0,0.0,0.0,0.0,0.0,0.0,0.0,0.0,35.0,5154.285714285715,2.8,0.08163265306122448,1.0,0.8763657798782469,-0.8298571428571428,0.0,0.9558095693598937,-0.0,0,5031,41
7200.0,4.0,1800.0,900.0,2500.0,1600.0,0.3472222222222222,0.125,0.25,612.3724356957945,0.0,0.0,0.0,0.0,0.0,0.0,0.0,0.0,35.0,5154.285714285715,2.8,0.08163265306122448,1.0,0.8763657798782469,-0.8298571428571428,0.0,0.9558095693598937,-0.0,0,5031,41
7200.0,4.0,1800.0,900.0,2500.0,1600.0,0.3472222222222222,0.125,0.25,612.3724356957945,0.0,0.0,0.0,0.0,0.0,0.0,0.0,0.0,35.0,5154.285714285715,2.8,0.08163265306122448,1.0,0.8763657798782469,-0.8298571428571428,0.0,0.9558095693598937,-0.0,0,5031,41
7200.0,4.0,1800.0,1000.0,2500.0,1500.0,0.3472222222222222,0.1388888888888889,0.25,587.3670062235366,0.0,0.0,0.0,0.0,0.0,0.0,0.0,0.0,35.0,5154.285714285715,2.8,0.08163265306122448,1.0,0.8763657798782469,-0.8298571428571428,0.0,0.9558095693598937,-0.0,0,5031,41
7200.0,5.0,1440.0,100.0,2500.0,2400.0,0.3472222222222222,0.013888888888888888,0.2,870.8616422830896,0.0,0.0,0.0,0.0,0.0,0.0,0.0,0.0,35.0,5154.285714285715,2.8,0.08163265306122448,1.0,0.8763657798782469,-0.8298571428571428,0.0,0.9558095693598937,-0.0,0,5031,41
7200.0,5.0,1440.0,100.0,2500.0,2400.0,0.3472222222222222,0.013888888888888888,0.2,830.9031231136395,0.0,0.0,0.0,0.0,0.0,0.0,0.0,0.0,35.0,5154.285714285715,2.8,0.08163265306122448,1.0,0.8763657798782469,-0.8298571428571428,0.0,0.9558095693598937,-0.0,0,5031,41
7200.0,5.0,1440.0,100.0,2500.0,2400.0,0.3472222222222222,0.013888888888888888,0.2,830.9031231136395,0.0,0.0,0.0,0.0,0.0,0.0,0.0,0.0,35.0,5154.285714285715,2.8,0.08163265306122448,1.0,0.8763657798782469,-0.8298571428571428,0.0,0.9558095693598937,-0.0,0,5031,41
7200.0,4.0,1800.0,1500.0,2500.0,1000.0,0.3472222222222222,0.20833333333333334,0.25,406.201920231798,0.0,0.0,0.0,0.0,0.0,0.0,0.0,0.0,35.0,5154.285714285715,2.8,0.08163265306122448,1.0,0.8763657798782469,-0.8298571428571428,0.0,0.9558095693598937,-0.0,0,5031,41
7200.0,4.0,1800.0,900.0,2400.0,1500.0,0.3333333333333333,0.125,0.25,604.1522986797286,0.0,0.0,0.0,0.0,0.0,0.0,0.0,0.0,35.0,5154.285714285715,2.8,0.08163265306122448,1.0,0.8763657798782469,-0.8298571428571428,0.0,0.9175771865854979,-0.0,0,5031,41
7200.0,4.0,1800.0,900.0,2400.0,1500.0,0.3333333333333333,0.125,0.25,604.1522986797286,0.0,0.0,0.0,0.0,0.0,0.0,0.0,0.0,35.0,5154.285714285715,2.8,0.08163265306122448,1.0,0.8763657798782469,-0.8298571428571428,0.0,0.9175771865854979,-0.0,0,5031,41
7200.0,4.0,1800.0,1000.0,2400.0,1400.0,0.3333333333333333,0.1388888888888889,0.25,578.7918451395112,0.0,0.0,0.0,0.0,0.0,0.0,0.0,0.0,35.0,5154.285714285715,2.8,0.08163265306122448,1.0,0.8763657798782469,-0.8298571428571428,0.0,0.9175771865854979,-0.0,0,5031,41
7200.0,5.0,1440.0,100.0,2400.0,2300.0,0.3333333333333333,0.013888888888888888,0.2,866.2563131083086,0.0,0.0,0.0,0.0,0.0,0.0,0.0,0.0,35.0,5154.285714285715,2.8,0.08163265306122448,1.0,0.8763657798782469,-0.8298571428571428,0.0,0.9175771865854979,-0.0,0,5031,41
7200.0,4.0,1800.0,1000.0,2400.0,1400.0,0.3333333333333333,0.1388888888888889,0.25,547.7225575051662,0.0,0.0,0.0,0.0,0.0,0.0,0.0,0.0,35.0,5154.285714285715,2.8,0.08163265306122448,1.0,0.8763657798782469,-0.8298571428571428,0.0,0.9175771865854979,-0.0,0,5031,41
7200.0,5.0,1440.0,100.0,2400.0,2300.0,0.3333333333333333,0.013888888888888888,0.2,849.9411744350311,0.0,0.0,0.0,0.0,0.0,0.0,0.0,0.0,35.0,5154.285714285715,2.8,0.08163265306122448,1.0,0.8763657798782469,-0.8298571428571428,0.0,0.9175771865854979,-0.0,0,5031,41
7200.0,4.0,1800.0,1000.0,2400.0,1400.0,0.3333333333333333,0.1388888888888889,0.25,547.7225575051662,0.0,0.0,0.0,0.0,0.0,0.0,0.0,0.0,35.0,5154.285714285715,2.8,0.08163265306122448,1.0,0.8763657798782469,-0.8298571428571428,0.0,0.9175771865854979,-0.0,0,5031,41
7200.0,5.0,1440.0,100.0,2400.0,2300.0,0.3333333333333333,0.013888888888888888,0.2,849.9411744350311,0.0,0.0,0.0,0.0,0.0,0.0,0.0,0.0,35.0,5154.285714285715,2.8,0.08163265306122448,1.0,0.8763657798782469,-0.8298571428571428,0.0,0.9175771865854979,-0.0,0,5031,41
7200.0,5.0,1440.0,100.0,2400.0,2300.0,0.3333333333333333,0.013888888888888888,0.2,835.7032966310471,0.0,0.0,0.0,0.0,0.0,0.0,0.0,0.0,35.0,5154.285714285715,2.8,0.08163265306122448,1.0,0.8763657798782469,-0.8298571428571428,0.0,0.9175771865854979,-0.0,0,5031,41
7200.0,4.0,1800.0,900.0,2400.0,1500.0,0.3333333333333333,0.125,0.25,552.268050859363,0.0,0.0,0.0,0.0,0.0,0.0,0.0,0.0,35.0,5154.285714285715,2.8,0.08163265306122448,1.0,0.8763657798782469,-0.8298571428571428,0.0,0.9175771865854979,-0.0,0,5031,41
7200.0,5.0,1440.0,100.0,2400.0,2300.0,0.3333333333333333,0.013888888888888888,0.2,744.5804187594514,0.0,0.0,0.0,0.0,0.0,0.0,0.0,0.0,35.0,5154.285714285715,2.8,0.08163265306122448,1.0,0.8763657798782469,-0.8298571428571428,0.0,0.9175771865854979,-0.0,0,5031,41
7200.0,5.0,1440.0,100.0,2300.0,2200.0,0.3194444444444444,0.013888888888888888,0.2,816.3332652783421,0.0,0.0,0.0,0.0,0.0,0.0,0.0,0.0,35.0,5154.285714285715,2.8,0.08163265306122448,1.0,0.8763657798782469,-0.8298571428571428,0.0,0.8793448038111021,-0.0,0,5031,41
7200.0,5.0,1440.0,100.0,2300.0,2200.0,0.3194444444444444,0.013888888888888888,0.2,816.3332652783421,0.0,0.0,0.0,0.0,0.0,0.0,0.0,0.0,35.0,5154.285714285715,2.8,0.08163265306122448,1.0,0.8763657798782469,-0.8298571428571428,0.0,0.8793448038111021,-0.0,0,5031,41
7200.0,4.0,1800.0,1000.0,2300.0,1300.0,0.3194444444444444,0.1388888888888889,0.25,484.7679857416329,0.0,0.0,0.0,0.0,0.0,0.0,0.0,0.0,35.0,5154.285714285715,2.8,0.08163265306122448,1.0,0.8763657798782469,-0.8298571428571428,0.0,0.8793448038111021,-0.0,0,5031,41
7200.0,5.0,1440.0,100.0,2300.0,2200.0,0.3194444444444444,0.013888888888888888,0.2,818.7795796183489,0.0,0.0,0.0,0.0,0.0,0.0,0.0,0.0,35.0,5154.285714285715,2.8,0.08163265306122448,1.0,0.8763657798782469,-0.8298571428571428,0.0,0.8793448038111021,-0.0,0,5031,41
7200.0,5.0,1440.0,100.0,2200.0,2100.0,0.3055555555555556,0.013888888888888888,0.2,786.3841300535,0.0,0.0,0.0,0.0,0.0,0.0,0.0,0.0,35.0,5154.285714285715,2.8,0.08163265306122448,1.0,0.8763657798782469,-0.8298571428571428,0.0,0.8411124210367066,-0.0,0,5031,41
7200.0,4.0,1800.0,1500.0,2200.0,700.0,0.3055555555555556,0.20833333333333334,0.25,273.8612787525831,0.0,0.0,0.0,0.0,0.0,0.0,0.0,0.0,35.0,5154.285714285715,2.8,0.08163265306122448,1.0,0.8763657798782469,-0.8298571428571428,0.0,0.8411124210367066,-0.0,0,5031,41
7200.0,4.0,1800.0,1500.0,2200.0,700.0,0.3055555555555556,0.20833333333333334,0.25,273.8612787525831,0.0,0.0,0.0,0.0,0.0,0.0,0.0,0.0,35.0,5154.285714285715,2.8,0.08163265306122448,1.0,0.8763657798782469,-0.8298571428571428,0.0,0.8411124210367066,-0.0,0,5031,41
7200.0,5.0,1440.0,900.0,2200.0,1300.0,0.3055555555555556,0.125,0.2,467.3328578219169,0.0,0.0,0.0,0.0,0.0,0.0,0.0,0.0,35.0,5154.285714285715,2.8,0.08163265306122448,1.0,0.8763657798782469,-0.8298571428571428,0.0,0.8411124210367066,-0.0,0,5031,41
7200.0,5.0,1440.0,900.0,2200.0,1300.0,0.3055555555555556,0.125,0.2,467.3328578219169,0.0,0.0,0.0,0.0,0.0,0.0,0.0,0.0,35.0,5154.285714285715,2.8,0.08163265306122448,1.0,0.8763657798782469,-0.8298571428571428,0.0,0.8411124210367066,-0.0,0,5031,41
7200.0,5.0,1440.0,100.0,2000.0,1900.0,0.2777777777777778,0.013888888888888888,0.2,688.7670143089026,0.0,0.0,0.0,0.0,0.0,0.0,0.0,0.0,35.0,5154.285714285715,2.8,0.08163265306122448,1.0,0.8763657798782469,-0.8298571428571428,0.0,0.764647655487915,-0.0,0,5031,41
7200.0,6.0,1200.0,100.0,2000.0,1900.0,0.2777777777777778,0.013888888888888888,0.16666666666666666,619.1391873668903,0.0,0.0,0.0,0.0,0.0,0.0,0.0,0.0,35.0,5154.285714285715,2.8,0.08163265306122448,1.0,0.8763657798782469,-0.8298571428571428,0.0,0.764647655487915,-0.0,0,5031,41
3000.0,2.0,1500.0,1400.0,1600.0,200.0,0.5333333333333333,0.4666666666666667,0.5,100.0,0.0,0.0,0.0,0.0,0.0,0.0,0.0,0.0,35.0,5154.285714285715,2.8,0.08163265306122448,1.0,0.8763657798782469,-0.8298571428571428,0.0,1.4681234985367968,-0.0,1,5032,41
4000.0,3.0,1333.3333333333333,500.0,2800.0,2300.0,0.7,0.125,0.3333333333333333,1040.2991022884823,0.0,0.0,0.0,0.0,0.0,0.0,0.0,0.0,35.0,5154.285714285715,2.8,0.08163265306122448,1.0,0.8763657798782469,-0.8298571428571428,0.0,1.9269120918295455,-0.0,0,5033,41
4000.0,3.0,1333.3333333333333,700.0,2200.0,1500.0,0.55,0.175,0.3333333333333333,634.2099196813482,0.0,0.0,0.0,0.0,0.0,0.0,0.0,0.0,35.0,5154.285714285715,2.8,0.08163265306122448,1.0,0.8763657798782469,-0.8298571428571428,0.0,1.5140023578660717,-0.0,1,5033,41
4000.0,3.0,1333.3333333333333,500.0,2100.0,1600.0,0.525,0.125,0.3333333333333333,654.8960901462833,0.0,0.0,0.0,0.0,0.0,0.0,0.0,0.0,35.0,5154.285714285715,2.8,0.08163265306122448,1.0,0.8763657798782469,-0.8298571428571428,0.0,1.4451840688721593,-0.0,0,5033,41
4000.0,4.0,1000.0,500.0,1700.0,1200.0,0.425,0.125,0.25,458.257569495584,0.0,0.0,0.0,0.0,0.0,0.0,0.0,0.0,35.0,5154.285714285715,2.8,0.08163265306122448,1.0,0.8763657798782469,-0.8298571428571428,0.0,1.16991091289651,-0.0,0,5033,41
4900.0,3.0,1633.3333333333333,700.0,2400.0,1700.0,0.4897959183673469,0.14285714285714285,0.3333333333333333,703.9570693980959,0.0,0.0,0.0,0.0,0.0,0.0,0.0,0.0,35.0,5154.285714285715,2.8,0.08163265306122448,1.0,0.8763657798782469,-0.8298571428571428,0.0,1.3482766823297112,-0.0,0,5034,41
4900.0,4.0,1225.0,100.0,2400.0,2300.0,0.4897959183673469,0.02040816326530612,0.25,917.5374651751284,0.0,0.0,0.0,0.0,0.0,0.0,0.0,0.0,35.0,5154.285714285715,2.8,0.08163265306122448,1.0,0.8763657798782469,-0.8298571428571428,0.0,1.3482766823297112,-0.0,0,5034,41
4900.0,4.0,1225.0,100.0,2400.0,2300.0,0.4897959183673469,0.02040816326530612,0.25,887.0597499605086,0.0,0.0,0.0,0.0,0.0,0.0,0.0,0.0,35.0,5154.285714285715,2.8,0.08163265306122448,1.0,0.8763657798782469,-0.8298571428571428,0.0,1.3482766823297112,-0.0,0,5034,41
4900.0,4.0,1225.0,300.0,2400.0,2100.0,0.4897959183673469,0.061224489795918366,0.25,831.7902379807063,0.0,0.0,0.0,0.0,0.0,0.0,0.0,0.0,35.0,5154.285714285715,2.8,0.08163265306122448,1.0,0.8763657798782469,-0.8298571428571428,0.0,1.3482766823297112,-0.0,0,5034,41
4900.0,4.0,1225.0,300.0,2400.0,2100.0,0.4897959183673469,0.061224489795918366,0.25,831.7902379807063,0.0,0.0,0.0,0.0,0.0,0.0,0.0,0.0,35.0,5154.285714285715,2.8,0.08163265306122448,1.0,0.8763657798782469,-0.8298571428571428,0.0,1.3482766823297112,-0.0,0,5034,41
4900.0,4.0,1225.0,300.0,2400.0,2100.0,0.4897959183673469,0.061224489795918366,0.25,804.2853971072706,0.0,0.0,0.0,0.0,0.0,0.0,0.0,0.0,35.0,5154.285714285715,2.8,0.08163265306122448,1.0,0.8763657798782469,-0.8298571428571428,0.0,1.3482766823297112,-0.0,0,5034,41
4900.0,5.0,980.0,100.0,2400.0,2300.0,0.4897959183673469,0.02040816326530612,0.2,856.5045242145543,0.0,0.0,0.0,0.0,0.0,0.0,0.0,0.0,35.0,5154.285714285715,2.8,0.08163265306122448,1.0,0.8763657798782469,-0.8298571428571428,0.0,1.3482766823297112,-0.0,0,5034,41
4900.0,5.0,980.0,100.0,2400.0,2300.0,0.4897959183673469,0.02040816326530612,0.2,837.6156636548769,0.0,0.0,0.0,0.0,0.0,0.0,0.0,0.0,35.0,5154.285714285715,2.8,0.08163265306122448,1.0,0.8763657798782469,-0.8298571428571428,0.0,1.3482766823297112,-0.0,0,5034,41
4900.0,3.0,1633.3333333333333,1400.0,1800.0,400.0,0.3673469387755102,0.2857142857142857,0.3333333333333333,169.96731711975949,0.0,0.0,0.0,0.0,0.0,0.0,0.0,0.0,35.0,5154.285714285715,2.8,0.08163265306122448,1.0,0.8763657798782469,-0.8298571428571428,0.0,1.0112075117472834,-0.0,0,5034,41
4900.0,5.0,980.0,100.0,1800.0,1700.0,0.3673469387755102,0.02040816326530612,0.2,661.5134163416491,0.0,0.0,0.0,0.0,0.0,0.0,0.0,0.0,35.0,5154.285714285715,2.8,0.08163265306122448,1.0,0.8763657798782469,-0.8298571428571428,0.0,1.0112075117472834,-0.0,0,5034,41
4900.0,3.0,1633.3333333333333,1500.0,1800.0,300.0,0.3673469387755102,0.30612244897959184,0.3333333333333333,124.72191289246472,0.0,0.0,0.0,0.0,0.0,0.0,0.0,0.0,35.0,5154.285714285715,2.8,0.08163265306122448,1.0,0.8763657798782469,-0.8298571428571428,0.0,1.0112075117472834,-0.0,1,5034,41
4900.0,4.0,1225.0,100.0,1800.0,1700.0,0.3673469387755102,0.02040816326530612,0.25,664.7367900154165,0.0,0.0,0.0,0.0,0.0,0.0,0.0,0.0,35.0,5154.285714285715,2.8,0.08163265306122448,1.0,0.8763657798782469,-0.8298571428571428,0.0,1.0112075117472834,-0.0,0,5034,41
4900.0,3.0,1633.3333333333333,1500.0,1800.0,300.0,0.3673469387755102,0.30612244897959184,0.3333333333333333,124.72191289246472,0.0,0.0,0.0,0.0,0.0,0.0,0.0,0.0,35.0,5154.285714285715,2.8,0.08163265306122448,1.0,0.8763657798782469,-0.8298571428571428,0.0,1.0112075117472834,-0.0,0,5034,41
4900.0,4.0,1225.0,100.0,1800.0,1700.0,0.3673469387755102,0.02040816326530612,0.25,664.7367900154165,0.0,0.0,0.0,0.0,0.0,0.0,0.0,0.0,35.0,5154.285714285715,2.8,0.08163265306122448,1.0,0.8763657798782469,-0.8298571428571428,0.0,1.0112075117472834,-0.0,0,5034,41
4900.0,5.0,980.0,300.0,1800.0,1500.0,0.3673469387755102,0.061224489795918366,0.2,570.6137047074842,0.0,0.0,0.0,0.0,0.0,0.0,0.0,0.0,35.0,5154.285714285715,2.8,0.08163265306122448,1.0,0.8763657798782469,-0.8298571428571428,0.0,1.0112075117472834,-0.0,0,5034,41
4900.0,6.0,816.6666666666666,100.0,1800.0,1700.0,0.3673469387755102,0.02040816326530612,0.16666666666666666,598.3774357005414,0.0,0.0,0.0,0.0,0.0,0.0,0.0,0.0,35.0,5154.285714285715,2.8,0.08163265306122448,1.0,0.8763657798782469,-0.8298571428571428,0.0,1.0112075117472834,-0.0,0,5034,41
4900.0,3.0,1633.3333333333333,1600.0,1700.0,100.0,0.3469387755102041,0.32653061224489793,0.3333333333333333,47.14045207910317,0.0,0.0,0.0,0.0,0.0,0.0,0.0,0.0,35.0,5154.285714285715,2.8,0.08163265306122448,1.0,0.8763657798782469,-0.8298571428571428,0.0,0.9550293166502122,-0.0,0,5034,41
4900.0,4.0,1225.0,100.0,1700.0,1600.0,0.3469387755102041,0.02040816326530612,0.25,653.356717268599,0.0,0.0,0.0,0.0,0.0,0.0,0.0,0.0,35.0,5154.285714285715,2.8,0.08163265306122448,1.0,0.8763657798782469,-0.8298571428571428,0.0,0.9550293166502122,-0.0,0,5034,41
4900.0,5.0,980.0,300.0,1700.0,1400.0,0.3469387755102041,0.061224489795918366,0.2,563.5601121442148,0.0,0.0,0.0,0.0,0.0,0.0,0.0,0.0,35.0,5154.285714285715,2.8,0.08163265306122448,1.0,0.8763657798782469,-0.8298571428571428,0.0,0.9550293166502122,-0.0,0,5034,41
4900.0,4.0,1225.0,100.0,1700.0,1600.0,0.3469387755102041,0.02040816326530612,0.25,653.356717268599,0.0,0.0,0.0,0.0,0.0,0.0,0.0,0.0,35.0,5154.285714285715,2.8,0.08163265306122448,1.0,0.8763657798782469,-0.8298571428571428,0.0,0.9550293166502122,-0.0,0,5034,41
4900.0,5.0,980.0,300.0,1700.0,1400.0,0.3469387755102041,0.061224489795918366,0.2,563.5601121442148,0.0,0.0,0.0,0.0,0.0,0.0,0.0,0.0,35.0,5154.285714285715,2.8,0.08163265306122448,1.0,0.8763657798782469,-0.8298571428571428,0.0,0.9550293166502122,-0.0,0,5034,41
4900.0,4.0,1225.0,300.0,1700.0,1400.0,0.3469387755102041,0.061224489795918366,0.25,544.8623679425842,0.0,0.0,0.0,0.0,0.0,0.0,0.0,0.0,35.0,5154.285714285715,2.8,0.08163265306122448,1.0,0.8763657798782469,-0.8298571428571428,0.0,0.9550293166502122,-0.0,0,5034,41
4900.0,6.0,816.6666666666666,100.0,1700.0,1600.0,0.3469387755102041,0.02040816326530612,0.16666666666666666,589.962334014262,0.0,0.0,0.0,0.0,0.0,0.0,0.0,0.0,35.0,5154.285714285715,2.8,0.08163265306122448,1.0,0.8763657798782469,-0.8298571428571428,0.0,0.9550293166502122,-0.0,0,5034,41
4900.0,4.0,1225.0,300.0,1600.0,1300.0,0.32653061224489793,0.061224489795918366,0.25,540.2545696243577,0.0,0.0,0.0,0.0,0.0,0.0,0.0,0.0,35.0,5154.285714285715,2.8,0.08163265306122448,1.0,0.8763657798782469,-0.8298571428571428,0.0,0.8988511215531407,-0.0,0,5034,41
4900.0,6.0,816.6666666666666,100.0,1600.0,1500.0,0.32653061224489793,0.02040816326530612,0.16666666666666666,587.1304984602846,0.0,0.0,0.0,0.0,0.0,0.0,0.0,0.0,35.0,5154.285714285715,2.8,0.08163265306122448,1.0,0.8763657798782469,-0.8298571428571428,0.0,0.8988511215531407,-0.0,0,5034,41
4900.0,5.0,980.0,100.0,1600.0,1500.0,0.32653061224489793,0.02040816326530612,0.2,643.1174076325411,0.0,0.0,0.0,0.0,0.0,0.0,0.0,0.0,35.0,5154.285714285715,2.8,0.08163265306122448,1.0,0.8763657798782469,-0.8298571428571428,0.0,0.8988511215531407,-0.0,0,5034,41
4900.0,5.0,980.0,100.0,1600.0,1500.0,0.32653061224489793,0.02040816326530612,0.2,643.1174076325411,0.0,0.0,0.0,0.0,0.0,0.0,0.0,0.0,35.0,5154.285714285715,2.8,0.08163265306122448,1.0,0.8763657798782469,-0.8298571428571428,0.0,0.8988511215531407,-0.0,0,5034,41
5700.0,3.0,1900.0,100.0,2800.0,2700.0,0.49122807017543857,0.017543859649122806,0.3333333333333333,1272.7922061357856,0.0,0.0,0.0,0.0,0.0,0.0,0.0,0.0,35.0,5154.285714285715,2.8,0.08163265306122448,1.0,0.8763657798782469,-0.8298571428571428,0.0,1.3522190118102075,-0.0,1,5035,41
5700.0,3.0,1900.0,100.0,2800.0,2700.0,0.49122807017543857,0.017543859649122806,0.3333333333333333,1272.7922061357856,0.0,0.0,0.0,0.0,0.0,0.0,0.0,0.0,35.0,5154.285714285715,2.8,0.08163265306122448,1.0,0.8763657798782469,-0.8298571428571428,0.0,1.3522190118102075,-0.0,0,5035,41
5700.0,3.0,1900.0,200.0,2800.0,2600.0,0.49122807017543857,0.03508771929824561,0.3333333333333333,1202.7745701779145,0.0,0.0,0.0,0.0,0.0,0.0,0.0,0.0,35.0,5154.285714285715,2.8,0.08163265306122448,1.0,0.8763657798782469,-0.8298571428571428,0.0,1.3522190118102075,-0.0,0,5035,41
5700.0,3.0,1900.0,1100.0,2800.0,1700.0,0.49122807017543857,0.19298245614035087,0.3333333333333333,697.614984548545,0.0,0.0,0.0,0.0,0.0,0.0,0.0,0.0,35.0,5154.285714285715,2.8,0.08163265306122448,1.0,0.8763657798782469,-0.8298571428571428,0.0,1.3522190118102075,-0.0,0,5035,41
5700.0,5.0,1140.0,100.0,2800.0,2700.0,0.49122807017543857,0.017543859649122806,0.2,976.933979345585,0.0,0.0,0.0,0.0,0.0,0.0,0.0,0.0,35.0,5154.285714285715,2.8,0.08163265306122448,1.0,0.8763657798782469,-0.8298571428571428,0.0,1.3522190118102075,-0.0,0,5035,41
5700.0,3.0,1900.0,100.0,2800.0,2700.0,0.49122807017543857,0.017543859649122806,0.3333333333333333,1272.7922061357856,0.0,0.0,0.0,0.0,0.0,0.0,0.0,0.0,35.0,5154.285714285715,2.8,0.08163265306122448,1.0,0.8763657798782469,-0.8298571428571428,0.0,1.3522190118102075,-0.0,0,5035,41
5700.0,3.0,1900.0,200.0,2800.0,2600.0,0.49122807017543857,0.03508771929824561,0.3333333333333333,1202.7745701779145,0.0,0.0,0.0,0.0,0.0,0.0,0.0,0.0,35.0,5154.285714285715,2.8,0.08163265306122448,1.0,0.8763657798782469,-0.8298571428571428,0.0,1.3522190118102075,-0.0,0,5035,41
5700.0,3.0,1900.0,1100.0,2800.0,1700.0,0.49122807017543857,0.19298245614035087,0.3333333333333333,697.614984548545,0.0,0.0,0.0,0.0,0.0,0.0,0.0,0.0,35.0,5154.285714285715,2.8,0.08163265306122448,1.0,0.8763657798782469,-0.8298571428571428,0.0,1.3522190118102075,-0.0,0,5035,41
5700.0,5.0,1140.0,100.0,2800.0,2700.0,0.49122807017543857,0.017543859649122806,0.2,976.933979345585,0.0,0.0,0.0,0.0,0.0,0.0,0.0,0.0,35.0,5154.285714285715,2.8,0.08163265306122448,1.0,0.8763657798782469,-0.8298571428571428,0.0,1.3522190118102075,-0.0,0,5035,41
5700.0,3.0,1900.0,200.0,2800.0,2600.0,0.49122807017543857,0.03508771929824561,0.3333333333333333,1202.7745701779145,0.0,0.0,0.0,0.0,0.0,0.0,0.0,0.0,35.0,5154.285714285715,2.8,0.08163265306122448,1.0,0.8763657798782469,-0.8298571428571428,0.0,1.3522190118102075,-0.0,0,5035,41
5700.0,3.0,1900.0,1100.0,2800.0,1700.0,0.49122807017543857,0.19298245614035087,0.3333333333333333,697.614984548545,0.0,0.0,0.0,0.0,0.0,0.0,0.0,0.0,35.0,5154.285714285715,2.8,0.08163265306122448,1.0,0.8763657798782469,-0.8298571428571428,0.0,1.3522190118102075,-0.0,0,5035,41
5700.0,5.0,1140.0,100.0,2800.0,2700.0,0.49122807017543857,0.017543859649122806,0.2,976.933979345585,0.0,0.0,0.0,0.0,0.0,0.0,0.0,0.0,35.0,5154.285714285715,2.8,0.08163265306122448,1.0,0.8763657798782469,-0.8298571428571428,0.0,1.3522190118102075,-0.0,0,5035,41
5700.0,3.0,1900.0,1100.0,2700.0,1600.0,0.47368421052631576,0.19298245614035087,0.3333333333333333,653.1972647421809,0.0,0.0,0.0,0.0,0.0,0.0,0.0,0.0,35.0,5154.285714285715,2.8,0.08163265306122448,1.0,0.8763657798782469,-0.8298571428571428,0.0,1.3039254756741285,-0.0,0,5035,41
5700.0,4.0,1425.0,100.0,2700.0,2600.0,0.47368421052631576,0.017543859649122806,0.25,952.2998477370455,0.0,0.0,0.0,0.0,0.0,0.0,0.0,0.0,35.0,5154.285714285715,2.8,0.08163265306122448,1.0,0.8763657798782469,-0.8298571428571428,0.0,1.3039254756741285,-0.0,0,5035,41
5700.0,4.0,1425.0,200.0,2300.0,2100.0,0.40350877192982454,0.03508771929824561,0.25,791.7543811056557,0.0,0.0,0.0,0.0,0.0,0.0,0.0,0.0,35.0,5154.285714285715,2.8,0.08163265306122448,1.0,0.8763657798782469,-0.8298571428571428,0.0,1.1107513311298132,-0.0,0,5035,41
5700.0,4.0,1425.0,200.0,2300.0,2100.0,0.40350877192982454,0.03508771929824561,0.25,791.7543811056557,0.0,0.0,0.0,0.0,0.0,0.0,0.0,0.0,35.0,5154.285714285715,2.8,0.08163265306122448,1.0,0.8763657798782469,-0.8298571428571428,0.0,1.1107513311298132,-0.0,0,5035,41
5700.0,5.0,1140.0,100.0,2300.0,2200.0,0.40350877192982454,0.017543859649122806,0.2,868.5620300243386,0.0,0.0,0.0,0.0,0.0,0.0,0.0,0.0,35.0,5154.285714285715,2.8,0.08163265306122448,1.0,0.8763657798782469,-0.8298571428571428,0.0,1.1107513311298132,-0.0,0,5035,41
5700.0,5.0,1140.0,100.0,2300.0,2200.0,0.40350877192982454,0.017543859649122806,0.2,868.5620300243386,0.0,0.0,0.0,0.0,0.0,0.0,0.0,0.0,35.0,5154.285714285715,2.8,0.08163265306122448,1.0,0.8763657798782469,-0.8298571428571428,0.0,1.1107513311298132,-0.0,0,5035,41
5700.0,5.0,1140.0,100.0,1900.0,1800.0,0.3333333333333333,0.017543859649122806,0.2,585.1495535331118,0.0,0.0,0.0,0.0,0.0,0.0,0.0,0.0,35.0,5154.285714285715,2.8,0.08163265306122448,1.0,0.8763657798782469,-0.8298571428571428,0.0,0.9175771865854979,-0.0,0,5035,41
5700.0,5.0,1140.0,200.0,1800.0,1600.0,0.3157894736842105,0.03508771929824561,0.2,523.8320341483518,0.0,0.0,0.0,0.0,0.0,0.0,0.0,0.0,35.0,5154.285714285715,2.8,0.08163265306122448,1.0,0.8763657798782469,-0.8298571428571428,0.0,0.869283650449419,-0.0,0,5035,41
2500.0,2.0,1250.0,400.0,2100.0,1700.0,0.84,0.16,0.5,850.0,0.0,0.0,0.0,0.0,0.0,0.0,0.0,0.0,35.0,4211.428571428572,2.4857142857142858,0.022988505747126436,0.014285714285714285,1.0,-0.867547619047619,0.0,2.52,-0.0,1,5036,52
2500.0,2.0,1250.0,400.0,2100.0,1700.0,0.84,0.16,0.5,850.0,0.0,0.0,0.0,0.0,0.0,0.0,0.0,0.0,35.0,4211.428571428572,2.4857142857142858,0.022988505747126436,0.014285714285714285,1.0,-0.867547619047619,0.0,2.52,-0.0,0,5036,52
2500.0,3.0,833.3333333333334,100.0,2100.0,2000.0,0.84,0.04,0.33333333333333337,899.3825042154695,0.0,0.0,0.0,0.0,0.0,0.0,0.0,0.0,35.0,4211.428571428572,2.4857142857142858,0.022988505747126436,0.014285714285714285,1.0,-0.867547619047619,0.0,2.52,-0.0,0,5036,52
2500.0,2.0,1250.0,400.0,2100.0,1700.0,0.84,0.16,0.5,850.0,0.0,0.0,0.0,0.0,0.0,0.0,0.0,0.0,35.0,4211.428571428572,2.4857142857142858,0.022988505747126436,0.014285714285714285,1.0,-0.867547619047619,0.0,2.52,-0.0,0,5036,52
2500.0,2.0,1250.0,400.0,2100.0,1700.0,0.84,0.16,0.5,850.0,0.0,0.0,0.0,0.0,0.0,0.0,0.0,0.0,35.0,4211.428571428572,2.4857142857142858,0.022988505747126436,0.014285714285714285,1.0,-0.867547619047619,0.0,2.52,-0.0,0,5036,52
2500.0,3.0,833.3333333333334,100.0,2100.0,2000.0,0.84,0.04,0.33333333333333337,899.3825042154695,0.0,0.0,0.0,0.0,0.0,0.0,0.0,0.0,35.0,4211.428571428572,2.4857142857142858,0.022988505747126436,0.014285714285714285,1.0,-0.867547619047619,0.0,2.52,-0.0,0,5036,52
2500.0,3.0,833.3333333333334,100.0,2000.0,1900.0,0.8,0.04,0.33333333333333337,833.9997335464535,0.0,0.0,0.0,0.0,0.0,0.0,0.0,0.0,35.0,4211.428571428572,2.4857142857142858,0.022988505747126436,0.014285714285714285,1.0,-0.867547619047619,0.0,2.4000000000000004,-0.0,0,5036,52
2500.0,3.0,833.3333333333334,100.0,2000.0,1900.0,0.8,0.04,0.33333333333333337,833.9997335464535,0.0,0.0,0.0,0.0,0.0,0.0,0.0,0.0,35.0,4211.428571428572,2.4857142857142858,0.022988505747126436,0.014285714285714285,1.0,-0.867547619047619,0.0,2.4000000000000004,-0.0,0,5036,52
2500.0,2.0,1250.0,1100.0,1400.0,300.0,0.56,0.44,0.5,150.0,0.0,0.0,0.0,0.0,0.0,0.0,0.0,0.0,35.0,4211.428571428572,2.4857142857142858,0.022988505747126436,0.014285714285714285,1.0,-0.867547619047619,0.0,1.6800000000000002,-0.0,0,5036,52
2500.0,4.0,625.0,300.0,1400.0,1100.0,0.56,0.12,0.25,449.30501889028574,0.0,0.0,0.0,0.0,0.0,0.0,0.0,0.0,35.0,4211.428571428572,2.4857142857142858,0.022988505747126436,0.014285714285714285,1.0,-0.867547619047619,0.0,1.6800000000000002,-0.0,0,5036,52
2500.0,3.0,833.3333333333334,100.0,1300.0,1200.0,0.52,0.04,0.33333333333333337,524.9338582674541,0.0,0.0,0.0,0.0,0.0,0.0,0.0,0.0,35.0,4211.428571428572,2.4857142857142858,0.022988505747126436,0.014285714285714285,1.0,-0.867547619047619,0.0,1.56,-0.0,0,5036,52
2500.0,5.0,500.0,100.0,1300.0,1200.0,0.52,0.04,0.2,414.7288270665544,0.0,0.0,0.0,0.0,0.0,0.0,0.0,0.0,35.0,4211.428571428572,2.4857142857142858,0.022988505747126436,0.014285714285714285,1.0,-0.867547619047619,0.0,1.56,-0.0,0,5036,52
6100.0,4.0,1525.0,1000.0,2500.0,1500.0,0.4098360655737705,0.16393442622950818,0.25,593.1905258852336,0.0,0.0,0.0,0.0,17.0,0.0,17.0,4.25,35.0,4211.428571428572,2.4857142857142858,0.022988505747126436,0.014285714285714285,1.0,-0.867547619047619,0.0,1.2295081967213115,-0.031241547619047617,1,5037,52
3500.0,2.0,1750.0,1500.0,2000.0,500.0,0.5714285714285714,0.42857142857142855,0.5,250.0,0.0,0.0,0.0,0.0,0.0,0.0,0.0,0.0,35.0,4211.428571428572,2.4857142857142858,0.022988505747126436,0.014285714285714285,1.0,-0.867547619047619,0.0,1.7142857142857142,-0.0,1,5038,52
6200.0,3.0,2066.6666666666665,400.0,3000.0,2600.0,0.4838709677419355,0.06451612903225806,0.3333333333333333,1181.33634311129,0.0,0.0,0.0,0.0,0.0,0.0,0.0,0.0,35.0,4211.428571428572,2.4857142857142858,0.022988505747126436,0.014285714285714285,1.0,-0.867547619047619,0.0,1.4516129032258065,-0.0,0,5039,52
6200.0,3.0,2066.6666666666665,900.0,3000.0,2100.0,0.4838709677419355,0.14516129032258066,0.3333333333333333,873.053390247253,0.0,0.0,0.0,0.0,0.0,0.0,0.0,0.0,35.0,4211.428571428572,2.4857142857142858,0.022988505747126436,0.014285714285714285,1.0,-0.867547619047619,0.0,1.4516129032258065,-0.0,1,5039,52
6200.0,3.0,2066.6666666666665,900.0,3000.0,2100.0,0.4838709677419355,0.14516129032258066,0.3333333333333333,873.053390247253,0.0,0.0,0.0,0.0,0.0,0.0,0.0,0.0,35.0,4211.428571428572,2.4857142857142858,0.022988505747126436,0.014285714285714285,1.0,-0.867547619047619,0.0,1.4516129032258065,-0.0,0,5039,52
6200.0,3.0,2066.6666666666665,1300.0,3000.0,1700.0,0.4838709677419355,0.20967741935483872,0.3333333333333333,703.9570693980959,0.0,0.0,0.0,0.0,17.0,0.0,17.0,5.666666666666667,35.0,4211.428571428572,2.4857142857142858,0.022988505747126436,0.014285714285714285,1.0,-0.867547619047619,0.0,1.4516129032258065,-0.041655396825396825,0,5039,52
6200.0,4.0,1550.0,400.0,3000.0,2600.0,0.4838709677419355,0.06451612903225806,0.25,996.2429422585637,0.0,0.0,0.0,0.0,0.0,0.0,0.0,0.0,35.0,4211.428571428572,2.4857142857142858,0.022988505747126436,0.014285714285714285,1.0,-0.867547619047619,0.0,1.4516129032258065,-0.0,0,5039,52
6200.0,4.0,1550.0,900.0,3000.0,2100.0,0.4838709677419355,0.14516129032258066,0.25,850.0,0.0,0.0,0.0,0.0,17.0,0.0,17.0,4.25,35.0,4211.428571428572,2.4857142857142858,0.022988505747126436,0.014285714285714285,1.0,-0.867547619047619,0.0,1.4516129032258065,-0.031241547619047617,0,5039,52
6100.0,3.0,2033.3333333333333,200.0,3000.0,2800.0,0.4918032786885246,0.03278688524590164,0.3333333333333333,1297.0050972229146,0.0,0.0,0.0,0.0,21.0,0.0,21.0,7.0,35.0,4211.428571428572,2.4857142857142858,0.022988505747126436,0.014285714285714285,1.0,-0.867547619047619,0.0,1.4754098360655736,-0.051456666666666664,0,5040,52
6100.0,3.0,2033.3333333333333,700.0,3000.0,2300.0,0.4918032786885246,0.11475409836065574,0.3333333333333333,974.1092797468305,0.0,0.0,0.0,0.0,0.0,0.0,0.0,0.0,35.0,4211.428571428572,2.4857142857142858,0.022988505747126436,0.014285714285714285,1.0,-0.867547619047619,0.0,1.4754098360655736,-0.0,0,5040,52
6100.0,3.0,2033.3333333333333,700.0,3000.0,2300.0,0.4918032786885246,0.11475409836065574,0.3333333333333333,974.1092797468305,0.0,0.0,0.0,0.0,0.0,0.0,0.0,0.0,35.0,4211.428571428572,2.4857142857142858,0.022988505747126436,0.014285714285714285,1.0,-0.867547619047619,0.0,1.4754098360655736,-0.0,0,5040,52
6100.0,3.0,2033.3333333333333,1000.0,3000.0,2000.0,0.4918032786885246,0.16393442622950818,0.3333333333333333,817.8562764256865,0.0,0.0,0.0,0.0,47.0,0.0,47.0,15.666666666666666,35.0,4211.428571428572,2.4857142857142858,0.022988505747126436,0.014285714285714285,1.0,-0.867547619047619,0.0,1.4754098360655736,-0.1151649206349206,1,5040,52
6100.0,4.0,1525.0,200.0,2900.0,2700.0,0.47540983606557374,0.03278688524590164,0.25,1044.9282272003184,0.0,0.0,0.0,0.0,33.0,0.0,33.0,13.5,35.0,4211.428571428572,2.4857142857142858,0.022988505747126436,0.014285714285714285,1.0,-0.867547619047619,0.0,1.4262295081967213,-0.09923785714285714,0,5040,52
6100.0,4.0,1525.0,700.0,2400.0,1700.0,0.39344262295081966,0.11475409836065574,0.25,736.1215932167728,0.0,0.0,0.0,0.0,33.0,0.0,33.0,8.25,35.0,4211.428571428572,2.4857142857142858,0.022988505747126436,0.014285714285714285,1.0,-0.867547619047619,0.0,1.180327868852459,-0.06064535714285714,0,5040,52
6100.0,4.0,1525.0,700.0,2400.0,1700.0,0.39344262295081966,0.11475409836065574,0.25,736.1215932167728,0.0,0.0,0.0,0.0,33.0,0.0,33.0,8.25,35.0,4211.428571428572,2.4857142857142858,0.022988505747126436,0.014285714285714285,1.0,-0.867547619047619,0.0,1.180327868852459,-0.06064535714285714,0,5040,52
800.0,2.0,400.0,400.0,400.0,0.0,0.5,0.5,0.5,0.0,0.0,0.0,0.0,0.0,0.0,0.0,0.0,0.0,35.0,4211.428571428572,2.4857142857142858,0.022988505747126436,0.014285714285714285,1.0,-0.867547619047619,0.0,1.5,-0.0,1,5041,52
800.0,3.0,266.6666666666667,100.0,400.0,300.0,0.5,0.125,0.33333333333333337,124.72191289246472,0.0,0.0,0.0,0.0,0.0,0.0,0.0,0.0,35.0,4211.428571428572,2.4857142857142858,0.022988505747126436,0.014285714285714285,1.0,-0.867547619047619,0.0,1.5,-0.0,0,5041,52
800.0,3.0,266.6666666666667,100.0,400.0,300.0,0.5,0.125,0.33333333333333337,124.72191289246472,0.0,0.0,0.0,0.0,0.0,0.0,0.0,0.0,35.0,4211.428571428572,2.4857142857142858,0.022988505747126436,0.014285714285714285,1.0,-0.867547619047619,0.0,1.5,-0.0,0,5041,52
800.0,3.0,266.6666666666667,100.0,400.0,300.0,0.5,0.125,0.33333333333333337,124.72191289246472,0.0,0.0,0.0,0.0,0.0,0.0,0.0,0.0,35.0,4211.428571428572,2.4857142857142858,0.022988505747126436,0.014285714285714285,1.0,-0.867547619047619,0.0,1.5,-0.0,0,5041,52
800.0,3.0,266.6666666666667,100.0,400.0,300.0,0.5,0.125,0.33333333333333337,124.72191289246472,0.0,0.0,0.0,0.0,0.0,0.0,0.0,0.0,35.0,4211.428571428572,2.4857142857142858,0.022988505747126436,0.014285714285714285,1.0,-0.867547619047619,0.0,1.5,-0.0,0,5041,52
1200.0,1.0,1200.0,1200.0,1200.0,0.0,1.0,1.0,1.0,0.0,0.0,0.0,0.0,0.0,0.0,0.0,0.0,0.0,35.0,4211.428571428572,2.4857142857142858,0.022988505747126436,0.014285714285714285,1.0,-0.867547619047619,0.0,3.0,-0.0,1,5042,52
1200.0,3.0,400.0,300.0,500.0,200.0,0.4166666666666667,0.25,0.3333333333333333,81.64965809277261,0.0,0.0,0.0,0.0,0.0,0.0,0.0,0.0,35.0,4211.428571428572,2.4857142857142858,0.022988505747126436,0.014285714285714285,1.0,-0.867547619047619,0.0,1.25,-0.0,0,5042,52
1200.0,3.0,400.0,300.0,500.0,200.0,0.4166666666666667,0.25,0.3333333333333333,81.64965809277261,0.0,0.0,0.0,0.0,0.0,0.0,0.0,0.0,35.0,4211.428571428572,2.4857142857142858,0.022988505747126436,0.014285714285714285,1.0,-0.867547619047619,0.0,1.25,-0.0,0,5042,52
1000.0,2.0,500.0,200.0,800.0,600.0,0.8,0.2,0.5,300.0,0.0,0.0,0.0,0.0,4.0,0.0,4.0,2.0,35.0,4211.428571428572,2.4857142857142858,0.022988505747126436,0.014285714285714285,1.0,-0.867547619047619,0.0,2.4000000000000004,-0.014701904761904762,1,5043,52
1000.0,2.0,500.0,200.0,800.0,600.0,0.8,0.2,0.5,300.0,0.0,0.0,0.0,0.0,4.0,0.0,4.0,2.0,35.0,4211.428571428572,2.4857142857142858,0.022988505747126436,0.014285714285714285,1.0,-0.867547619047619,0.0,2.4000000000000004,-0.014701904761904762,0,5043,52
1000.0,2.0,500.0,200.0,800.0,600.0,0.8,0.2,0.5,300.0,0.0,0.0,0.0,0.0,0.0,0.0,0.0,0.0,35.0,4211.428571428572,2.4857142857142858,0.022988505747126436,0.014285714285714285,1.0,-0.867547619047619,0.0,2.4000000000000004,-0.0,0,5043,52
1000.0,2.0,500.0,200.0,800.0,600.0,0.8,0.2,0.5,300.0,0.0,0.0,0.0,0.0,0.0,0.0,0.0,0.0,35.0,4211.428571428572,2.4857142857142858,0.022988505747126436,0.014285714285714285,1.0,-0.867547619047619,0.0,2.4000000000000004,-0.0,0,5043,52
1000.0,2.0,500.0,300.0,700.0,400.0,0.7,0.3,0.5,200.0,0.0,0.0,0.0,0.0,0.0,0.0,0.0,0.0,35.0,4211.428571428572,2.4857142857142858,0.022988505747126436,0.014285714285714285,1.0,-0.867547619047619,0.0,2.0999999999999996,-0.0,0,5043,52
6700.0,4.0,1675.0,500.0,2800.0,2300.0,0.417910447761194,0.07462686567164178,0.25,990.8960591303207,0.0,0.0,0.0,0.0,59.0,0.0,59.0,19.5,35.0,4211.428571428572,2.4857142857142858,0.022988505747126436,0.014285714285714285,1.0,-0.867547619047619,0.0,1.2537313432835822,-0.14334357142857143,0,5044,52
6700.0,4.0,1675.0,500.0,2800.0,2300.0,0.417910447761194,0.07462686567164178,0.25,990.8960591303207,0.0,0.0,0.0,0.0,59.0,0.0,59.0,14.75,35.0,4211.428571428572,2.4857142857142858,0.022988505747126436,0.014285714285714285,1.0,-0.867547619047619,0.0,1.2537313432835822,-0.1084265476190476,0,5044,52
6700.0,4.0,1675.0,500.0,2800.0,2300.0,0.417910447761194,0.07462686567164178,0.25,990.8960591303207,0.0,0.0,0.0,0.0,59.0,0.0,59.0,25.75,35.0,4211.428571428572,2.4857142857142858,0.022988505747126436,0.014285714285714285,1.0,-0.867547619047619,0.0,1.2537313432835822,-0.1892870238095238,0,5044,52
6700.0,3.0,2233.3333333333335,1700.0,2800.0,1100.0,0.417910447761194,0.2537313432835821,0.33333333333333337,449.6912521077347,0.0,0.0,0.0,0.0,60.0,0.0,60.0,20.0,35.0,4211.428571428572,2.4857142857142858,0.022988505747126436,0.014285714285714285,1.0,-0.867547619047619,0.0,1.2537313432835822,-0.1470190476190476,1,5044,52
6700.0,5.0,1340.0,500.0,2800.0,2300.0,0.417910447761194,0.07462686567164178,0.2,882.2698000045111,0.0,0.0,0.0,0.0,59.0,0.0,59.0,15.6,35.0,4211.428571428572,2.4857142857142858,0.022988505747126436,0.014285714285714285,1.0,-0.867547619047619,0.0,1.2537313432835822,-0.11467485714285713,0,5044,52
6700.0,5.0,1340.0,500.0,2800.0,2300.0,0.417910447761194,0.07462686567164178,0.2,882.2698000045111,0.0,0.0,0.0,0.0,59.0,0.0,59.0,11.8,35.0,4211.428571428572,2.4857142857142858,0.022988505747126436,0.014285714285714285,1.0,-0.867547619047619,0.0,1.2537313432835822,-0.0867412380952381,0,5044,52
6700.0,5.0,1340.0,500.0,2800.0,2300.0,0.417910447761194,0.07462686567164178,0.2,882.2698000045111,0.0,0.0,0.0,0.0,59.0,0.0,59.0,20.6,35.0,4211.428571428572,2.4857142857142858,0.022988505747126436,0.014285714285714285,1.0,-0.867547619047619,0.0,1.2537313432835822,-0.15142961904761904,0,5044,52
6700.0,4.0,1675.0,600.0,2600.0,2000.0,0.3880597014925373,0.08955223880597014,0.25,931.0612224768037,0.0,0.0,0.0,0.0,59.0,0.0,59.0,27.25,35.0,4211.428571428572,2.4857142857142858,0.022988505747126436,0.014285714285714285,1.0,-0.867547619047619,0.0,1.164179104477612,-0.20031345238095238,0,5044,52
6700.0,5.0,1340.0,500.0,2600.0,2100.0,0.3880597014925373,0.07462686567164178,0.2,1028.7856919689348,0.0,0.0,0.0,0.0,50.0,0.0,50.0,22.6,35.0,4211.428571428572,2.4857142857142858,0.022988505747126436,0.014285714285714285,1.0,-0.867547619047619,0.0,1.164179104477612,-0.16613152380952378,0,5044,52
6700.0,5.0,1340.0,500.0,2600.0,2100.0,0.3880597014925373,0.07462686567164178,0.2,989.141041510259,0.0,0.0,0.0,0.0,19.0,0.0,19.0,3.8,35.0,4211.428571428572,2.4857142857142858,0.022988505747126436,0.014285714285714285,1.0,-0.867547619047619,0.0,1.164179104477612,-0.027933619047619044,0,5044,52
6700.0,5.0,1340.0,500.0,2600.0,2100.0,0.3880597014925373,0.07462686567164178,0.2,989.141041510259,0.0,0.0,0.0,0.0,44.0,0.0,44.0,12.6,35.0,4211.428571428572,2.4857142857142858,0.022988505747126436,0.014285714285714285,1.0,-0.867547619047619,0.0,1.164179104477612,-0.092622,0,5044,52
6700.0,5.0,1340.0,500.0,2600.0,2100.0,0.3880597014925373,0.07462686567164178,0.2,989.141041510259,0.0,0.0,0.0,0.0,44.0,0.0,44.0,8.8,35.0,4211.428571428572,2.4857142857142858,0.022988505747126436,0.014285714285714285,1.0,-0.867547619047619,0.0,1.164179104477612,-0.06468838095238096,0,5044,52
6700.0,3.0,2233.3333333333335,1900.0,2600.0,700.0,0.3880597014925373,0.2835820895522388,0.33333333333333337,286.74417556808754,0.0,0.0,0.0,0.0,60.0,0.0,60.0,20.0,35.0,4211.428571428572,2.4857142857142858,0.022988505747126436,0.014285714285714285,1.0,-0.867547619047619,0.0,1.164179104477612,-0.1470190476190476,0,5044,52
6700.0,5.0,1340.0,500.0,2600.0,2100.0,0.3880597014925373,0.07462686567164178,0.2,886.7919710958146,0.0,0.0,0.0,0.0,60.0,0.0,60.0,27.6,35.0,4211.428571428572,2.4857142857142858,0.022988505747126436,0.014285714285714285,1.0,-0.867547619047619,0.0,1.164179104477612,-0.2028862857142857,0,5044,52
6700.0,5.0,1340.0,500.0,2600.0,2100.0,0.3880597014925373,0.07462686567164178,0.2,886.7919710958146,0.0,0.0,0.0,0.0,60.0,0.0,60.0,36.4,35.0,4211.428571428572,2.4857142857142858,0.022988505747126436,0.014285714285714285,1.0,-0.867547619047619,0.0,1.164179104477612,-0.2675746666666666,0,5044,52
6700.0,5.0,1340.0,500.0,2600.0,2100.0,0.3880597014925373,0.07462686567164178,0.2,886.7919710958146,0.0,0.0,0.0,0.0,60.0,0.0,60.0,32.6,35.0,4211.428571428572,2.4857142857142858,0.022988505747126436,0.014285714285714285,1.0,-0.867547619047619,0.0,1.164179104477612,-0.23964104761904761,0,5044,52
6700.0,4.0,1675.0,500.0,2600.0,2100.0,0.3880597014925373,0.07462686567164178,0.25,756.2241731127087,0.0,0.0,0.0,0.0,19.0,0.0,19.0,4.75,35.0,4211.428571428572,2.4857142857142858,0.022988505747126436,0.014285714285714285,1.0,-0.867547619047619,0.0,1.164179104477612,-0.03491702380952381,0,5044,52
6700.0,4.0,1675.0,500.0,2600.0,2100.0,0.3880597014925373,0.07462686567164178,0.25,756.2241731127087,0.0,0.0,0.0,0.0,0.0,0.0,0.0,0.0,35.0,4211.428571428572,2.4857142857142858,0.022988505747126436,0.014285714285714285,1.0,-0.867547619047619,0.0,1.164179104477612,-0.0,0,5044,52
6700.0,4.0,1675.0,500.0,2600.0,2100.0,0.3880597014925373,0.07462686567164178,0.25,756.2241731127087,0.0,0.0,0.0,0.0,44.0,0.0,44.0,11.0,35.0,4211.428571428572,2.4857142857142858,0.022988505747126436,0.014285714285714285,1.0,-0.867547619047619,0.0,1.164179104477612,-0.08086047619047618,0,5044,52
6700.0,6.0,1116.6666666666667,500.0,2600.0,2100.0,0.3880597014925373,0.07462686567164178,0.16666666666666669,788.2822393590311,0.0,0.0,0.0,0.0,59.0,0.0,59.0,20.333333333333332,35.0,4211.428571428572,2.4857142857142858,0.022988505747126436,0.014285714285714285,1.0,-0.867547619047619,0.0,1.164179104477612,-0.14946936507936504,0,5044,52
6700.0,5.0,1340.0,500.0,2600.0,2100.0,0.3880597014925373,0.07462686567164178,0.2,989.141041510259,0.0,0.0,0.0,0.0,50.0,0.0,50.0,13.8,35.0,4211.428571428572,2.4857142857142858,0.022988505747126436,0.014285714285714285,1.0,-0.867547619047619,0.0,1.164179104477612,-0.10144314285714286,0,5044,52
6700.0,5.0,1340.0,500.0,2600.0,2100.0,0.3880597014925373,0.07462686567164178,0.2,989.141041510259,0.0,0.0,0.0,0.0,50.0,0.0,50.0,22.6,35.0,4211.428571428572,2.4857142857142858,0.022988505747126436,0.014285714285714285,1.0,-0.867547619047619,0.0,1.164179104477612,-0.16613152380952378,0,5044,52
6700.0,5.0,1340.0,500.0,2600.0,2100.0,0.3880597014925373,0.07462686567164178,0.2,989.141041510259,0.0,0.0,0.0,0.0,50.0,0.0,50.0,18.8,35.0,4211.428571428572,2.4857142857142858,0.022988505747126436,0.014285714285714285,1.0,-0.867547619047619,0.0,1.164179104477612,-0.13819790476190474,0,5044,52
6700.0,3.0,2233.3333333333335,1900.0,2600.0,700.0,0.3880597014925373,0.2835820895522388,0.33333333333333337,286.74417556808754,0.0,0.0,0.0,0.0,60.0,0.0,60.0,36.666666666666664,35.0,4211.428571428572,2.4857142857142858,0.022988505747126436,0.014285714285714285,1.0,-0.867547619047619,0.0,1.164179104477612,-0.26953492063492057,0,5044,52
6700.0,5.0,1340.0,500.0,2600.0,2100.0,0.3880597014925373,0.07462686567164178,0.2,886.7919710958146,0.0,0.0,0.0,0.0,60.0,0.0,60.0,37.6,35.0,4211.428571428572,2.4857142857142858,0.022988505747126436,0.014285714285714285,1.0,-0.867547619047619,0.0,1.164179104477612,-0.2763958095238095,0,5044,52
6700.0,5.0,1340.0,500.0,2600.0,2100.0,0.3880597014925373,0.07462686567164178,0.2,886.7919710958146,0.0,0.0,0.0,0.0,60.0,19.0,41.0,46.4,35.0,4211.428571428572,2.4857142857142858,0.022988505747126436,0.014285714285714285,1.0,-0.867547619047619,0.0,1.164179104477612,-0.34108419047619043,0,5044,52
6700.0,5.0,1340.0,500.0,2600.0,2100.0,0.3880597014925373,0.07462686567164178,0.2,886.7919710958146,0.0,0.0,0.0,0.0,60.0,0.0,60.0,42.6,35.0,4211.428571428572,2.4857142857142858,0.022988505747126436,0.014285714285714285,1.0,-0.867547619047619,0.0,1.164179104477612,-0.3131505714285714,0,5044,52
6700.0,4.0,1675.0,500.0,2600.0,2100.0,0.3880597014925373,0.07462686567164178,0.25,756.2241731127087,0.0,0.0,0.0,0.0,50.0,0.0,50.0,17.25,35.0,4211.428571428572,2.4857142857142858,0.022988505747126436,0.014285714285714285,1.0,-0.867547619047619,0.0,1.164179104477612,-0.12680392857142855,0,5044,52
6700.0,4.0,1675.0,500.0,2600.0,2100.0,0.3880597014925373,0.07462686567164178,0.25,756.2241731127087,0.0,0.0,0.0,0.0,50.0,0.0,50.0,12.5,35.0,4211.428571428572,2.4857142857142858,0.022988505747126436,0.014285714285714285,1.0,-0.867547619047619,0.0,1.164179104477612,-0.09188690476190475,0,5044,52
6700.0,4.0,1675.0,500.0,2600.0,2100.0,0.3880597014925373,0.07462686567164178,0.25,756.2241731127087,0.0,0.0,0.0,0.0,50.0,0.0,50.0,23.5,35.0,4211.428571428572,2.4857142857142858,0.022988505747126436,0.014285714285714285,1.0,-0.867547619047619,0.0,1.164179104477612,-0.17274738095238093,0,5044,52
6700.0,6.0,1116.6666666666667,500.0,2600.0,2100.0,0.3880597014925373,0.07462686567164178,0.16666666666666669,788.2822393590311,0.0,0.0,0.0,0.0,59.0,0.0,59.0,28.666666666666668,35.0,4211.428571428572,2.4857142857142858,0.022988505747126436,0.014285714285714285,1.0,-0.867547619047619,0.0,1.164179104477612,-0.21072730158730157,0,5044,52
6700.0,5.0,1340.0,500.0,2500.0,2000.0,0.373134328358209,0.07462686567164178,0.2,840.4760555780277,0.0,0.0,0.0,0.0,60.0,0.0,60.0,27.6,35.0,4211.428571428572,2.4857142857142858,0.022988505747126436,0.014285714285714285,1.0,-0.867547619047619,0.0,1.119402985074627,-0.2028862857142857,0,5044,52
6700.0,5.0,1340.0,500.0,2500.0,2000.0,0.373134328358209,0.07462686567164178,0.2,840.4760555780277,0.0,0.0,0.0,0.0,60.0,0.0,60.0,23.8,35.0,4211.428571428572,2.4857142857142858,0.022988505747126436,0.014285714285714285,1.0,-0.867547619047619,0.0,1.119402985074627,-0.17495266666666667,0,5044,52
6700.0,5.0,1340.0,500.0,2500.0,2000.0,0.373134328358209,0.07462686567164178,0.2,840.4760555780277,0.0,0.0,0.0,0.0,60.0,0.0,60.0,32.6,35.0,4211.428571428572,2.4857142857142858,0.022988505747126436,0.014285714285714285,1.0,-0.867547619047619,0.0,1.119402985074627,-0.23964104761904761,0,5044,52
6700.0,4.0,1675.0,600.0,2500.0,1900.0,0.373134328358209,0.08955223880597014,0.25,686.9315832017043,0.0,0.0,0.0,0.0,0.0,0.0,0.0,0.0,35.0,4211.428571428572,2.4857142857142858,0.022988505747126436,0.014285714285714285,1.0,-0.867547619047619,0.0,1.119402985074627,-0.0,0,5044,52
6700.0,6.0,1116.6666666666667,500.0,2500.0,2000.0,0.373134328358209,0.07462686567164178,0.16666666666666669,744.796765716811,0.0,0.0,0.0,0.0,59.0,0.0,59.0,13.0,35.0,4211.428571428572,2.4857142857142858,0.022988505747126436,0.014285714285714285,1.0,-0.867547619047619,0.0,1.119402985074627,-0.09556238095238094,0,5044,52
6700.0,6.0,1116.6666666666667,500.0,2500.0,2000.0,0.373134328358209,0.07462686567164178,0.16666666666666669,744.796765716811,0.0,0.0,0.0,0.0,59.0,0.0,59.0,20.333333333333332,35.0,4211.428571428572,2.4857142857142858,0.022988505747126436,0.014285714285714285,1.0,-0.867547619047619,0.0,1.119402985074627,-0.14946936507936504,0,5044,52
6700.0,6.0,1116.6666666666667,500.0,2500.0,2000.0,0.373134328358209,0.07462686567164178,0.16666666666666669,744.796765716811,0.0,0.0,0.0,0.0,59.0,0.0,59.0,17.166666666666668,35.0,4211.428571428572,2.4857142857142858,0.022988505747126436,0.014285714285714285,1.0,-0.867547619047619,0.0,1.119402985074627,-0.12619134920634922,0,5044,52
6700.0,4.0,1675.0,900.0,2200.0,1300.0,0.3283582089552239,0.13432835820895522,0.25,481.5340071064556,0.0,0.0,0.0,0.0,60.0,0.0,60.0,29.75,35.0,4211.428571428572,2.4857142857142858,0.022988505747126436,0.014285714285714285,1.0,-0.867547619047619,0.0,0.9850746268656716,-0.2186908333333333,0,5044,52
5300.0,4.0,1325.0,200.0,2400.0,2200.0,0.4528301886792453,0.03773584905660377,0.25,816.6241485530537,0.0,0.0,0.0,0.0,0.0,0.0,0.0,0.0,35.0,4211.428571428572,2.4857142857142858,0.022988505747126436,0.014285714285714285,1.0,-0.867547619047619,0.0,1.358490566037736,-0.0,1,5045,52
5300.0,4.0,1325.0,300.0,2400.0,2100.0,0.4528301886792453,0.05660377358490566,0.25,772.5768570181222,0.0,0.0,0.0,0.0,0.0,0.0,0.0,0.0,35.0,4211.428571428572,2.4857142857142858,0.022988505747126436,0.014285714285714285,1.0,-0.867547619047619,0.0,1.358490566037736,-0.0,0,5045,52
5300.0,4.0,1325.0,500.0,2400.0,1900.0,0.4528301886792453,0.09433962264150944,0.25,697.7642868476431,0.0,0.0,0.0,0.0,0.0,0.0,0.0,0.0,35.0,4211.428571428572,2.4857142857142858,0.022988505747126436,0.014285714285714285,1.0,-0.867547619047619,0.0,1.358490566037736,-0.0,0,5045,52
5300.0,5.0,1060.0,200.0,2400.0,2200.0,0.4528301886792453,0.03773584905660377,0.2,803.9900496896712,0.0,0.0,0.0,0.0,0.0,0.0,0.0,0.0,35.0,4211.428571428572,2.4857142857142858,0.022988505747126436,0.014285714285714285,1.0,-0.867547619047619,0.0,1.358490566037736,-0.0,0,5045,52
5300.0,3.0,1766.6666666666667,1600.0,2000.0,400.0,0.37735849056603776,0.3018867924528302,0.33333333333333337,169.96731711975949,0.0,0.0,0.0,0.0,0.0,0.0,0.0,0.0,35.0,4211.428571428572,2.4857142857142858,0.022988505747126436,0.014285714285714285,1.0,-0.867547619047619,0.0,1.1320754716981134,-0.0,0,5045,52
5300.0,4.0,1325.0,200.0,2000.0,1800.0,0.37735849056603776,0.03773584905660377,0.25,683.2825184358225,0.0,0.0,0.0,0.0,0.0,0.0,0.0,0.0,35.0,4211.428571428572,2.4857142857142858,0.022988505747126436,0.014285714285714285,1.0,-0.867547619047619,0.0,1.1320754716981134,-0.0,0,5045,52
5300.0,4.0,1325.0,300.0,2000.0,1700.0,0.37735849056603776,0.05660377358490566,0.25,629.9801584177077,0.0,0.0,0.0,0.0,0.0,0.0,0.0,0.0,35.0,4211.428571428572,2.4857142857142858,0.022988505747126436,0.014285714285714285,1.0,-0.867547619047619,0.0,1.1320754716981134,-0.0,0,5045,52
5300.0,5.0,1060.0,200.0,2000.0,1800.0,0.37735849056603776,0.03773584905660377,0.2,668.1317235396026,0.0,0.0,0.0,0.0,0.0,0.0,0.0,0.0,35.0,4211.428571428572,2.4857142857142858,0.022988505747126436,0.014285714285714285,1.0,-0.867547619047619,0.0,1.1320754716981134,-0.0,0,5045,52
5300.0,6.0,883.3333333333334,200.0,1700.0,1500.0,0.32075471698113206,0.03773584905660377,0.16666666666666669,598.3774357005414,0.0,0.0,0.0,0.0,0.0,0.0,0.0,0.0,35.0,4211.428571428572,2.4857142857142858,0.022988505747126436,0.014285714285714285,1.0,-0.867547619047619,0.0,0.9622641509433962,-0.0,0,5045,52
1500.0,2.0,750.0,400.0,1100.0,700.0,0.7333333333333333,0.26666666666666666,0.5,350.0,0.0,0.0,0.0,0.0,60.0,13.0,47.0,36.5,35.0,4211.428571428572,2.4857142857142858,0.022988505747126436,0.014285714285714285,1.0,-0.867547619047619,0.0,2.1999999999999997,-0.26830976190476186,1,5046,52
2900.0,2.0,1450.0,300.0,2600.0,2300.0,0.896551724137931,0.10344827586206896,0.5,1150.0,0.0,0.0,0.0,0.0,0.0,0.0,0.0,0.0,35.0,4211.428571428572,2.4857142857142858,0.022988505747126436,0.014285714285714285,1.0,-0.867547619047619,0.0,2.689655172413793,-0.0,1,5047,52
2900.0,2.0,1450.0,700.0,2200.0,1500.0,0.7586206896551724,0.2413793103448276,0.5,750.0,0.0,0.0,0.0,0.0,0.0,0.0,0.0,0.0,35.0,4211.428571428572,2.4857142857142858,0.022988505747126436,0.014285714285714285,1.0,-0.867547619047619,0.0,2.275862068965517,-0.0,0,5047,52
2900.0,3.0,966.6666666666666,300.0,2200.0,1900.0,0.7586206896551724,0.10344827586206896,0.3333333333333333,873.0533902472531,0.0,0.0,0.0,0.0,0.0,0.0,0.0,0.0,35.0,4211.428571428572,2.4857142857142858,0.022988505747126436,0.014285714285714285,1.0,-0.867547619047619,0.0,2.275862068965517,-0.0,0,5047,52
2900.0,2.0,1450.0,1000.0,1900.0,900.0,0.6551724137931034,0.3448275862068966,0.5,450.0,0.0,0.0,0.0,0.0,0.0,0.0,0.0,0.0,35.0,4211.428571428572,2.4857142857142858,0.022988505747126436,0.014285714285714285,1.0,-0.867547619047619,0.0,1.9655172413793103,-0.0,0,5047,52
2900.0,3.0,966.6666666666666,300.0,1900.0,1600.0,0.6551724137931034,0.10344827586206896,0.3333333333333333,679.8692684790379,0.0,0.0,0.0,0.0,0.0,0.0,0.0,0.0,35.0,4211.428571428572,2.4857142857142858,0.022988505747126436,0.014285714285714285,1.0,-0.867547619047619,0.0,1.9655172413793103,-0.0,0,5047,52
2900.0,3.0,966.6666666666666,700.0,1200.0,500.0,0.41379310344827586,0.2413793103448276,0.3333333333333333,205.48046676563257,0.0,0.0,0.0,0.0,0.0,0.0,0.0,0.0,35.0,4211.428571428572,2.4857142857142858,0.022988505747126436,0.014285714285714285,1.0,-0.867547619047619,0.0,1.2413793103448276,-0.0,0,5047,52
2900.0,4.0,725.0,300.0,1200.0,900.0,0.41379310344827586,0.10344827586206896,0.25,383.2427429188973,0.0,0.0,0.0,0.0,0.0,0.0,0.0,0.0,35.0,4211.428571428572,2.4857142857142858,0.022988505747126436,0.014285714285714285,1.0,-0.867547619047619,0.0,1.2413793103448276,-0.0,0,5047,52
2900.0,3.0,966.6666666666666,700.0,1200.0,500.0,0.41379310344827586,0.2413793103448276,0.3333333333333333,205.48046676563257,0.0,0.0,0.0,0.0,0.0,0.0,0.0,0.0,35.0,4211.428571428572,2.4857142857142858,0.022988505747126436,0.014285714285714285,1.0,-0.867547619047619,0.0,1.2413793103448276,-0.0,0,5047,52
2900.0,4.0,725.0,300.0,1200.0,900.0,0.41379310344827586,0.10344827586206896,0.25,383.2427429188973,0.0,0.0,0.0,0.0,0.0,0.0,0.0,0.0,35.0,4211.428571428572,2.4857142857142858,0.022988505747126436,0.014285714285714285,1.0,-0.867547619047619,0.0,1.2413793103448276,-0.0,0,5047,52
2900.0,3.0,966.6666666666666,700.0,1200.0,500.0,0.41379310344827586,0.2413793103448276,0.3333333333333333,205.48046676563257,0.0,0.0,0.0,0.0,0.0,0.0,0.0,0.0,35.0,4211.428571428572,2.4857142857142858,0.022988505747126436,0.014285714285714285,1.0,-0.867547619047619,0.0,1.2413793103448276,-0.0,0,5047,52
2900.0,4.0,725.0,300.0,1200.0,900.0,0.41379310344827586,0.10344827586206896,0.25,383.2427429188973,0.0,0.0,0.0,0.0,0.0,0.0,0.0,0.0,35.0,4211.428571428572,2.4857142857142858,0.022988505747126436,0.014285714285714285,1.0,-0.867547619047619,0.0,1.2413793103448276,-0.0,0,5047,52
2900.0,4.0,725.0,400.0,1000.0,600.0,0.3448275862068966,0.13793103448275862,0.25,216.50635094610965,0.0,0.0,0.0,0.0,0.0,0.0,0.0,0.0,35.0,4211.428571428572,2.4857142857142858,0.022988505747126436,0.014285714285714285,1.0,-0.867547619047619,0.0,1.0344827586206897,-0.0,0,5047,52
4200.0,2.0,2100.0,1200.0,3000.0,1800.0,0.7142857142857143,0.2857142857142857,0.5,900.0,0.0,0.0,0.0,0.0,0.0,0.0,0.0,0.0,35.0,4211.428571428572,2.4857142857142858,0.022988505747126436,0.014285714285714285,1.0,-0.867547619047619,0.0,2.142857142857143,-0.0,1,5048,52
4200.0,5.0,840.0,100.0,3000.0,2900.0,0.7142857142857143,0.023809523809523808,0.2,1101.9981851164728,0.0,0.0,0.0,0.0,0.0,0.0,0.0,0.0,35.0,4211.428571428572,2.4857142857142858,0.022988505747126436,0.014285714285714285,1.0,-0.867547619047619,0.0,2.142857142857143,-0.0,0,5048,52
4200.0,5.0,840.0,100.0,3000.0,2900.0,0.7142857142857143,0.023809523809523808,0.2,1101.9981851164728,0.0,0.0,0.0,0.0,20.0,0.0,20.0,4.0,35.0,4211.428571428572,2.4857142857142858,0.022988505747126436,0.014285714285714285,1.0,-0.867547619047619,0.0,2.142857142857143,-0.029403809523809523,0,5048,52
4200.0,2.0,2100.0,1900.0,2300.0,400.0,0.5476190476190477,0.4523809523809524,0.5,200.0,0.0,0.0,0.0,0.0,22.0,9.0,13.0,15.5,35.0,4211.428571428572,2.4857142857142858,0.022988505747126436,0.014285714285714285,1.0,-0.867547619047619,0.0,1.642857142857143,-0.11393976190476189,0,5048,52
4200.0,4.0,1050.0,100.0,2300.0,2200.0,0.5476190476190477,0.023809523809523808,0.25,898.6100377805715,0.0,0.0,0.0,0.0,22.0,0.0,22.0,5.5,35.0,4211.428571428572,2.4857142857142858,0.022988505747126436,0.014285714285714285,1.0,-0.867547619047619,0.0,1.642857142857143,-0.04043023809523809,0,5048,52
4200.0,4.0,1050.0,100.0,2300.0,2200.0,0.5476190476190477,0.023809523809523808,0.25,898.6100377805715,0.0,0.0,0.0,0.0,22.0,0.0,22.0,5.5,35.0,4211.428571428572,2.4857142857142858,0.022988505747126436,0.014285714285714285,1.0,-0.867547619047619,0.0,1.642857142857143,-0.04043023809523809,0,5048,52
4200.0,4.0,1050.0,100.0,2300.0,2200.0,0.5476190476190477,0.023809523809523808,0.25,898.6100377805715,0.0,0.0,0.0,0.0,22.0,0.0,22.0,10.5,35.0,4211.428571428572,2.4857142857142858,0.022988505747126436,0.014285714285714285,1.0,-0.867547619047619,0.0,1.642857142857143,-0.07718499999999999,0,5048,52
4200.0,4.0,1050.0,100.0,2300.0,2200.0,0.5476190476190477,0.023809523809523808,0.25,898.6100377805715,0.0,0.0,0.0,0.0,22.0,0.0,22.0,10.5,35.0,4211.428571428572,2.4857142857142858,0.022988505747126436,0.014285714285714285,1.0,-0.867547619047619,0.0,1.642857142857143,-0.07718499999999999,0,5048,52
4200.0,5.0,840.0,100.0,2300.0,2200.0,0.5476190476190477,0.023809523809523808,0.2,875.4427451295716,0.0,0.0,0.0,0.0,33.0,0.0,33.0,11.0,35.0,4211.428571428572,2.4857142857142858,0.022988505747126436,0.014285714285714285,1.0,-0.867547619047619,0.0,1.642857142857143,-0.08086047619047618,0,5048,52
4200.0,5.0,840.0,100.0,2300.0,2200.0,0.5476190476190477,0.023809523809523808,0.2,875.4427451295716,0.0,0.0,0.0,0.0,33.0,0.0,33.0,15.0,35.0,4211.428571428572,2.4857142857142858,0.022988505747126436,0.014285714285714285,1.0,-0.867547619047619,0.0,1.642857142857143,-0.1102642857142857,0,5048,52
4200.0,3.0,1400.0,700.0,2300.0,1600.0,0.5476190476190477,0.16666666666666666,0.3333333333333333,668.3312551921141,0.0,0.0,0.0,0.0,22.0,0.0,22.0,7.333333333333333,35.0,4211.428571428572,2.4857142857142858,0.022988505747126436,0.014285714285714285,1.0,-0.867547619047619,0.0,1.642857142857143,-0.05390698412698412,0,5048,52
4200.0,5.0,840.0,100.0,2300.0,2200.0,0.5476190476190477,0.023809523809523808,0.2,823.6504112789601,0.0,0.0,0.0,0.0,22.0,0.0,22.0,8.4,35.0,4211.428571428572,2.4857142857142858,0.022988505747126436,0.014285714285714285,1.0,-0.867547619047619,0.0,1.642857142857143,-0.061748,0,5048,52
4200.0,5.0,840.0,100.0,2300.0,2200.0,0.5476190476190477,0.023809523809523808,0.2,823.6504112789601,0.0,0.0,0.0,0.0,22.0,0.0,22.0,8.4,35.0,4211.428571428572,2.4857142857142858,0.022988505747126436,0.014285714285714285,1.0,-0.867547619047619,0.0,1.642857142857143,-0.061748,0,5048,52
4200.0,3.0,1400.0,300.0,2000.0,1700.0,0.47619047619047616,0.07142857142857142,0.3333333333333333,778.8880963698615,0.0,0.0,0.0,0.0,9.0,0.0,9.0,6.0,35.0,4211.428571428572,2.4857142857142858,0.022988505747126436,0.014285714285714285,1.0,-0.867547619047619,0.0,1.4285714285714284,-0.04410571428571428,0,5048,52
4200.0,3.0,1400.0,300.0,2000.0,1700.0,0.47619047619047616,0.07142857142857142,0.3333333333333333,778.8880963698615,0.0,0.0,0.0,0.0,20.0,9.0,11.0,12.666666666666666,35.0,4211.428571428572,2.4857142857142858,0.022988505747126436,0.014285714285714285,1.0,-0.867547619047619,0.0,1.4285714285714284,-0.09311206349206347,0,5048,52
4200.0,3.0,1400.0,700.0,2000.0,1300.0,0.47619047619047616,0.16666666666666666,0.3333333333333333,535.4126134736337,0.0,0.0,0.0,0.0,9.0,0.0,9.0,3.0,35.0,4211.428571428572,2.4857142857142858,0.022988505747126436,0.014285714285714285,1.0,-0.867547619047619,0.0,1.4285714285714284,-0.02205285714285714,0,5048,52
4200.0,5.0,840.0,100.0,2000.0,1900.0,0.47619047619047616,0.023809523809523808,0.2,763.1513611335565,0.0,0.0,0.0,0.0,20.0,0.0,20.0,5.8,35.0,4211.428571428572,2.4857142857142858,0.022988505747126436,0.014285714285714285,1.0,-0.867547619047619,0.0,1.4285714285714284,-0.042635523809523804,0,5048,52
4200.0,5.0,840.0,100.0,2000.0,1900.0,0.47619047619047616,0.023809523809523808,0.2,763.1513611335565,0.0,0.0,0.0,0.0,20.0,0.0,20.0,5.8,35.0,4211.428571428572,2.4857142857142858,0.022988505747126436,0.014285714285714285,1.0,-0.867547619047619,0.0,1.4285714285714284,-0.042635523809523804,0,5048,52
4200.0,4.0,1050.0,100.0,2000.0,1900.0,0.47619047619047616,0.023809523809523808,0.25,715.8910531638177,0.0,0.0,0.0,0.0,33.0,0.0,33.0,10.5,35.0,4211.428571428572,2.4857142857142858,0.022988505747126436,0.014285714285714285,1.0,-0.867547619047619,0.0,1.4285714285714284,-0.07718499999999999,0,5048,52
4200.0,4.0,1050.0,100.0,2000.0,1900.0,0.47619047619047616,0.023809523809523808,0.25,715.8910531638177,0.0,0.0,0.0,0.0,33.0,0.0,33.0,10.5,35.0,4211.428571428572,2.4857142857142858,0.022988505747126436,0.014285714285714285,1.0,-0.867547619047619,0.0,1.4285714285714284,-0.07718499999999999,0,5048,52
4200.0,6.0,700.0,100.0,2000.0,1900.0,0.47619047619047616,0.023809523809523808,0.16666666666666666,732.575365861197,0.0,0.0,0.0,0.0,33.0,0.0,33.0,10.333333333333334,35.0,4211.428571428572,2.4857142857142858,0.022988505747126436,0.014285714285714285,1.0,-0.867547619047619,0.0,1.4285714285714284,-0.07595984126984126,0,5048,52
4200.0,4.0,1050.0,300.0,2000.0,1700.0,0.47619047619047616,0.07142857142857142,0.25,634.4288770224761,0.0,0.0,0.0,0.0,9.0,0.0,9.0,2.25,35.0,4211.428571428572,2.4857142857142858,0.022988505747126436,0.014285714285714285,1.0,-0.867547619047619,0.0,1.4285714285714284,-0.016539642857142853,0,5048,52
4200.0,4.0,1050.0,300.0,2000.0,1700.0,0.47619047619047616,0.07142857142857142,0.25,634.4288770224761,0.0,0.0,0.0,0.0,20.0,0.0,20.0,7.25,35.0,4211.428571428572,2.4857142857142858,0.022988505747126436,0.014285714285714285,1.0,-0.867547619047619,0.0,1.4285714285714284,-0.05329440476190475,0,5048,52
4200.0,4.0,1050.0,100.0,1900.0,1800.0,0.4523809523809524,0.023809523809523808,0.25,698.2120021884471,0.0,0.0,0.0,0.0,9.0,0.0,9.0,2.25,35.0,4211.428571428572,2.4857142857142858,0.022988505747126436,0.014285714285714285,1.0,-0.867547619047619,0.0,1.3571428571428572,-0.016539642857142853,0,5048,52
4200.0,4.0,1050.0,100.0,1900.0,1800.0,0.4523809523809524,0.023809523809523808,0.25,698.2120021884471,0.0,0.0,0.0,0.0,9.0,0.0,9.0,2.25,35.0,4211.428571428572,2.4857142857142858,0.022988505747126436,0.014285714285714285,1.0,-0.867547619047619,0.0,1.3571428571428572,-0.016539642857142853,0,5048,52
4200.0,6.0,700.0,100.0,1900.0,1800.0,0.4523809523809524,0.023809523809523808,0.16666666666666666,721.1102550927978,0.0,0.0,0.0,0.0,20.0,0.0,20.0,4.833333333333333,35.0,4211.428571428572,2.4857142857142858,0.022988505747126436,0.014285714285714285,1.0,-0.867547619047619,0.0,1.3571428571428572,-0.03552960317460317,0,5048,52
4200.0,5.0,840.0,100.0,1900.0,1800.0,0.4523809523809524,0.023809523809523808,0.2,714.4228439796701,0.0,0.0,0.0,0.0,33.0,0.0,33.0,8.4,35.0,4211.428571428572,2.4857142857142858,0.022988505747126436,0.014285714285714285,1.0,-0.867547619047619,0.0,1.3571428571428572,-0.061748,0,5048,52
4200.0,5.0,840.0,100.0,1900.0,1800.0,0.4523809523809524,0.023809523809523808,0.2,649.9230723708769,0.0,0.0,0.0,0.0,9.0,0.0,9.0,1.8,35.0,4211.428571428572,2.4857142857142858,0.022988505747126436,0.014285714285714285,1.0,-0.867547619047619,0.0,1.3571428571428572,-0.013231714285714286,0,5048,52
4200.0,5.0,840.0,100.0,1900.0,1800.0,0.4523809523809524,0.023809523809523808,0.2,649.9230723708769,0.0,0.0,0.0,0.0,9.0,0.0,9.0,1.8,35.0,4211.428571428572,2.4857142857142858,0.022988505747126436,0.014285714285714285,1.0,-0.867547619047619,0.0,1.3571428571428572,-0.013231714285714286,0,5048,52
4200.0,5.0,840.0,100.0,1900.0,1800.0,0.4523809523809524,0.023809523809523808,0.2,649.9230723708769,0.0,0.0,0.0,0.0,20.0,0.0,20.0,5.8,35.0,4211.428571428572,2.4857142857142858,0.022988505747126436,0.014285714285714285,1.0,-0.867547619047619,0.0,1.3571428571428572,-0.042635523809523804,0,5048,52
4200.0,5.0,840.0,100.0,1900.0,1800.0,0.4523809523809524,0.023809523809523808,0.2,649.9230723708769,0.0,0.0,0.0,0.0,20.0,0.0,20.0,5.8,35.0,4211.428571428572,2.4857142857142858,0.022988505747126436,0.014285714285714285,1.0,-0.867547619047619,0.0,1.3571428571428572,-0.042635523809523804,0,5048,52
4200.0,4.0,1050.0,100.0,1500.0,1400.0,0.35714285714285715,0.023809523809523808,0.25,559.0169943749474,0.0,0.0,0.0,0.0,33.0,0.0,33.0,8.25,35.0,4211.428571428572,2.4857142857142858,0.022988505747126436,0.014285714285714285,1.0,-0.867547619047619,0.0,1.0714285714285714,-0.06064535714285714,0,5048,52
4200.0,4.0,1050.0,100.0,1500.0,1400.0,0.35714285714285715,0.023809523809523808,0.25,559.0169943749474,0.0,0.0,0.0,0.0,33.0,0.0,33.0,8.25,35.0,4211.428571428572,2.4857142857142858,0.022988505747126436,0.014285714285714285,1.0,-0.867547619047619,0.0,1.0714285714285714,-0.06064535714285714,0,5048,52
4200.0,5.0,840.0,300.0,1500.0,1200.0,0.35714285714285715,0.07142857142857142,0.2,520.0,0.0,0.0,0.0,0.0,33.0,0.0,33.0,10.6,35.0,4211.428571428572,2.4857142857142858,0.022988505747126436,0.014285714285714285,1.0,-0.867547619047619,0.0,1.0714285714285714,-0.07792009523809523,0,5048,52
4200.0,7.0,600.0,100.0,1500.0,1400.0,0.35714285714285715,0.023809523809523808,0.14285714285714285,515.4748157905348,0.0,0.0,0.0,0.0,20.0,0.0,20.0,2.857142857142857,35.0,4211.428571428572,2.4857142857142858,0.022988505747126436,0.014285714285714285,1.0,-0.867547619047619,0.0,1.0714285714285714,-0.021002721088435372,0,5048,52
4100.0,2.0,2050.0,1600.0,2500.0,900.0,0.6097560975609756,0.3902439024390244,0.5,450.0,0.0,0.0,0.0,0.0,0.0,0.0,0.0,0.0,35.0,4211.428571428572,2.4857142857142858,0.022988505747126436,0.014285714285714285,1.0,-0.867547619047619,0.0,1.8292682926829267,-0.0,1,5049,52
4100.0,3.0,1366.6666666666667,200.0,2500.0,2300.0,0.6097560975609756,0.04878048780487805,0.33333333333333337,939.2668535736914,0.0,0.0,0.0,0.0,0.0,0.0,0.0,0.0,35.0,4211.428571428572,2.4857142857142858,0.022988505747126436,0.014285714285714285,1.0,-0.867547619047619,0.0,1.8292682926829267,-0.0,0,5049,52
4100.0,3.0,1366.6666666666667,700.0,2500.0,1800.0,0.6097560975609756,0.17073170731707318,0.33333333333333337,805.5363982396382,0.0,0.0,0.0,0.0,0.0,0.0,0.0,0.0,35.0,4211.428571428572,2.4857142857142858,0.022988505747126436,0.014285714285714285,1.0,-0.867547619047619,0.0,1.8292682926829267,-0.0,0,5049,52
4100.0,2.0,2050.0,1600.0,2500.0,900.0,0.6097560975609756,0.3902439024390244,0.5,450.0,0.0,0.0,0.0,0.0,0.0,0.0,0.0,0.0,35.0,4211.428571428572,2.4857142857142858,0.022988505747126436,0.014285714285714285,1.0,-0.867547619047619,0.0,1.8292682926829267,-0.0,0,5049,52
4100.0,3.0,1366.6666666666667,200.0,2500.0,2300.0,0.6097560975609756,0.04878048780487805,0.33333333333333337,939.2668535736914,0.0,0.0,0.0,0.0,0.0,0.0,0.0,0.0,35.0,4211.428571428572,2.4857142857142858,0.022988505747126436,0.014285714285714285,1.0,-0.867547619047619,0.0,1.8292682926829267,-0.0,0,5049,52
4100.0,3.0,1366.6666666666667,700.0,2500.0,1800.0,0.6097560975609756,0.17073170731707318,0.33333333333333337,805.5363982396382,0.0,0.0,0.0,0.0,0.0,0.0,0.0,0.0,35.0,4211.428571428572,2.4857142857142858,0.022988505747126436,0.014285714285714285,1.0,-0.867547619047619,0.0,1.8292682926829267,-0.0,0,5049,52
4100.0,3.0,1366.6666666666667,700.0,2000.0,1300.0,0.4878048780487805,0.17073170731707318,0.33333333333333337,531.2459150169743,0.0,0.0,0.0,0.0,0.0,0.0,0.0,0.0,35.0,4211.428571428572,2.4857142857142858,0.022988505747126436,0.014285714285714285,1.0,-0.867547619047619,0.0,1.4634146341463414,-0.0,0,5049,52
4100.0,3.0,1366.6666666666667,900.0,2000.0,1100.0,0.4878048780487805,0.21951219512195122,0.33333333333333337,464.27960923947063,0.0,0.0,0.0,0.0,0.0,0.0,0.0,0.0,35.0,4211.428571428572,2.4857142857142858,0.022988505747126436,0.014285714285714285,1.0,-0.867547619047619,0.0,1.4634146341463414,-0.0,0,5049,52
4100.0,4.0,1025.0,200.0,2000.0,1800.0,0.4878048780487805,0.04878048780487805,0.25,664.7367900154165,0.0,0.0,0.0,0.0,0.0,0.0,0.0,0.0,35.0,4211.428571428572,2.4857142857142858,0.022988505747126436,0.014285714285714285,1.0,-0.867547619047619,0.0,1.4634146341463414,-0.0,0,5049,52
4100.0,4.0,1025.0,200.0,2000.0,1800.0,0.4878048780487805,0.04878048780487805,0.25,641.7748826496718,0.0,0.0,0.0,0.0,0.0,0.0,0.0,0.0,35.0,4211.428571428572,2.4857142857142858,0.022988505747126436,0.014285714285714285,1.0,-0.867547619047619,0.0,1.4634146341463414,-0.0,0,5049,52
4100.0,3.0,1366.6666666666667,700.0,2000.0,1300.0,0.4878048780487805,0.17073170731707318,0.33333333333333337,531.2459150169743,0.0,0.0,0.0,0.0,0.0,0.0,0.0,0.0,35.0,4211.428571428572,2.4857142857142858,0.022988505747126436,0.014285714285714285,1.0,-0.867547619047619,0.0,1.4634146341463414,-0.0,0,5049,52
4100.0,3.0,1366.6666666666667,900.0,2000.0,1100.0,0.4878048780487805,0.21951219512195122,0.33333333333333337,464.27960923947063,0.0,0.0,0.0,0.0,0.0,0.0,0.0,0.0,35.0,4211.428571428572,2.4857142857142858,0.022988505747126436,0.014285714285714285,1.0,-0.867547619047619,0.0,1.4634146341463414,-0.0,0,5049,52
4100.0,4.0,1025.0,200.0,2000.0,1800.0,0.4878048780487805,0.04878048780487805,0.25,664.7367900154165,0.0,0.0,0.0,0.0,0.0,0.0,0.0,0.0,35.0,4211.428571428572,2.4857142857142858,0.022988505747126436,0.014285714285714285,1.0,-0.867547619047619,0.0,1.4634146341463414,-0.0,0,5049,52
4100.0,4.0,1025.0,200.0,2000.0,1800.0,0.4878048780487805,0.04878048780487805,0.25,641.7748826496718,0.0,0.0,0.0,0.0,0.0,0.0,0.0,0.0,35.0,4211.428571428572,2.4857142857142858,0.022988505747126436,0.014285714285714285,1.0,-0.867547619047619,0.0,1.4634146341463414,-0.0,0,5049,52
4100.0,3.0,1366.6666666666667,1000.0,1700.0,700.0,0.4146341463414634,0.24390243902439024,0.33333333333333337,286.7441755680876,0.0,0.0,0.0,0.0,0.0,0.0,0.0,0.0,35.0,4211.428571428572,2.4857142857142858,0.022988505747126436,0.014285714285714285,1.0,-0.867547619047619,0.0,1.2439024390243902,-0.0,0,5049,52
4100.0,4.0,1025.0,200.0,1700.0,1500.0,0.4146341463414634,0.04878048780487805,0.25,540.2545696243577,0.0,0.0,0.0,0.0,0.0,0.0,0.0,0.0,35.0,4211.428571428572,2.4857142857142858,0.022988505747126436,0.014285714285714285,1.0,-0.867547619047619,0.0,1.2439024390243902,-0.0,0,5049,52
4100.0,4.0,1025.0,200.0,1600.0,1400.0,0.3902439024390244,0.04878048780487805,0.25,540.2545696243577,0.0,0.0,0.0,0.0,0.0,0.0,0.0,0.0,35.0,4211.428571428572,2.4857142857142858,0.022988505747126436,0.014285714285714285,1.0,-0.867547619047619,0.0,1.1707317073170733,-0.0,0,5049,52
6300.0,3.0,2100.0,1000.0,3000.0,2000.0,0.47619047619047616,0.15873015873015872,0.3333333333333333,828.6535263104035,0.0,0.0,0.0,0.0,0.0,0.0,0.0,0.0,35.0,4211.428571428572,2.4857142857142858,0.022988505747126436,0.014285714285714285,1.0,-0.867547619047619,0.0,1.4285714285714284,-0.0,0,5050,52
6300.0,3.0,2100.0,1400.0,3000.0,1600.0,0.47619047619047616,0.2222222222222222,0.3333333333333333,668.3312551921141,0.0,0.0,0.0,0.0,0.0,0.0,0.0,0.0,35.0,4211.428571428572,2.4857142857142858,0.022988505747126436,0.014285714285714285,1.0,-0.867547619047619,0.0,1.4285714285714284,-0.0,1,5050,52
6300.0,3.0,2100.0,1400.0,3000.0,1600.0,0.47619047619047616,0.2222222222222222,0.3333333333333333,668.3312551921141,0.0,0.0,0.0,0.0,0.0,0.0,0.0,0.0,35.0,4211.428571428572,2.4857142857142858,0.022988505747126436,0.014285714285714285,1.0,-0.867547619047619,0.0,1.4285714285714284,-0.0,0,5050,52
6300.0,4.0,1575.0,100.0,3000.0,2900.0,0.47619047619047616,0.015873015873015872,0.25,1047.3180032826706,0.0,0.0,0.0,0.0,0.0,0.0,0.0,0.0,35.0,4211.428571428572,2.4857142857142858,0.022988505747126436,0.014285714285714285,1.0,-0.867547619047619,0.0,1.4285714285714284,-0.0,0,5050,52
6300.0,5.0,1260.0,100.0,3000.0,2900.0,0.47619047619047616,0.015873015873015872,0.2,1074.4300814850635,0.0,0.0,0.0,0.0,0.0,0.0,0.0,0.0,35.0,4211.428571428572,2.4857142857142858,0.022988505747126436,0.014285714285714285,1.0,-0.867547619047619,0.0,1.4285714285714284,-0.0,0,5050,52
6300.0,4.0,1575.0,300.0,3000.0,2700.0,0.47619047619047616,0.047619047619047616,0.25,967.923034130297,0.0,0.0,0.0,0.0,0.0,0.0,0.0,0.0,35.0,4211.428571428572,2.4857142857142858,0.022988505747126436,0.014285714285714285,1.0,-0.867547619047619,0.0,1.4285714285714284,-0.0,0,5050,52
6300.0,3.0,2100.0,1400.0,2600.0,1200.0,0.4126984126984127,0.2222222222222222,0.3333333333333333,509.9019513592785,0.0,0.0,0.0,0.0,0.0,0.0,0.0,0.0,35.0,4211.428571428572,2.4857142857142858,0.022988505747126436,0.014285714285714285,1.0,-0.867547619047619,0.0,1.2380952380952381,-0.0,0,5050,52
6300.0,3.0,2100.0,1400.0,2600.0,1200.0,0.4126984126984127,0.2222222222222222,0.3333333333333333,509.9019513592785,0.0,0.0,0.0,0.0,0.0,0.0,0.0,0.0,35.0,4211.428571428572,2.4857142857142858,0.022988505747126436,0.014285714285714285,1.0,-0.867547619047619,0.0,1.2380952380952381,-0.0,0,5050,52
6300.0,4.0,1575.0,100.0,2600.0,2500.0,0.4126984126984127,0.015873015873015872,0.25,978.1998773256926,0.0,0.0,0.0,0.0,0.0,0.0,0.0,0.0,35.0,4211.428571428572,2.4857142857142858,0.022988505747126436,0.014285714285714285,1.0,-0.867547619047619,0.0,1.2380952380952381,-0.0,0,5050,52
6300.0,5.0,1260.0,100.0,2600.0,2500.0,0.4126984126984127,0.015873015873015872,0.2,1020.9799214480175,0.0,0.0,0.0,0.0,0.0,0.0,0.0,0.0,35.0,4211.428571428572,2.4857142857142858,0.022988505747126436,0.014285714285714285,1.0,-0.867547619047619,0.0,1.2380952380952381,-0.0,0,5050,52
6300.0,4.0,1575.0,100.0,2600.0,2500.0,0.4126984126984127,0.015873015873015872,0.25,914.8087231765994,0.0,0.0,0.0,0.0,0.0,0.0,0.0,0.0,35.0,4211.428571428572,2.4857142857142858,0.022988505747126436,0.014285714285714285,1.0,-0.867547619047619,0.0,1.2380952380952381,-0.0,0,5050,52
6300.0,5.0,1260.0,100.0,2600.0,2500.0,0.4126984126984127,0.015873015873015872,0.2,947.8396488858228,0.0,0.0,0.0,0.0,0.0,0.0,0.0,0.0,35.0,4211.428571428572,2.4857142857142858,0.022988505747126436,0.014285714285714285,1.0,-0.867547619047619,0.0,1.2380952380952381,-0.0,0,5050,52
6300.0,5.0,1260.0,100.0,2600.0,2500.0,0.4126984126984127,0.015873015873015872,0.2,947.8396488858228,0.0,0.0,0.0,0.0,0.0,0.0,0.0,0.0,35.0,4211.428571428572,2.4857142857142858,0.022988505747126436,0.014285714285714285,1.0,-0.867547619047619,0.0,1.2380952380952381,-0.0,0,5050,52
6300.0,4.0,1575.0,1000.0,2600.0,1600.0,0.4126984126984127,0.15873015873015872,0.25,609.8155458825235,0.0,0.0,0.0,0.0,0.0,0.0,0.0,0.0,35.0,4211.428571428572,2.4857142857142858,0.022988505747126436,0.014285714285714285,1.0,-0.867547619047619,0.0,1.2380952380952381,-0.0,0,5050,52
6300.0,4.0,1575.0,1000.0,2600.0,1600.0,0.4126984126984127,0.15873015873015872,0.25,609.8155458825235,0.0,0.0,0.0,0.0,0.0,0.0,0.0,0.0,35.0,4211.428571428572,2.4857142857142858,0.022988505747126436,0.014285714285714285,1.0,-0.867547619047619,0.0,1.2380952380952381,-0.0,0,5050,52
6300.0,5.0,1260.0,100.0,2300.0,2200.0,0.36507936507936506,0.015873015873015872,0.2,889.0444308357147,0.0,0.0,0.0,0.0,0.0,0.0,0.0,0.0,35.0,4211.428571428572,2.4857142857142858,0.022988505747126436,0.014285714285714285,1.0,-0.867547619047619,0.0,1.0952380952380951,-0.0,0,5050,52
6300.0,4.0,1575.0,1000.0,2300.0,1300.0,0.36507936507936506,0.15873015873015872,0.25,486.69805834829464,0.0,0.0,0.0,0.0,0.0,0.0,0.0,0.0,35.0,4211.428571428572,2.4857142857142858,0.022988505747126436,0.014285714285714285,1.0,-0.867547619047619,0.0,1.0952380952380951,-0.0,0,5050,52
6300.0,5.0,1260.0,300.0,2300.0,2000.0,0.36507936507936506,0.047619047619047616,0.2,646.8384651518492,0.0,0.0,0.0,0.0,0.0,0.0,0.0,0.0,35.0,4211.428571428572,2.4857142857142858,0.022988505747126436,0.014285714285714285,1.0,-0.867547619047619,0.0,1.0952380952380951,-0.0,0,5050,52
6300.0,5.0,1260.0,300.0,2300.0,2000.0,0.36507936507936506,0.047619047619047616,0.2,646.8384651518492,0.0,0.0,0.0,0.0,0.0,0.0,0.0,0.0,35.0,4211.428571428572,2.4857142857142858,0.022988505747126436,0.014285714285714285,1.0,-0.867547619047619,0.0,1.0952380952380951,-0.0,0,5050,52
6300.0,4.0,1575.0,1300.0,1900.0,600.0,0.30158730158730157,0.20634920634920634,0.25,238.4848003542364,0.0,0.0,0.0,0.0,0.0,0.0,0.0,0.0,35.0,4211.428571428572,2.4857142857142858,0.022988505747126436,0.014285714285714285,1.0,-0.867547619047619,0.0,0.9047619047619047,-0.0,0,5050,52
6300.0,5.0,1260.0,300.0,1900.0,1600.0,0.30158730158730157,0.047619047619047616,0.2,567.8027826631356,0.0,0.0,0.0,0.0,0.0,0.0,0.0,0.0,35.0,4211.428571428572,2.4857142857142858,0.022988505747126436,0.014285714285714285,1.0,-0.867547619047619,0.0,0.9047619047619047,-0.0,0,5050,52
6300.0,4.0,1575.0,1300.0,1900.0,600.0,0.30158730158730157,0.20634920634920634,0.25,238.4848003542364,0.0,0.0,0.0,0.0,0.0,0.0,0.0,0.0,35.0,4211.428571428572,2.4857142857142858,0.022988505747126436,0.014285714285714285,1.0,-0.867547619047619,0.0,0.9047619047619047,-0.0,0,5050,52
6300.0,5.0,1260.0,300.0,1900.0,1600.0,0.30158730158730157,0.047619047619047616,0.2,567.8027826631356,0.0,0.0,0.0,0.0,0.0,0.0,0.0,0.0,35.0,4211.428571428572,2.4857142857142858,0.022988505747126436,0.014285714285714285,1.0,-0.867547619047619,0.0,0.9047619047619047,-0.0,0,5050,52
6300.0,6.0,1050.0,100.0,1900.0,1800.0,0.30158730158730157,0.015873015873015872,0.16666666666666666,667.7075208003376,0.0,0.0,0.0,0.0,0.0,0.0,0.0,0.0,35.0,4211.428571428572,2.4857142857142858,0.022988505747126436,0.014285714285714285,1.0,-0.867547619047619,0.0,0.9047619047619047,-0.0,0,5050,52
6300.0,5.0,1260.0,300.0,1900.0,1600.0,0.30158730158730157,0.047619047619047616,0.2,523.8320341483518,0.0,0.0,0.0,0.0,0.0,0.0,0.0,0.0,35.0,4211.428571428572,2.4857142857142858,0.022988505747126436,0.014285714285714285,1.0,-0.867547619047619,0.0,0.9047619047619047,-0.0,0,5050,52
3800.0,3.0,1266.6666666666667,300.0,2400.0,2100.0,0.631578947368421,0.07894736842105263,0.33333333333333337,865.3836657164779,0.0,0.0,0.0,0.0,26.0,0.0,26.0,8.666666666666666,35.0,4211.428571428572,2.4857142857142858,0.022988505747126436,0.014285714285714285,1.0,-0.867547619047619,0.0,1.894736842105263,-0.06370825396825396,1,5051,52
3800.0,3.0,1266.6666666666667,300.0,2400.0,2100.0,0.631578947368421,0.07894736842105263,0.33333333333333337,865.3836657164779,0.0,0.0,0.0,0.0,26.0,0.0,26.0,8.666666666666666,35.0,4211.428571428572,2.4857142857142858,0.022988505747126436,0.014285714285714285,1.0,-0.867547619047619,0.0,1.894736842105263,-0.06370825396825396,0,5051,52
3800.0,4.0,950.0,300.0,2400.0,2100.0,0.631578947368421,0.07894736842105263,0.25,861.6843969807043,0.0,0.0,0.0,0.0,0.0,0.0,0.0,0.0,35.0,4211.428571428572,2.4857142857142858,0.022988505747126436,0.014285714285714285,1.0,-0.867547619047619,0.0,1.894736842105263,-0.0,0,5051,52
3800.0,3.0,1266.6666666666667,800.0,1900.0,1100.0,0.5,0.21052631578947367,0.33333333333333337,464.27960923947063,0.0,0.0,0.0,0.0,26.0,0.0,26.0,8.666666666666666,35.0,4211.428571428572,2.4857142857142858,0.022988505747126436,0.014285714285714285,1.0,-0.867547619047619,0.0,1.5,-0.06370825396825396,0,5051,52
3000.0,2.0,1500.0,200.0,2800.0,2600.0,0.9333333333333333,0.06666666666666667,0.5,1300.0,0.0,0.0,0.0,0.0,0.0,0.0,0.0,0.0,35.0,4211.428571428572,2.4857142857142858,0.022988505747126436,0.014285714285714285,1.0,-0.867547619047619,0.0,2.8,-0.0,1,5052,52
3000.0,2.0,1500.0,500.0,2500.0,2000.0,0.8333333333333334,0.16666666666666666,0.5,1000.0,0.0,0.0,0.0,0.0,0.0,0.0,0.0,0.0,35.0,4211.428571428572,2.4857142857142858,0.022988505747126436,0.014285714285714285,1.0,-0.867547619047619,0.0,2.5,-0.0,0,5052,52
3000.0,3.0,1000.0,200.0,2200.0,2000.0,0.7333333333333333,0.06666666666666667,0.3333333333333333,864.0987597877147,0.0,0.0,0.0,0.0,0.0,0.0,0.0,0.0,35.0,4211.428571428572,2.4857142857142858,0.022988505747126436,0.014285714285714285,1.0,-0.867547619047619,0.0,2.1999999999999997,-0.0,0,5052,52
3000.0,3.0,1000.0,200.0,1600.0,1400.0,0.5333333333333333,0.06666666666666667,0.3333333333333333,588.7840577551898,0.0,0.0,0.0,0.0,0.0,0.0,0.0,0.0,35.0,4211.428571428572,2.4857142857142858,0.022988505747126436,0.014285714285714285,1.0,-0.867547619047619,0.0,1.6,-0.0,0,5052,52
3000.0,3.0,1000.0,500.0,1500.0,1000.0,0.5,0.16666666666666666,0.3333333333333333,408.248290463863,0.0,0.0,0.0,0.0,0.0,0.0,0.0,0.0,35.0,4211.428571428572,2.4857142857142858,0.022988505747126436,0.014285714285714285,1.0,-0.867547619047619,0.0,1.5,-0.0,0,5052,52
3000.0,4.0,750.0,200.0,1200.0,1000.0,0.4,0.06666666666666667,0.25,384.0572873934304,0.0,0.0,0.0,0.0,0.0,0.0,0.0,0.0,35.0,4211.428571428572,2.4857142857142858,0.022988505747126436,0.014285714285714285,1.0,-0.867547619047619,0.0,1.2000000000000002,-0.0,0,5052,52
7000.0,4.0,1750.0,1100.0,2300.0,1200.0,0.32857142857142857,0.15714285714285714,0.25,476.9696007084728,0.0,0.0,0.0,0.0,0.0,0.0,0.0,0.0,35.0,4211.428571428572,2.4857142857142858,0.022988505747126436,0.014285714285714285,1.0,-0.867547619047619,0.0,0.9857142857142858,-0.0,0,5053,52
7000.0,4.0,1750.0,1100.0,2300.0,1200.0,0.32857142857142857,0.15714285714285714,0.25,476.9696007084728,0.0,0.0,0.0,0.0,0.0,0.0,0.0,0.0,35.0,4211.428571428572,2.4857142857142858,0.022988505747126436,0.014285714285714285,1.0,-0.867547619047619,0.0,0.9857142857142858,-0.0,0,5053,52
7000.0,4.0,1750.0,1100.0,2300.0,1200.0,0.32857142857142857,0.15714285714285714,0.25,476.9696007084728,0.0,0.0,0.0,0.0,0.0,0.0,0.0,0.0,35.0,4211.428571428572,2.4857142857142858,0.022988505747126436,0.014285714285714285,1.0,-0.867547619047619,0.0,0.9857142857142858,-0.0,0,5053,52
7000.0,4.0,1750.0,1100.0,2300.0,1200.0,0.32857142857142857,0.15714285714285714,0.25,433.0127018922193,0.0,0.0,0.0,0.0,0.0,0.0,0.0,0.0,35.0,4211.428571428572,2.4857142857142858,0.022988505747126436,0.014285714285714285,1.0,-0.867547619047619,0.0,0.9857142857142858,-0.0,1,5053,52
7000.0,4.0,1750.0,1500.0,2300.0,800.0,0.32857142857142857,0.21428571428571427,0.25,327.8719262151,0.0,0.0,0.0,0.0,0.0,0.0,0.0,0.0,35.0,4211.428571428572,2.4857142857142858,0.022988505747126436,0.014285714285714285,1.0,-0.867547619047619,0.0,0.9857142857142858,-0.0,0,5053,52
7000.0,4.0,1750.0,1500.0,2300.0,800.0,0.32857142857142857,0.21428571428571427,0.25,327.8719262151,0.0,0.0,0.0,0.0,0.0,0.0,0.0,0.0,35.0,4211.428571428572,2.4857142857142858,0.022988505747126436,0.014285714285714285,1.0,-0.867547619047619,0.0,0.9857142857142858,-0.0,0,5053,52
7000.0,4.0,1750.0,1500.0,2300.0,800.0,0.32857142857142857,0.21428571428571427,0.25,327.8719262151,0.0,0.0,0.0,0.0,0.0,0.0,0.0,0.0,35.0,4211.428571428572,2.4857142857142858,0.022988505747126436,0.014285714285714285,1.0,-0.867547619047619,0.0,0.9857142857142858,-0.0,0,5053,52
7000.0,4.0,1750.0,1500.0,2100.0,600.0,0.3,0.21428571428571427,0.25,259.8076211353316,0.0,0.0,0.0,0.0,0.0,0.0,0.0,0.0,35.0,4211.428571428572,2.4857142857142858,0.022988505747126436,0.014285714285714285,1.0,-0.867547619047619,0.0,0.8999999999999999,-0.0,0,5053,52
7000.0,4.0,1750.0,1500.0,2100.0,600.0,0.3,0.21428571428571427,0.25,259.8076211353316,0.0,0.0,0.0,0.0,0.0,0.0,0.0,0.0,35.0,4211.428571428572,2.4857142857142858,0.022988505747126436,0.014285714285714285,1.0,-0.867547619047619,0.0,0.8999999999999999,-0.0,0,5053,52
7000.0,4.0,1750.0,1500.0,2100.0,600.0,0.3,0.21428571428571427,0.25,259.8076211353316,0.0,0.0,0.0,0.0,0.0,0.0,0.0,0.0,35.0,4211.428571428572,2.4857142857142858,0.022988505747126436,0.014285714285714285,1.0,-0.867547619047619,0.0,0.8999999999999999,-0.0,0,5053,52
7000.0,5.0,1400.0,800.0,2100.0,1300.0,0.3,0.11428571428571428,0.2,438.1780460041329,0.0,0.0,0.0,0.0,0.0,0.0,0.0,0.0,35.0,4211.428571428572,2.4857142857142858,0.022988505747126436,0.014285714285714285,1.0,-0.867547619047619,0.0,0.8999999999999999,-0.0,0,5053,52
7000.0,5.0,1400.0,800.0,2100.0,1300.0,0.3,0.11428571428571428,0.2,438.1780460041329,0.0,0.0,0.0,0.0,0.0,0.0,0.0,0.0,35.0,4211.428571428572,2.4857142857142858,0.022988505747126436,0.014285714285714285,1.0,-0.867547619047619,0.0,0.8999999999999999,-0.0,0,5053,52
7000.0,5.0,1400.0,800.0,2100.0,1300.0,0.3,0.11428571428571428,0.2,438.1780460041329,0.0,0.0,0.0,0.0,0.0,0.0,0.0,0.0,35.0,4211.428571428572,2.4857142857142858,0.022988505747126436,0.014285714285714285,1.0,-0.867547619047619,0.0,0.8999999999999999,-0.0,0,5053,52
7000.0,5.0,1400.0,800.0,1900.0,1100.0,0.2714285714285714,0.11428571428571428,0.2,400.0,0.0,0.0,0.0,0.0,0.0,0.0,0.0,0.0,35.0,4211.428571428572,2.4857142857142858,0.022988505747126436,0.014285714285714285,1.0,-0.867547619047619,0.0,0.8142857142857143,-0.0,0,5053,52
7000.0,5.0,1400.0,800.0,1900.0,1100.0,0.2714285714285714,0.11428571428571428,0.2,400.0,0.0,0.0,0.0,0.0,0.0,0.0,0.0,0.0,35.0,4211.428571428572,2.4857142857142858,0.022988505747126436,0.014285714285714285,1.0,-0.867547619047619,0.0,0.8142857142857143,-0.0,0,5053,52
7000.0,5.0,1400.0,800.0,1900.0,1100.0,0.2714285714285714,0.11428571428571428,0.2,400.0,0.0,0.0,0.0,0.0,0.0,0.0,0.0,0.0,35.0,4211.428571428572,2.4857142857142858,0.022988505747126436,0.014285714285714285,1.0,-0.867547619047619,0.0,0.8142857142857143,-0.0,0,5053,52
7000.0,5.0,1400.0,800.0,1700.0,900.0,0.24285714285714285,0.11428571428571428,0.2,309.83866769659335,0.0,0.0,0.0,0.0,0.0,0.0,0.0,0.0,35.0,4211.428571428572,2.4857142857142858,0.022988505747126436,0.014285714285714285,1.0,-0.867547619047619,0.0,0.7285714285714285,-0.0,0,5053,52
4600.0,3.0,1533.3333333333333,500.0,3000.0,2500.0,0.6521739130434783,0.10869565217391304,0.3333333333333333,1065.6244908763854,0.0,0.0,0.0,0.0,0.0,0.0,0.0,0.0,35.0,4211.428571428572,2.4857142857142858,0.022988505747126436,0.014285714285714285,1.0,-0.867547619047619,0.0,1.9565217391304348,-0.0,1,5054,52
4600.0,2.0,2300.0,2100.0,2500.0,400.0,0.5434782608695652,0.45652173913043476,0.5,200.0,0.0,0.0,0.0,0.0,0.0,0.0,0.0,0.0,35.0,4211.428571428572,2.4857142857142858,0.022988505747126436,0.014285714285714285,1.0,-0.867547619047619,0.0,1.6304347826086956,-0.0,0,5054,52
4600.0,3.0,1533.3333333333333,300.0,2500.0,2200.0,0.5434782608695652,0.06521739130434782,0.3333333333333333,917.7266598624137,0.0,0.0,0.0,0.0,0.0,0.0,0.0,0.0,35.0,4211.428571428572,2.4857142857142858,0.022988505747126436,0.014285714285714285,1.0,-0.867547619047619,0.0,1.6304347826086956,-0.0,0,5054,52
4600.0,3.0,1533.3333333333333,1000.0,2500.0,1500.0,0.5434782608695652,0.21739130434782608,0.3333333333333333,684.7546194724712,0.0,0.0,0.0,0.0,0.0,0.0,0.0,0.0,35.0,4211.428571428572,2.4857142857142858,0.022988505747126436,0.014285714285714285,1.0,-0.867547619047619,0.0,1.6304347826086956,-0.0,0,5054,52
5100.0,3.0,1700.0,500.0,2900.0,2400.0,0.5686274509803921,0.09803921568627451,0.3333333333333333,979.7958971132713,0.0,0.0,0.0,0.0,19.0,0.0,19.0,8.333333333333334,35.0,4211.428571428572,2.4857142857142858,0.022988505747126436,0.014285714285714285,1.0,-0.867547619047619,0.0,1.7058823529411764,-0.06125793650793651,1,5055,52
5100.0,3.0,1700.0,500.0,2900.0,2400.0,0.5686274509803921,0.09803921568627451,0.3333333333333333,979.7958971132713,0.0,0.0,0.0,0.0,19.0,0.0,19.0,6.333333333333333,35.0,4211.428571428572,2.4857142857142858,0.022988505747126436,0.014285714285714285,1.0,-0.867547619047619,0.0,1.7058823529411764,-0.046556031746031734,0,5055,52
5100.0,4.0,1275.0,200.0,2900.0,2700.0,0.5686274509803921,0.0392156862745098,0.25,1109.8986440211556,0.0,0.0,0.0,0.0,19.0,0.0,19.0,6.75,35.0,4211.428571428572,2.4857142857142858,0.022988505747126436,0.014285714285714285,1.0,-0.867547619047619,0.0,1.7058823529411764,-0.04961892857142857,0,5055,52
5100.0,3.0,1700.0,500.0,2900.0,2400.0,0.5686274509803921,0.09803921568627451,0.3333333333333333,979.7958971132713,0.0,0.0,0.0,0.0,19.0,6.0,13.0,14.666666666666666,35.0,4211.428571428572,2.4857142857142858,0.022988505747126436,0.014285714285714285,1.0,-0.867547619047619,0.0,1.7058823529411764,-0.10781396825396825,0,5055,52
5100.0,3.0,1700.0,500.0,2900.0,2400.0,0.5686274509803921,0.09803921568627451,0.3333333333333333,979.7958971132713,0.0,0.0,0.0,0.0,19.0,0.0,19.0,12.666666666666666,35.0,4211.428571428572,2.4857142857142858,0.022988505747126436,0.014285714285714285,1.0,-0.867547619047619,0.0,1.7058823529411764,-0.09311206349206347,0,5055,52
5100.0,4.0,1275.0,200.0,2900.0,2700.0,0.5686274509803921,0.0392156862745098,0.25,1109.8986440211556,0.0,0.0,0.0,0.0,19.0,3.0,16.0,11.5,35.0,4211.428571428572,2.4857142857142858,0.022988505747126436,0.014285714285714285,1.0,-0.867547619047619,0.0,1.7058823529411764,-0.08453595238095238,0,5055,52
5100.0,4.0,1275.0,300.0,2900.0,2600.0,0.5686274509803921,0.058823529411764705,0.25,990.8960591303207,0.0,0.0,0.0,0.0,19.0,0.0,19.0,5.5,35.0,4211.428571428572,2.4857142857142858,0.022988505747126436,0.014285714285714285,1.0,-0.867547619047619,0.0,1.7058823529411764,-0.04043023809523809,0,5055,52
5100.0,4.0,1275.0,300.0,2900.0,2600.0,0.5686274509803921,0.058823529411764705,0.25,990.8960591303207,0.0,0.0,0.0,0.0,19.0,0.0,19.0,5.5,35.0,4211.428571428572,2.4857142857142858,0.022988505747126436,0.014285714285714285,1.0,-0.867547619047619,0.0,1.7058823529411764,-0.04043023809523809,0,5055,52
5100.0,4.0,1275.0,500.0,2900.0,2400.0,0.5686274509803921,0.09803921568627451,0.25,980.7522622966516,0.0,0.0,0.0,0.0,19.0,0.0,19.0,6.25,35.0,4211.428571428572,2.4857142857142858,0.022988505747126436,0.014285714285714285,1.0,-0.867547619047619,0.0,1.7058823529411764,-0.045943452380952376,0,5055,52
5100.0,5.0,1020.0,200.0,2900.0,2700.0,0.5686274509803921,0.0392156862745098,0.2,1002.796090937734,0.0,0.0,0.0,0.0,19.0,0.0,19.0,6.6,35.0,4211.428571428572,2.4857142857142858,0.022988505747126436,0.014285714285714285,1.0,-0.867547619047619,0.0,1.7058823529411764,-0.04851628571428571,0,5055,52
5100.0,5.0,1020.0,200.0,2900.0,2700.0,0.5686274509803921,0.0392156862745098,0.2,1002.796090937734,0.0,0.0,0.0,0.0,19.0,0.0,19.0,5.4,35.0,4211.428571428572,2.4857142857142858,0.022988505747126436,0.014285714285714285,1.0,-0.867547619047619,0.0,1.7058823529411764,-0.03969514285714286,0,5055,52
5100.0,5.0,1020.0,300.0,2900.0,2600.0,0.5686274509803921,0.058823529411764705,0.2,951.6301802696255,0.0,0.0,0.0,0.0,19.0,0.0,19.0,5.6,35.0,4211.428571428572,2.4857142857142858,0.022988505747126436,0.014285714285714285,1.0,-0.867547619047619,0.0,1.7058823529411764,-0.041165333333333325,0,5055,52
5100.0,5.0,1020.0,300.0,2900.0,2600.0,0.5686274509803921,0.058823529411764705,0.2,951.6301802696255,0.0,0.0,0.0,0.0,19.0,0.0,19.0,4.4,35.0,4211.428571428572,2.4857142857142858,0.022988505747126436,0.014285714285714285,1.0,-0.867547619047619,0.0,1.7058823529411764,-0.03234419047619048,0,5055,52
5100.0,6.0,850.0,200.0,2900.0,2700.0,0.5686274509803921,0.0392156862745098,0.16666666666666666,930.5016568138573,0.0,0.0,0.0,0.0,19.0,0.0,19.0,5.5,35.0,4211.428571428572,2.4857142857142858,0.022988505747126436,0.014285714285714285,1.0,-0.867547619047619,0.0,1.7058823529411764,-0.04043023809523809,0,5055,52
5100.0,6.0,850.0,200.0,2900.0,2700.0,0.5686274509803921,0.0392156862745098,0.16666666666666666,930.5016568138573,0.0,0.0,0.0,0.0,19.0,0.0,19.0,5.5,35.0,4211.428571428572,2.4857142857142858,0.022988505747126436,0.014285714285714285,1.0,-0.867547619047619,0.0,1.7058823529411764,-0.04043023809523809,0,5055,52
5100.0,3.0,1700.0,700.0,2700.0,2000.0,0.5294117647058824,0.13725490196078433,0.3333333333333333,816.496580927726,0.0,0.0,0.0,0.0,15.0,0.0,15.0,5.0,35.0,4211.428571428572,2.4857142857142858,0.022988505747126436,0.014285714285714285,1.0,-0.867547619047619,0.0,1.5882352941176472,-0.0367547619047619,0,5055,52
5100.0,3.0,1700.0,700.0,2700.0,2000.0,0.5294117647058824,0.13725490196078433,0.3333333333333333,816.496580927726,0.0,0.0,0.0,0.0,15.0,0.0,15.0,5.0,35.0,4211.428571428572,2.4857142857142858,0.022988505747126436,0.014285714285714285,1.0,-0.867547619047619,0.0,1.5882352941176472,-0.0367547619047619,0,5055,52
5100.0,4.0,1275.0,200.0,2700.0,2500.0,0.5294117647058824,0.0392156862745098,0.25,995.9292143521044,0.0,0.0,0.0,0.0,15.0,0.0,15.0,6.5,35.0,4211.428571428572,2.4857142857142858,0.022988505747126436,0.014285714285714285,1.0,-0.867547619047619,0.0,1.5882352941176472,-0.04778119047619047,0,5055,52
5100.0,4.0,1275.0,200.0,2700.0,2500.0,0.5294117647058824,0.0392156862745098,0.25,995.9292143521044,0.0,0.0,0.0,0.0,15.0,0.0,15.0,5.0,35.0,4211.428571428572,2.4857142857142858,0.022988505747126436,0.014285714285714285,1.0,-0.867547619047619,0.0,1.5882352941176472,-0.0367547619047619,0,5055,52
5100.0,3.0,1700.0,700.0,2700.0,2000.0,0.5294117647058824,0.13725490196078433,0.3333333333333333,816.496580927726,0.0,0.0,0.0,0.0,19.0,0.0,19.0,11.333333333333334,35.0,4211.428571428572,2.4857142857142858,0.022988505747126436,0.014285714285714285,1.0,-0.867547619047619,0.0,1.5882352941176472,-0.08331079365079365,0,5055,52
5100.0,3.0,1700.0,700.0,2700.0,2000.0,0.5294117647058824,0.13725490196078433,0.3333333333333333,816.496580927726,0.0,0.0,0.0,0.0,19.0,0.0,19.0,11.333333333333334,35.0,4211.428571428572,2.4857142857142858,0.022988505747126436,0.014285714285714285,1.0,-0.867547619047619,0.0,1.5882352941176472,-0.08331079365079365,0,5055,52
5100.0,4.0,1275.0,200.0,2700.0,2500.0,0.5294117647058824,0.0392156862745098,0.25,995.9292143521044,0.0,0.0,0.0,0.0,19.0,5.0,14.0,11.25,35.0,4211.428571428572,2.4857142857142858,0.022988505747126436,0.014285714285714285,1.0,-0.867547619047619,0.0,1.5882352941176472,-0.08269821428571428,0,5055,52
5100.0,4.0,1275.0,200.0,2700.0,2500.0,0.5294117647058824,0.0392156862745098,0.25,995.9292143521044,0.0,0.0,0.0,0.0,19.0,0.0,19.0,9.75,35.0,4211.428571428572,2.4857142857142858,0.022988505747126436,0.014285714285714285,1.0,-0.867547619047619,0.0,1.5882352941176472,-0.07167178571428572,0,5055,52
5100.0,4.0,1275.0,500.0,2700.0,2200.0,0.5294117647058824,0.09803921568627451,0.25,861.3216588476108,0.0,0.0,0.0,0.0,15.0,0.0,15.0,5.25,35.0,4211.428571428572,2.4857142857142858,0.022988505747126436,0.014285714285714285,1.0,-0.867547619047619,0.0,1.5882352941176472,-0.038592499999999995,0,5055,52
5100.0,4.0,1275.0,500.0,2700.0,2200.0,0.5294117647058824,0.09803921568627451,0.25,861.3216588476108,0.0,0.0,0.0,0.0,15.0,0.0,15.0,3.75,35.0,4211.428571428572,2.4857142857142858,0.022988505747126436,0.014285714285714285,1.0,-0.867547619047619,0.0,1.5882352941176472,-0.027566071428571426,0,5055,52
5100.0,5.0,1020.0,200.0,2700.0,2500.0,0.5294117647058824,0.0392156862745098,0.2,910.823802938856,0.0,0.0,0.0,0.0,15.0,0.0,15.0,4.6,35.0,4211.428571428572,2.4857142857142858,0.022988505747126436,0.014285714285714285,1.0,-0.867547619047619,0.0,1.5882352941176472,-0.03381438095238095,0,5055,52
5100.0,4.0,1275.0,500.0,2700.0,2200.0,0.5294117647058824,0.09803921568627451,0.25,861.3216588476108,0.0,0.0,0.0,0.0,15.0,0.0,15.0,5.25,35.0,4211.428571428572,2.4857142857142858,0.022988505747126436,0.014285714285714285,1.0,-0.867547619047619,0.0,1.5882352941176472,-0.038592499999999995,0,5055,52
5100.0,4.0,1275.0,500.0,2700.0,2200.0,0.5294117647058824,0.09803921568627451,0.25,861.3216588476108,0.0,0.0,0.0,0.0,15.0,0.0,15.0,3.75,35.0,4211.428571428572,2.4857142857142858,0.022988505747126436,0.014285714285714285,1.0,-0.867547619047619,0.0,1.5882352941176472,-0.027566071428571426,0,5055,52
5100.0,5.0,1020.0,200.0,2700.0,2500.0,0.5294117647058824,0.0392156862745098,0.2,910.823802938856,0.0,0.0,0.0,0.0,15.0,0.0,15.0,4.6,35.0,4211.428571428572,2.4857142857142858,0.022988505747126436,0.014285714285714285,1.0,-0.867547619047619,0.0,1.5882352941176472,-0.03381438095238095,0,5055,52
5100.0,5.0,1020.0,200.0,2700.0,2500.0,0.5294117647058824,0.0392156862745098,0.2,901.9977827023745,0.0,0.0,0.0,0.0,15.0,0.0,15.0,5.2,35.0,4211.428571428572,2.4857142857142858,0.022988505747126436,0.014285714285714285,1.0,-0.867547619047619,0.0,1.5882352941176472,-0.03822495238095238,0,5055,52
5100.0,5.0,1020.0,500.0,2700.0,2200.0,0.5294117647058824,0.09803921568627451,0.2,844.7484832777151,0.0,0.0,0.0,0.0,15.0,0.0,15.0,4.2,35.0,4211.428571428572,2.4857142857142858,0.022988505747126436,0.014285714285714285,1.0,-0.867547619047619,0.0,1.5882352941176472,-0.030874,0,5055,52
5100.0,6.0,850.0,200.0,2700.0,2500.0,0.5294117647058824,0.0392156862745098,0.16666666666666666,848.0369488805701,0.0,0.0,0.0,0.0,15.0,0.0,15.0,4.833333333333333,35.0,4211.428571428572,2.4857142857142858,0.022988505747126436,0.014285714285714285,1.0,-0.867547619047619,0.0,1.5882352941176472,-0.03552960317460317,0,5055,52
5100.0,6.0,850.0,200.0,2700.0,2500.0,0.5294117647058824,0.0392156862745098,0.16666666666666666,848.0369488805701,0.0,0.0,0.0,0.0,15.0,0.0,15.0,3.8333333333333335,35.0,4211.428571428572,2.4857142857142858,0.022988505747126436,0.014285714285714285,1.0,-0.867547619047619,0.0,1.5882352941176472,-0.028178650793650794,0,5055,52
5100.0,4.0,1275.0,500.0,1700.0,1200.0,0.3333333333333333,0.09803921568627451,0.25,491.80788932265006,0.0,0.0,0.0,0.0,19.0,0.0,19.0,6.25,35.0,4211.428571428572,2.4857142857142858,0.022988505747126436,0.014285714285714285,1.0,-0.867547619047619,0.0,1.0,-0.045943452380952376,0,5055,52
5100.0,4.0,1275.0,500.0,1700.0,1200.0,0.3333333333333333,0.09803921568627451,0.25,491.80788932265006,0.0,0.0,0.0,0.0,19.0,0.0,19.0,4.75,35.0,4211.428571428572,2.4857142857142858,0.022988505747126436,0.014285714285714285,1.0,-0.867547619047619,0.0,1.0,-0.03491702380952381,0,5055,52
5100.0,5.0,1020.0,200.0,1700.0,1500.0,0.3333333333333333,0.0392156862745098,0.2,655.4387843269576,0.0,0.0,0.0,0.0,19.0,0.0,19.0,5.4,35.0,4211.428571428572,2.4857142857142858,0.022988505747126436,0.014285714285714285,1.0,-0.867547619047619,0.0,1.0,-0.03969514285714286,0,5055,52
5100.0,5.0,1020.0,300.0,1700.0,1400.0,0.3333333333333333,0.058823529411764705,0.2,574.108003776293,0.0,0.0,0.0,0.0,19.0,0.0,19.0,4.4,35.0,4211.428571428572,2.4857142857142858,0.022988505747126436,0.014285714285714285,1.0,-0.867547619047619,0.0,1.0,-0.03234419047619048,0,5055,52
5100.0,5.0,1020.0,500.0,1700.0,1200.0,0.3333333333333333,0.09803921568627451,0.2,560.0,0.0,0.0,0.0,0.0,19.0,0.0,19.0,5.0,35.0,4211.428571428572,2.4857142857142858,0.022988505747126436,0.014285714285714285,1.0,-0.867547619047619,0.0,1.0,-0.0367547619047619,0,5055,52
5100.0,6.0,850.0,200.0,1700.0,1500.0,0.3333333333333333,0.0392156862745098,0.16666666666666666,621.1548384528074,0.0,0.0,0.0,0.0,19.0,0.0,19.0,5.5,35.0,4211.428571428572,2.4857142857142858,0.022988505747126436,0.014285714285714285,1.0,-0.867547619047619,0.0,1.0,-0.04043023809523809,0,5055,52
5100.0,6.0,850.0,200.0,1700.0,1500.0,0.3333333333333333,0.0392156862745098,0.16666666666666666,621.1548384528074,0.0,0.0,0.0,0.0,19.0,0.0,19.0,4.5,35.0,4211.428571428572,2.4857142857142858,0.022988505747126436,0.014285714285714285,1.0,-0.867547619047619,0.0,1.0,-0.03307928571428571,0,5055,52
5100.0,5.0,1020.0,500.0,1700.0,1200.0,0.3333333333333333,0.09803921568627451,0.2,560.0,0.0,0.0,0.0,0.0,19.0,0.0,19.0,5.0,35.0,4211.428571428572,2.4857142857142858,0.022988505747126436,0.014285714285714285,1.0,-0.867547619047619,0.0,1.0,-0.0367547619047619,0,5055,52
5100.0,6.0,850.0,200.0,1700.0,1500.0,0.3333333333333333,0.0392156862745098,0.16666666666666666,621.1548384528074,0.0,0.0,0.0,0.0,19.0,0.0,19.0,5.5,35.0,4211.428571428572,2.4857142857142858,0.022988505747126436,0.014285714285714285,1.0,-0.867547619047619,0.0,1.0,-0.04043023809523809,0,5055,52
5100.0,6.0,850.0,200.0,1700.0,1500.0,0.3333333333333333,0.0392156862745098,0.16666666666666666,621.1548384528074,0.0,0.0,0.0,0.0,19.0,0.0,19.0,4.5,35.0,4211.428571428572,2.4857142857142858,0.022988505747126436,0.014285714285714285,1.0,-0.867547619047619,0.0,1.0,-0.03307928571428571,0,5055,52
5100.0,6.0,850.0,300.0,1700.0,1400.0,0.3333333333333333,0.058823529411764705,0.16666666666666666,468.15239683960465,0.0,0.0,0.0,0.0,6.0,0.0,6.0,1.5,35.0,4211.428571428572,2.4857142857142858,0.022988505747126436,0.014285714285714285,1.0,-0.867547619047619,0.0,1.0,-0.01102642857142857,0,5055,52
5100.0,6.0,850.0,300.0,1700.0,1400.0,0.3333333333333333,0.058823529411764705,0.16666666666666666,468.15239683960465,0.0,0.0,0.0,0.0,3.0,0.0,3.0,0.5,35.0,4211.428571428572,2.4857142857142858,0.022988505747126436,0.014285714285714285,1.0,-0.867547619047619,0.0,1.0,-0.0036754761904761904,0,5055,52
5100.0,7.0,728.5714285714286,200.0,1700.0,1500.0,0.3333333333333333,0.0392156862745098,0.14285714285714285,497.7500397195528,0.0,0.0,0.0,0.0,6.0,0.0,6.0,2.0,35.0,4211.428571428572,2.4857142857142858,0.022988505747126436,0.014285714285714285,1.0,-0.867547619047619,0.0,1.0,-0.014701904761904762,0,5055,52
5100.0,7.0,728.5714285714286,200.0,1700.0,1500.0,0.3333333333333333,0.0392156862745098,0.14285714285714285,497.7500397195528,0.0,0.0,0.0,0.0,6.0,0.0,6.0,2.0,35.0,4211.428571428572,2.4857142857142858,0.022988505747126436,0.014285714285714285,1.0,-0.867547619047619,0.0,1.0,-0.014701904761904762,0,5055,52
5100.0,6.0,850.0,300.0,1700.0,1400.0,0.3333333333333333,0.058823529411764705,0.16666666666666666,468.15239683960465,0.0,0.0,0.0,0.0,19.0,0.0,19.0,4.666666666666667,35.0,4211.428571428572,2.4857142857142858,0.022988505747126436,0.014285714285714285,1.0,-0.867547619047619,0.0,1.0,-0.03430444444444444,0,5055,52
5100.0,6.0,850.0,300.0,1700.0,1400.0,0.3333333333333333,0.058823529411764705,0.16666666666666666,468.15239683960465,0.0,0.0,0.0,0.0,19.0,0.0,19.0,3.6666666666666665,35.0,4211.428571428572,2.4857142857142858,0.022988505747126436,0.014285714285714285,1.0,-0.867547619047619,0.0,1.0,-0.02695349206349206,0,5055,52
5100.0,7.0,728.5714285714286,200.0,1700.0,1500.0,0.3333333333333333,0.0392156862745098,0.14285714285714285,497.7500397195528,0.0,0.0,0.0,0.0,19.0,0.0,19.0,4.714285714285714,35.0,4211.428571428572,2.4857142857142858,0.022988505747126436,0.014285714285714285,1.0,-0.867547619047619,0.0,1.0,-0.03465448979591837,0,5055,52
4000.0,2.0,2000.0,1500.0,2500.0,1000.0,0.625,0.375,0.5,500.0,0.0,0.0,0.0,0.0,0.0,0.0,0.0,0.0,35.0,4211.428571428572,2.4857142857142858,0.022988505747126436,0.014285714285714285,1.0,-0.867547619047619,0.0,1.875,-0.0,1,5056,52
4000.0,2.0,2000.0,1500.0,2500.0,1000.0,0.625,0.375,0.5,500.0,0.0,0.0,0.0,0.0,0.0,0.0,0.0,0.0,35.0,4211.428571428572,2.4857142857142858,0.022988505747126436,0.014285714285714285,1.0,-0.867547619047619,0.0,1.875,-0.0,0,5056,52
4000.0,2.0,2000.0,1500.0,2500.0,1000.0,0.625,0.375,0.5,500.0,0.0,0.0,0.0,0.0,0.0,0.0,0.0,0.0,35.0,4211.428571428572,2.4857142857142858,0.022988505747126436,0.014285714285714285,1.0,-0.867547619047619,0.0,1.875,-0.0,0,5056,52
4000.0,2.0,2000.0,1500.0,2500.0,1000.0,0.625,0.375,0.5,500.0,0.0,0.0,0.0,0.0,0.0,0.0,0.0,0.0,35.0,4211.428571428572,2.4857142857142858,0.022988505747126436,0.014285714285714285,1.0,-0.867547619047619,0.0,1.875,-0.0,0,5056,52
4000.0,2.0,2000.0,1500.0,2500.0,1000.0,0.625,0.375,0.5,500.0,0.0,0.0,0.0,0.0,0.0,0.0,0.0,0.0,35.0,4211.428571428572,2.4857142857142858,0.022988505747126436,0.014285714285714285,1.0,-0.867547619047619,0.0,1.875,-0.0,0,5056,52
4000.0,2.0,2000.0,1500.0,2500.0,1000.0,0.625,0.375,0.5,500.0,0.0,0.0,0.0,0.0,0.0,0.0,0.0,0.0,35.0,4211.428571428572,2.4857142857142858,0.022988505747126436,0.014285714285714285,1.0,-0.867547619047619,0.0,1.875,-0.0,0,5056,52
4000.0,3.0,1333.3333333333333,800.0,1700.0,900.0,0.425,0.2,0.3333333333333333,385.8612300930075,0.0,0.0,0.0,0.0,0.0,0.0,0.0,0.0,35.0,4211.428571428572,2.4857142857142858,0.022988505747126436,0.014285714285714285,1.0,-0.867547619047619,0.0,1.275,-0.0,0,5056,52
4000.0,3.0,1333.3333333333333,800.0,1700.0,900.0,0.425,0.2,0.3333333333333333,385.8612300930075,0.0,0.0,0.0,0.0,0.0,0.0,0.0,0.0,35.0,4211.428571428572,2.4857142857142858,0.022988505747126436,0.014285714285714285,1.0,-0.867547619047619,0.0,1.275,-0.0,0,5056,52
4000.0,3.0,1333.3333333333333,800.0,1700.0,900.0,0.425,0.2,0.3333333333333333,385.8612300930075,0.0,0.0,0.0,0.0,0.0,0.0,0.0,0.0,35.0,4211.428571428572,2.4857142857142858,0.022988505747126436,0.014285714285714285,1.0,-0.867547619047619,0.0,1.275,-0.0,0,5056,52
4000.0,3.0,1333.3333333333333,1000.0,1500.0,500.0,0.375,0.25,0.3333333333333333,235.70226039551585,0.0,0.0,0.0,0.0,0.0,0.0,0.0,0.0,35.0,4211.428571428572,2.4857142857142858,0.022988505747126436,0.014285714285714285,1.0,-0.867547619047619,0.0,1.125,-0.0,0,5056,52
4000.0,3.0,1333.3333333333333,1000.0,1500.0,500.0,0.375,0.25,0.3333333333333333,235.70226039551585,0.0,0.0,0.0,0.0,0.0,0.0,0.0,0.0,35.0,4211.428571428572,2.4857142857142858,0.022988505747126436,0.014285714285714285,1.0,-0.867547619047619,0.0,1.125,-0.0,0,5056,52
4000.0,3.0,1333.3333333333333,1000.0,1500.0,500.0,0.375,0.25,0.3333333333333333,235.70226039551585,0.0,0.0,0.0,0.0,0.0,0.0,0.0,0.0,35.0,4211.428571428572,2.4857142857142858,0.022988505747126436,0.014285714285714285,1.0,-0.867547619047619,0.0,1.125,-0.0,0,5056,52
2100.0,1.0,2100.0,2100.0,2100.0,0.0,1.0,1.0,1.0,0.0,0.0,0.0,0.0,0.0,0.0,0.0,0.0,0.0,35.0,4211.428571428572,2.4857142857142858,0.022988505747126436,0.014285714285714285,1.0,-0.867547619047619,0.0,3.0,-0.0,1,5057,52
2100.0,2.0,1050.0,300.0,1800.0,1500.0,0.8571428571428571,0.14285714285714285,0.5,750.0,0.0,0.0,0.0,0.0,0.0,0.0,0.0,0.0,35.0,4211.428571428572,2.4857142857142858,0.022988505747126436,0.014285714285714285,1.0,-0.867547619047619,0.0,2.571428571428571,-0.0,0,5057,52
2100.0,2.0,1050.0,800.0,1300.0,500.0,0.6190476190476191,0.38095238095238093,0.5,250.0,0.0,0.0,0.0,0.0,0.0,0.0,0.0,0.0,35.0,4211.428571428572,2.4857142857142858,0.022988505747126436,0.014285714285714285,1.0,-0.867547619047619,0.0,1.8571428571428572,-0.0,1,5058,52
5600.0,4.0,1400.0,200.0,2700.0,2500.0,0.48214285714285715,0.03571428571428571,0.25,1155.4220008291343,0.0,0.0,0.0,0.0,0.0,0.0,0.0,0.0,35.0,4211.428571428572,2.4857142857142858,0.022988505747126436,0.014285714285714285,1.0,-0.867547619047619,0.0,1.4464285714285714,-0.0,0,5059,52
5600.0,5.0,1120.0,100.0,2700.0,2600.0,0.48214285714285715,0.017857142857142856,0.2,1135.6055653262713,0.0,0.0,0.0,0.0,0.0,0.0,0.0,0.0,35.0,4211.428571428572,2.4857142857142858,0.022988505747126436,0.014285714285714285,1.0,-0.867547619047619,0.0,1.4464285714285714,-0.0,0,5059,52
5600.0,3.0,1866.6666666666667,800.0,2700.0,1900.0,0.48214285714285715,0.14285714285714285,0.33333333333333337,793.025150224688,0.0,0.0,0.0,0.0,0.0,0.0,0.0,0.0,35.0,4211.428571428572,2.4857142857142858,0.022988505747126436,0.014285714285714285,1.0,-0.867547619047619,0.0,1.4464285714285714,-0.0,1,5059,52
5600.0,3.0,1866.6666666666667,800.0,2700.0,1900.0,0.48214285714285715,0.14285714285714285,0.33333333333333337,793.025150224688,0.0,0.0,0.0,0.0,0.0,0.0,0.0,0.0,35.0,4211.428571428572,2.4857142857142858,0.022988505747126436,0.014285714285714285,1.0,-0.867547619047619,0.0,1.4464285714285714,-0.0,0,5059,52
5600.0,4.0,1400.0,100.0,2700.0,2600.0,0.48214285714285715,0.017857142857142856,0.25,1012.4228365658294,0.0,0.0,0.0,0.0,0.0,0.0,0.0,0.0,35.0,4211.428571428572,2.4857142857142858,0.022988505747126436,0.014285714285714285,1.0,-0.867547619047619,0.0,1.4464285714285714,-0.0,0,5059,52
5600.0,4.0,1400.0,100.0,2700.0,2600.0,0.48214285714285715,0.017857142857142856,0.25,1012.4228365658294,0.0,0.0,0.0,0.0,0.0,0.0,0.0,0.0,35.0,4211.428571428572,2.4857142857142858,0.022988505747126436,0.014285714285714285,1.0,-0.867547619047619,0.0,1.4464285714285714,-0.0,0,5059,52
5600.0,4.0,1400.0,100.0,2400.0,2300.0,0.42857142857142855,0.017857142857142856,0.25,982.344135219425,0.0,0.0,0.0,0.0,0.0,0.0,0.0,0.0,35.0,4211.428571428572,2.4857142857142858,0.022988505747126436,0.014285714285714285,1.0,-0.867547619047619,0.0,1.2857142857142856,-0.0,0,5059,52
5600.0,4.0,1400.0,300.0,2400.0,2100.0,0.42857142857142855,0.05357142857142857,0.25,874.642784226795,0.0,0.0,0.0,0.0,0.0,0.0,0.0,0.0,35.0,4211.428571428572,2.4857142857142858,0.022988505747126436,0.014285714285714285,1.0,-0.867547619047619,0.0,1.2857142857142856,-0.0,0,5059,52
5600.0,5.0,1120.0,100.0,2400.0,2300.0,0.42857142857142855,0.017857142857142856,0.2,957.9144011862438,0.0,0.0,0.0,0.0,0.0,0.0,0.0,0.0,35.0,4211.428571428572,2.4857142857142858,0.022988505747126436,0.014285714285714285,1.0,-0.867547619047619,0.0,1.2857142857142856,-0.0,0,5059,52
5600.0,4.0,1400.0,300.0,2400.0,2100.0,0.42857142857142855,0.05357142857142857,0.25,874.642784226795,0.0,0.0,0.0,0.0,0.0,0.0,0.0,0.0,35.0,4211.428571428572,2.4857142857142858,0.022988505747126436,0.014285714285714285,1.0,-0.867547619047619,0.0,1.2857142857142856,-0.0,0,5059,52
5600.0,5.0,1120.0,100.0,2400.0,2300.0,0.42857142857142855,0.017857142857142856,0.2,957.9144011862438,0.0,0.0,0.0,0.0,0.0,0.0,0.0,0.0,35.0,4211.428571428572,2.4857142857142858,0.022988505747126436,0.014285714285714285,1.0,-0.867547619047619,0.0,1.2857142857142856,-0.0,0,5059,52
5600.0,5.0,1120.0,100.0,2400.0,2300.0,0.42857142857142855,0.017857142857142856,0.2,919.5651146058119,0.0,0.0,0.0,0.0,0.0,0.0,0.0,0.0,35.0,4211.428571428572,2.4857142857142858,0.022988505747126436,0.014285714285714285,1.0,-0.867547619047619,0.0,1.2857142857142856,-0.0,0,5059,52
5600.0,5.0,1120.0,100.0,2400.0,2300.0,0.42857142857142855,0.017857142857142856,0.2,919.5651146058119,0.0,0.0,0.0,0.0,0.0,0.0,0.0,0.0,35.0,4211.428571428572,2.4857142857142858,0.022988505747126436,0.014285714285714285,1.0,-0.867547619047619,0.0,1.2857142857142856,-0.0,0,5059,52
5600.0,5.0,1120.0,100.0,2300.0,2200.0,0.4107142857142857,0.017857142857142856,0.2,913.0169768410661,0.0,0.0,0.0,0.0,0.0,0.0,0.0,0.0,35.0,4211.428571428572,2.4857142857142858,0.022988505747126436,0.014285714285714285,1.0,-0.867547619047619,0.0,1.2321428571428572,-0.0,0,5059,52
5600.0,5.0,1120.0,100.0,2300.0,2200.0,0.4107142857142857,0.017857142857142856,0.2,913.0169768410661,0.0,0.0,0.0,0.0,0.0,0.0,0.0,0.0,35.0,4211.428571428572,2.4857142857142858,0.022988505747126436,0.014285714285714285,1.0,-0.867547619047619,0.0,1.2321428571428572,-0.0,0,5059,52
5600.0,5.0,1120.0,200.0,2300.0,2100.0,0.4107142857142857,0.03571428571428571,0.2,870.4022058795578,0.0,0.0,0.0,0.0,0.0,0.0,0.0,0.0,35.0,4211.428571428572,2.4857142857142858,0.022988505747126436,0.014285714285714285,1.0,-0.867547619047619,0.0,1.2321428571428572,-0.0,0,5059,52
5600.0,5.0,1120.0,200.0,2300.0,2100.0,0.4107142857142857,0.03571428571428571,0.2,870.4022058795578,0.0,0.0,0.0,0.0,0.0,0.0,0.0,0.0,35.0,4211.428571428572,2.4857142857142858,0.022988505747126436,0.014285714285714285,1.0,-0.867547619047619,0.0,1.2321428571428572,-0.0,0,5059,52
5600.0,3.0,1866.6666666666667,1400.0,2100.0,700.0,0.375,0.25,0.33333333333333337,329.98316455372213,0.0,0.0,0.0,0.0,0.0,0.0,0.0,0.0,35.0,4211.428571428572,2.4857142857142858,0.022988505747126436,0.014285714285714285,1.0,-0.867547619047619,0.0,1.125,-0.0,0,5059,52
5600.0,6.0,933.3333333333334,100.0,2100.0,2000.0,0.375,0.017857142857142856,0.16666666666666669,853.7498983243798,0.0,0.0,0.0,0.0,0.0,0.0,0.0,0.0,35.0,4211.428571428572,2.4857142857142858,0.022988505747126436,0.014285714285714285,1.0,-0.867547619047619,0.0,1.125,-0.0,0,5059,52
5600.0,4.0,1400.0,100.0,2100.0,2000.0,0.375,0.017857142857142856,0.25,796.8688725254614,0.0,0.0,0.0,0.0,0.0,0.0,0.0,0.0,35.0,4211.428571428572,2.4857142857142858,0.022988505747126436,0.014285714285714285,1.0,-0.867547619047619,0.0,1.125,-0.0,0,5059,52
5600.0,4.0,1400.0,100.0,2100.0,2000.0,0.375,0.017857142857142856,0.25,796.8688725254614,0.0,0.0,0.0,0.0,0.0,0.0,0.0,0.0,35.0,4211.428571428572,2.4857142857142858,0.022988505747126436,0.014285714285714285,1.0,-0.867547619047619,0.0,1.125,-0.0,0,5059,52
5600.0,4.0,1400.0,100.0,2100.0,2000.0,0.375,0.017857142857142856,0.25,796.8688725254614,0.0,0.0,0.0,0.0,0.0,0.0,0.0,0.0,35.0,4211.428571428572,2.4857142857142858,0.022988505747126436,0.014285714285714285,1.0,-0.867547619047619,0.0,1.125,-0.0,0,5059,52
5600.0,4.0,1400.0,100.0,2100.0,2000.0,0.375,0.017857142857142856,0.25,796.8688725254614,0.0,0.0,0.0,0.0,0.0,0.0,0.0,0.0,35.0,4211.428571428572,2.4857142857142858,0.022988505747126436,0.014285714285714285,1.0,-0.867547619047619,0.0,1.125,-0.0,0,5059,52
5600.0,4.0,1400.0,200.0,2000.0,1800.0,0.35714285714285715,0.03571428571428571,0.25,734.8469228349534,0.0,0.0,0.0,0.0,0.0,0.0,0.0,0.0,35.0,4211.428571428572,2.4857142857142858,0.022988505747126436,0.014285714285714285,1.0,-0.867547619047619,0.0,1.0714285714285714,-0.0,0,5059,52
3700.0,3.0,1233.3333333333333,100.0,1900.0,1800.0,0.5135135135135135,0.02702702702702703,0.3333333333333333,805.5363982396382,0.0,0.0,0.0,0.0,0.0,0.0,0.0,0.0,35.0,4211.428571428572,2.4857142857142858,0.022988505747126436,0.014285714285714285,1.0,-0.867547619047619,0.0,1.5405405405405403,-0.0,1,5060,52
3700.0,3.0,1233.3333333333333,100.0,1900.0,1800.0,0.5135135135135135,0.02702702702702703,0.3333333333333333,805.5363982396382,0.0,0.0,0.0,0.0,0.0,0.0,0.0,0.0,35.0,4211.428571428572,2.4857142857142858,0.022988505747126436,0.014285714285714285,1.0,-0.867547619047619,0.0,1.5405405405405403,-0.0,0,5060,52
3700.0,4.0,925.0,100.0,1700.0,1600.0,0.4594594594594595,0.02702702702702703,0.25,775.8060324591451,0.0,0.0,0.0,0.0,0.0,0.0,0.0,0.0,35.0,4211.428571428572,2.4857142857142858,0.022988505747126436,0.014285714285714285,1.0,-0.867547619047619,0.0,1.3783783783783785,-0.0,0,5060,52
7500.0,4.0,1875.0,200.0,2900.0,2700.0,0.38666666666666666,0.02666666666666667,0.25,1047.3180032826706,0.0,0.0,0.0,0.0,0.0,0.0,0.0,0.0,35.0,4211.428571428572,2.4857142857142858,0.022988505747126436,0.014285714285714285,1.0,-0.867547619047619,0.0,1.16,-0.0,0,5061,52
7500.0,4.0,1875.0,200.0,2900.0,2700.0,0.38666666666666666,0.02666666666666667,0.25,1047.3180032826706,0.0,0.0,0.0,0.0,0.0,0.0,0.0,0.0,35.0,4211.428571428572,2.4857142857142858,0.022988505747126436,0.014285714285714285,1.0,-0.867547619047619,0.0,1.16,-0.0,0,5061,52
7500.0,4.0,1875.0,300.0,2900.0,2600.0,0.38666666666666666,0.04,0.25,990.8960591303207,0.0,0.0,0.0,0.0,0.0,0.0,0.0,0.0,35.0,4211.428571428572,2.4857142857142858,0.022988505747126436,0.014285714285714285,1.0,-0.867547619047619,0.0,1.16,-0.0,0,5061,52
7500.0,5.0,1500.0,200.0,2900.0,2700.0,0.38666666666666666,0.02666666666666667,0.2,1117.1392035015153,0.0,0.0,0.0,0.0,0.0,0.0,0.0,0.0,35.0,4211.428571428572,2.4857142857142858,0.022988505747126436,0.014285714285714285,1.0,-0.867547619047619,0.0,1.16,-0.0,0,5061,52
7500.0,3.0,2500.0,2300.0,2900.0,600.0,0.38666666666666666,0.30666666666666664,0.3333333333333333,282.842712474619,0.0,0.0,0.0,0.0,0.0,0.0,0.0,0.0,35.0,4211.428571428572,2.4857142857142858,0.022988505747126436,0.014285714285714285,1.0,-0.867547619047619,0.0,1.16,-0.0,1,5061,52
7500.0,4.0,1875.0,500.0,2900.0,2400.0,0.38666666666666666,0.06666666666666667,0.25,884.2369591913697,0.0,0.0,0.0,0.0,0.0,0.0,0.0,0.0,35.0,4211.428571428572,2.4857142857142858,0.022988505747126436,0.014285714285714285,1.0,-0.867547619047619,0.0,1.16,-0.0,0,5061,52
7500.0,5.0,1500.0,200.0,2900.0,2700.0,0.38666666666666666,0.02666666666666667,0.2,1078.8883167408942,0.0,0.0,0.0,0.0,0.0,0.0,0.0,0.0,35.0,4211.428571428572,2.4857142857142858,0.022988505747126436,0.014285714285714285,1.0,-0.867547619047619,0.0,1.16,-0.0,0,5061,52
7500.0,5.0,1500.0,200.0,2900.0,2700.0,0.38666666666666666,0.02666666666666667,0.2,1078.8883167408942,0.0,0.0,0.0,0.0,0.0,0.0,0.0,0.0,35.0,4211.428571428572,2.4857142857142858,0.022988505747126436,0.014285714285714285,1.0,-0.867547619047619,0.0,1.16,-0.0,0,5061,52
7500.0,4.0,1875.0,500.0,2900.0,2400.0,0.38666666666666666,0.06666666666666667,0.25,884.2369591913697,0.0,0.0,0.0,0.0,0.0,0.0,0.0,0.0,35.0,4211.428571428572,2.4857142857142858,0.022988505747126436,0.014285714285714285,1.0,-0.867547619047619,0.0,1.16,-0.0,0,5061,52
7500.0,5.0,1500.0,200.0,2900.0,2700.0,0.38666666666666666,0.02666666666666667,0.2,1078.8883167408942,0.0,0.0,0.0,0.0,0.0,0.0,0.0,0.0,35.0,4211.428571428572,2.4857142857142858,0.022988505747126436,0.014285714285714285,1.0,-0.867547619047619,0.0,1.16,-0.0,0,5061,52
7500.0,5.0,1500.0,200.0,2900.0,2700.0,0.38666666666666666,0.02666666666666667,0.2,1078.8883167408942,0.0,0.0,0.0,0.0,0.0,0.0,0.0,0.0,35.0,4211.428571428572,2.4857142857142858,0.022988505747126436,0.014285714285714285,1.0,-0.867547619047619,0.0,1.16,-0.0,0,5061,52
7500.0,5.0,1500.0,200.0,2700.0,2500.0,0.36,0.02666666666666667,0.2,1106.3453348751464,0.0,0.0,0.0,0.0,0.0,0.0,0.0,0.0,35.0,4211.428571428572,2.4857142857142858,0.022988505747126436,0.014285714285714285,1.0,-0.867547619047619,0.0,1.08,-0.0,0,5061,52
7500.0,3.0,2500.0,2300.0,2700.0,400.0,0.36,0.30666666666666664,0.3333333333333333,163.29931618554522,0.0,0.0,0.0,0.0,0.0,0.0,0.0,0.0,35.0,4211.428571428572,2.4857142857142858,0.022988505747126436,0.014285714285714285,1.0,-0.867547619047619,0.0,1.08,-0.0,0,5061,52
7500.0,3.0,2500.0,2300.0,2700.0,400.0,0.36,0.30666666666666664,0.3333333333333333,163.29931618554522,0.0,0.0,0.0,0.0,0.0,0.0,0.0,0.0,35.0,4211.428571428572,2.4857142857142858,0.022988505747126436,0.014285714285714285,1.0,-0.867547619047619,0.0,1.08,-0.0,0,5061,52
7500.0,4.0,1875.0,500.0,2700.0,2200.0,0.36,0.06666666666666667,0.25,861.3216588476108,0.0,0.0,0.0,0.0,0.0,0.0,0.0,0.0,35.0,4211.428571428572,2.4857142857142858,0.022988505747126436,0.014285714285714285,1.0,-0.867547619047619,0.0,1.08,-0.0,0,5061,52
7500.0,5.0,1500.0,200.0,2700.0,2500.0,0.36,0.02666666666666667,0.2,1063.954886261631,0.0,0.0,0.0,0.0,0.0,0.0,0.0,0.0,35.0,4211.428571428572,2.4857142857142858,0.022988505747126436,0.014285714285714285,1.0,-0.867547619047619,0.0,1.08,-0.0,0,5061,52
7500.0,5.0,1500.0,200.0,2700.0,2500.0,0.36,0.02666666666666667,0.2,1063.954886261631,0.0,0.0,0.0,0.0,0.0,0.0,0.0,0.0,35.0,4211.428571428572,2.4857142857142858,0.022988505747126436,0.014285714285714285,1.0,-0.867547619047619,0.0,1.08,-0.0,0,5061,52
7500.0,4.0,1875.0,200.0,2700.0,2500.0,0.36,0.02666666666666667,0.25,980.7522622966516,0.0,0.0,0.0,0.0,0.0,0.0,0.0,0.0,35.0,4211.428571428572,2.4857142857142858,0.022988505747126436,0.014285714285714285,1.0,-0.867547619047619,0.0,1.08,-0.0,0,5061,52
7500.0,4.0,1875.0,200.0,2700.0,2500.0,0.36,0.02666666666666667,0.25,980.7522622966516,0.0,0.0,0.0,0.0,0.0,0.0,0.0,0.0,35.0,4211.428571428572,2.4857142857142858,0.022988505747126436,0.014285714285714285,1.0,-0.867547619047619,0.0,1.08,-0.0,0,5061,52
7500.0,5.0,1500.0,200.0,2700.0,2500.0,0.36,0.02666666666666667,0.2,985.900603509299,0.0,0.0,0.0,0.0,0.0,0.0,0.0,0.0,35.0,4211.428571428572,2.4857142857142858,0.022988505747126436,0.014285714285714285,1.0,-0.867547619047619,0.0,1.08,-0.0,0,5061,52
7500.0,5.0,1500.0,200.0,2700.0,2500.0,0.36,0.02666666666666667,0.2,985.900603509299,0.0,0.0,0.0,0.0,0.0,0.0,0.0,0.0,35.0,4211.428571428572,2.4857142857142858,0.022988505747126436,0.014285714285714285,1.0,-0.867547619047619,0.0,1.08,-0.0,0,5061,52
7500.0,6.0,1250.0,200.0,2700.0,2500.0,0.36,0.02666666666666667,0.16666666666666666,1050.0,0.0,0.0,0.0,0.0,0.0,0.0,0.0,0.0,35.0,4211.428571428572,2.4857142857142858,0.022988505747126436,0.014285714285714285,1.0,-0.867547619047619,0.0,1.08,-0.0,0,5061,52
7500.0,5.0,1500.0,200.0,2700.0,2500.0,0.36,0.02666666666666667,0.2,985.900603509299,0.0,0.0,0.0,0.0,0.0,0.0,0.0,0.0,35.0,4211.428571428572,2.4857142857142858,0.022988505747126436,0.014285714285714285,1.0,-0.867547619047619,0.0,1.08,-0.0,0,5061,52
7500.0,5.0,1500.0,200.0,2700.0,2500.0,0.36,0.02666666666666667,0.2,985.900603509299,0.0,0.0,0.0,0.0,0.0,0.0,0.0,0.0,35.0,4211.428571428572,2.4857142857142858,0.022988505747126436,0.014285714285714285,1.0,-0.867547619047619,0.0,1.08,-0.0,0,5061,52
7500.0,6.0,1250.0,200.0,2700.0,2500.0,0.36,0.02666666666666667,0.16666666666666666,1050.0,0.0,0.0,0.0,0.0,0.0,0.0,0.0,0.0,35.0,4211.428571428572,2.4857142857142858,0.022988505747126436,0.014285714285714285,1.0,-0.867547619047619,0.0,1.08,-0.0,0,5061,52
7500.0,3.0,2500.0,2400.0,2600.0,200.0,0.3466666666666667,0.32,0.3333333333333333,81.64965809277261,0.0,0.0,0.0,0.0,0.0,0.0,0.0,0.0,35.0,4211.428571428572,2.4857142857142858,0.022988505747126436,0.014285714285714285,1.0,-0.867547619047619,0.0,1.04,-0.0,0,5061,52
7500.0,4.0,1875.0,200.0,2600.0,2400.0,0.3466666666666667,0.02666666666666667,0.25,973.0750228014282,0.0,0.0,0.0,0.0,0.0,0.0,0.0,0.0,35.0,4211.428571428572,2.4857142857142858,0.022988505747126436,0.014285714285714285,1.0,-0.867547619047619,0.0,1.04,-0.0,0,5061,52
7500.0,4.0,1875.0,200.0,2600.0,2400.0,0.3466666666666667,0.02666666666666667,0.25,973.0750228014282,0.0,0.0,0.0,0.0,0.0,0.0,0.0,0.0,35.0,4211.428571428572,2.4857142857142858,0.022988505747126436,0.014285714285714285,1.0,-0.867547619047619,0.0,1.04,-0.0,0,5061,52
7500.0,4.0,1875.0,200.0,2600.0,2400.0,0.3466666666666667,0.02666666666666667,0.25,973.0750228014282,0.0,0.0,0.0,0.0,0.0,0.0,0.0,0.0,35.0,4211.428571428572,2.4857142857142858,0.022988505747126436,0.014285714285714285,1.0,-0.867547619047619,0.0,1.04,-0.0,0,5061,52
7500.0,4.0,1875.0,200.0,2600.0,2400.0,0.3466666666666667,0.02666666666666667,0.25,973.0750228014282,0.0,0.0,0.0,0.0,0.0,0.0,0.0,0.0,35.0,4211.428571428572,2.4857142857142858,0.022988505747126436,0.014285714285714285,1.0,-0.867547619047619,0.0,1.04,-0.0,0,5061,52
7500.0,5.0,1500.0,200.0,2600.0,2400.0,0.3466666666666667,0.02666666666666667,0.2,979.7958971132713,0.0,0.0,0.0,0.0,0.0,0.0,0.0,0.0,35.0,4211.428571428572,2.4857142857142858,0.022988505747126436,0.014285714285714285,1.0,-0.867547619047619,0.0,1.04,-0.0,0,5061,52
7500.0,5.0,1500.0,200.0,2600.0,2400.0,0.3466666666666667,0.02666666666666667,0.2,979.7958971132713,0.0,0.0,0.0,0.0,0.0,0.0,0.0,0.0,35.0,4211.428571428572,2.4857142857142858,0.022988505747126436,0.014285714285714285,1.0,-0.867547619047619,0.0,1.04,-0.0,0,5061,52
7500.0,6.0,1250.0,200.0,2600.0,2400.0,0.3466666666666667,0.02666666666666667,0.16666666666666666,1045.2272480183435,0.0,0.0,0.0,0.0,0.0,0.0,0.0,0.0,35.0,4211.428571428572,2.4857142857142858,0.022988505747126436,0.014285714285714285,1.0,-0.867547619047619,0.0,1.04,-0.0,0,5061,52
7500.0,4.0,1875.0,300.0,2600.0,2300.0,0.3466666666666667,0.04,0.25,917.5374651751284,0.0,0.0,0.0,0.0,0.0,0.0,0.0,0.0,35.0,4211.428571428572,2.4857142857142858,0.022988505747126436,0.014285714285714285,1.0,-0.867547619047619,0.0,1.04,-0.0,0,5061,52
7500.0,5.0,1500.0,300.0,2600.0,2300.0,0.3466666666666667,0.04,0.2,935.9487165438072,0.0,0.0,0.0,0.0,0.0,0.0,0.0,0.0,35.0,4211.428571428572,2.4857142857142858,0.022988505747126436,0.014285714285714285,1.0,-0.867547619047619,0.0,1.04,-0.0,0,5061,52
7500.0,5.0,1500.0,300.0,2600.0,2300.0,0.3466666666666667,0.04,0.2,935.9487165438072,0.0,0.0,0.0,0.0,0.0,0.0,0.0,0.0,35.0,4211.428571428572,2.4857142857142858,0.022988505747126436,0.014285714285714285,1.0,-0.867547619047619,0.0,1.04,-0.0,0,5061,52
7500.0,4.0,1875.0,300.0,2500.0,2200.0,0.3333333333333333,0.04,0.25,912.071817347735,0.0,0.0,0.0,0.0,0.0,0.0,0.0,0.0,35.0,4211.428571428572,2.4857142857142858,0.022988505747126436,0.014285714285714285,1.0,-0.867547619047619,0.0,1.0,-0.0,0,5061,52
7500.0,4.0,1875.0,300.0,2500.0,2200.0,0.3333333333333333,0.04,0.25,912.071817347735,0.0,0.0,0.0,0.0,0.0,0.0,0.0,0.0,35.0,4211.428571428572,2.4857142857142858,0.022988505747126436,0.014285714285714285,1.0,-0.867547619047619,0.0,1.0,-0.0,0,5061,52
7500.0,5.0,1500.0,300.0,2500.0,2200.0,0.3333333333333333,0.04,0.2,931.6651759081693,0.0,0.0,0.0,0.0,0.0,0.0,0.0,0.0,35.0,4211.428571428572,2.4857142857142858,0.022988505747126436,0.014285714285714285,1.0,-0.867547619047619,0.0,1.0,-0.0,0,5061,52
7500.0,5.0,1500.0,200.0,2500.0,2300.0,0.3333333333333333,0.02666666666666667,0.2,1063.954886261631,0.0,0.0,0.0,0.0,0.0,0.0,0.0,0.0,35.0,4211.428571428572,2.4857142857142858,0.022988505747126436,0.014285714285714285,1.0,-0.867547619047619,0.0,1.0,-0.0,0,5061,52
7500.0,6.0,1250.0,200.0,2500.0,2300.0,0.3333333333333333,0.02666666666666667,0.16666666666666666,977.6672917374976,0.0,0.0,0.0,0.0,0.0,0.0,0.0,0.0,35.0,4211.428571428572,2.4857142857142858,0.022988505747126436,0.014285714285714285,1.0,-0.867547619047619,0.0,1.0,-0.0,0,5061,52
7500.0,6.0,1250.0,200.0,2500.0,2300.0,0.3333333333333333,0.02666666666666667,0.16666666666666666,977.6672917374976,0.0,0.0,0.0,0.0,0.0,0.0,0.0,0.0,35.0,4211.428571428572,2.4857142857142858,0.022988505747126436,0.014285714285714285,1.0,-0.867547619047619,0.0,1.0,-0.0,0,5061,52
7500.0,4.0,1875.0,500.0,2400.0,1900.0,0.32,0.06666666666666667,0.25,794.9056547792322,0.0,0.0,0.0,0.0,0.0,0.0,0.0,0.0,35.0,4211.428571428572,2.4857142857142858,0.022988505747126436,0.014285714285714285,1.0,-0.867547619047619,0.0,0.96,-0.0,0,5061,52
7500.0,5.0,1500.0,200.0,2400.0,2200.0,0.32,0.02666666666666667,0.2,1021.7631819555841,0.0,0.0,0.0,0.0,0.0,0.0,0.0,0.0,35.0,4211.428571428572,2.4857142857142858,0.022988505747126436,0.014285714285714285,1.0,-0.867547619047619,0.0,0.96,-0.0,0,5061,52
7500.0,5.0,1500.0,200.0,2400.0,2200.0,0.32,0.02666666666666667,0.2,1021.7631819555841,0.0,0.0,0.0,0.0,0.0,0.0,0.0,0.0,35.0,4211.428571428572,2.4857142857142858,0.022988505747126436,0.014285714285714285,1.0,-0.867547619047619,0.0,0.96,-0.0,0,5061,52
7500.0,6.0,1250.0,200.0,2400.0,2200.0,0.32,0.02666666666666667,0.16666666666666666,939.4147114027968,0.0,0.0,0.0,0.0,0.0,0.0,0.0,0.0,35.0,4211.428571428572,2.4857142857142858,0.022988505747126436,0.014285714285714285,1.0,-0.867547619047619,0.0,0.96,-0.0,0,5061,52
7500.0,6.0,1250.0,200.0,2400.0,2200.0,0.32,0.02666666666666667,0.16666666666666666,939.4147114027968,0.0,0.0,0.0,0.0,0.0,0.0,0.0,0.0,35.0,4211.428571428572,2.4857142857142858,0.022988505747126436,0.014285714285714285,1.0,-0.867547619047619,0.0,0.96,-0.0,0,5061,52
7500.0,6.0,1250.0,200.0,2400.0,2200.0,0.32,0.02666666666666667,0.16666666666666666,939.4147114027968,0.0,0.0,0.0,0.0,0.0,0.0,0.0,0.0,35.0,4211.428571428572,2.4857142857142858,0.022988505747126436,0.014285714285714285,1.0,-0.867547619047619,0.0,0.96,-0.0,0,5061,52
7500.0,6.0,1250.0,200.0,2400.0,2200.0,0.32,0.02666666666666667,0.16666666666666666,939.4147114027968,0.0,0.0,0.0,0.0,0.0,0.0,0.0,0.0,35.0,4211.428571428572,2.4857142857142858,0.022988505747126436,0.014285714285714285,1.0,-0.867547619047619,0.0,0.96,-0.0,0,5061,52
4800.0,3.0,1600.0,900.0,2900.0,2000.0,0.6041666666666666,0.1875,0.3333333333333333,920.1449161228173,0.0,0.0,0.0,0.0,14.0,0.0,14.0,8.0,35.0,4211.428571428572,2.4857142857142858,0.022988505747126436,0.014285714285714285,1.0,-0.867547619047619,0.0,1.8125,-0.058807619047619046,1,5062,52
4800.0,3.0,1600.0,600.0,2800.0,2200.0,0.5833333333333334,0.125,0.3333333333333333,909.2121131323904,0.0,0.0,0.0,0.0,48.0,16.0,32.0,30.666666666666668,35.0,4211.428571428572,2.4857142857142858,0.022988505747126436,0.014285714285714285,1.0,-0.867547619047619,0.0,1.75,-0.22542920634920635,0,5062,52
4800.0,4.0,1200.0,200.0,2800.0,2600.0,0.5833333333333334,0.041666666666666664,0.25,989.9494936611666,0.0,0.0,0.0,0.0,67.0,28.0,39.0,51.0,35.0,4211.428571428572,2.4857142857142858,0.022988505747126436,0.014285714285714285,1.0,-0.867547619047619,0.0,1.75,-0.3748985714285714,0,5062,52
1800.0,1.0,1800.0,1800.0,1800.0,0.0,1.0,1.0,1.0,0.0,0.0,0.0,0.0,0.0,0.0,0.0,0.0,0.0,35.0,4211.428571428572,2.4857142857142858,0.022988505747126436,0.014285714285714285,1.0,-0.867547619047619,0.0,3.0,-0.0,1,5063,52
1800.0,2.0,900.0,600.0,1200.0,600.0,0.6666666666666666,0.3333333333333333,0.5,300.0,0.0,0.0,0.0,0.0,0.0,0.0,0.0,0.0,35.0,4211.428571428572,2.4857142857142858,0.022988505747126436,0.014285714285714285,1.0,-0.867547619047619,0.0,2.0,-0.0,0,5063,52
4200.0,2.0,2100.0,1700.0,2500.0,800.0,0.5952380952380952,0.40476190476190477,0.5,400.0,0.0,0.0,0.0,0.0,0.0,0.0,0.0,0.0,35.0,4211.428571428572,2.4857142857142858,0.022988505747126436,0.014285714285714285,1.0,-0.867547619047619,0.0,1.7857142857142856,-0.0,1,5064,52
4200.0,4.0,1050.0,100.0,2500.0,2400.0,0.5952380952380952,0.023809523809523808,0.25,884.5903006477066,0.0,0.0,0.0,0.0,0.0,0.0,0.0,0.0,35.0,4211.428571428572,2.4857142857142858,0.022988505747126436,0.014285714285714285,1.0,-0.867547619047619,0.0,1.7857142857142856,-0.0,0,5064,52
4200.0,3.0,1400.0,100.0,2400.0,2300.0,0.5714285714285714,0.023809523809523808,0.3333333333333333,962.6352718795767,0.0,0.0,0.0,0.0,0.0,0.0,0.0,0.0,35.0,4211.428571428572,2.4857142857142858,0.022988505747126436,0.014285714285714285,1.0,-0.867547619047619,0.0,1.7142857142857142,-0.0,0,5064,52
4200.0,4.0,1050.0,200.0,2400.0,2200.0,0.5714285714285714,0.047619047619047616,0.25,817.0067319184096,0.0,0.0,0.0,0.0,0.0,0.0,0.0,0.0,35.0,4211.428571428572,2.4857142857142858,0.022988505747126436,0.014285714285714285,1.0,-0.867547619047619,0.0,1.7142857142857142,-0.0,0,5064,52
4200.0,3.0,1400.0,100.0,2400.0,2300.0,0.5714285714285714,0.023809523809523808,0.3333333333333333,962.6352718795767,0.0,0.0,0.0,0.0,0.0,0.0,0.0,0.0,35.0,4211.428571428572,2.4857142857142858,0.022988505747126436,0.014285714285714285,1.0,-0.867547619047619,0.0,1.7142857142857142,-0.0,0,5064,52
4200.0,4.0,1050.0,200.0,2400.0,2200.0,0.5714285714285714,0.047619047619047616,0.25,817.0067319184096,0.0,0.0,0.0,0.0,0.0,0.0,0.0,0.0,35.0,4211.428571428572,2.4857142857142858,0.022988505747126436,0.014285714285714285,1.0,-0.867547619047619,0.0,1.7142857142857142,-0.0,0,5064,52
4200.0,4.0,1050.0,200.0,2000.0,1800.0,0.47619047619047616,0.047619047619047616,0.25,653.834841531101,0.0,0.0,0.0,0.0,0.0,0.0,0.0,0.0,35.0,4211.428571428572,2.4857142857142858,0.022988505747126436,0.014285714285714285,1.0,-0.867547619047619,0.0,1.4285714285714284,-0.0,0,5064,52
4200.0,4.0,1050.0,200.0,2000.0,1800.0,0.47619047619047616,0.047619047619047616,0.25,653.834841531101,0.0,0.0,0.0,0.0,0.0,0.0,0.0,0.0,35.0,4211.428571428572,2.4857142857142858,0.022988505747126436,0.014285714285714285,1.0,-0.867547619047619,0.0,1.4285714285714284,-0.0,0,5064,52
4200.0,4.0,1050.0,200.0,2000.0,1800.0,0.47619047619047616,0.047619047619047616,0.25,653.834841531101,0.0,0.0,0.0,0.0,0.0,0.0,0.0,0.0,35.0,4211.428571428572,2.4857142857142858,0.022988505747126436,0.014285714285714285,1.0,-0.867547619047619,0.0,1.4285714285714284,-0.0,0,5064,52
4200.0,4.0,1050.0,200.0,2000.0,1800.0,0.47619047619047616,0.047619047619047616,0.25,653.834841531101,0.0,0.0,0.0,0.0,0.0,0.0,0.0,0.0,35.0,4211.428571428572,2.4857142857142858,0.022988505747126436,0.014285714285714285,1.0,-0.867547619047619,0.0,1.4285714285714284,-0.0,0,5064,52
4200.0,5.0,840.0,100.0,2000.0,1900.0,0.47619047619047616,0.023809523809523808,0.2,688.7670143089026,0.0,0.0,0.0,0.0,0.0,0.0,0.0,0.0,35.0,4211.428571428572,2.4857142857142858,0.022988505747126436,0.014285714285714285,1.0,-0.867547619047619,0.0,1.4285714285714284,-0.0,0,5064,52
4200.0,5.0,840.0,100.0,2000.0,1900.0,0.47619047619047616,0.023809523809523808,0.2,688.7670143089026,0.0,0.0,0.0,0.0,0.0,0.0,0.0,0.0,35.0,4211.428571428572,2.4857142857142858,0.022988505747126436,0.014285714285714285,1.0,-0.867547619047619,0.0,1.4285714285714284,-0.0,0,5064,52
4200.0,4.0,1050.0,100.0,1700.0,1600.0,0.40476190476190477,0.023809523809523808,0.25,585.2349955359813,0.0,0.0,0.0,0.0,0.0,0.0,0.0,0.0,35.0,4211.428571428572,2.4857142857142858,0.022988505747126436,0.014285714285714285,1.0,-0.867547619047619,0.0,1.2142857142857144,-0.0,0,5064,52
4200.0,4.0,1050.0,200.0,1700.0,1500.0,0.40476190476190477,0.047619047619047616,0.25,540.8326913195984,0.0,0.0,0.0,0.0,0.0,0.0,0.0,0.0,35.0,4211.428571428572,2.4857142857142858,0.022988505747126436,0.014285714285714285,1.0,-0.867547619047619,0.0,1.2142857142857144,-0.0,0,5064,52
4200.0,4.0,1050.0,200.0,1700.0,1500.0,0.40476190476190477,0.047619047619047616,0.25,540.8326913195984,0.0,0.0,0.0,0.0,0.0,0.0,0.0,0.0,35.0,4211.428571428572,2.4857142857142858,0.022988505747126436,0.014285714285714285,1.0,-0.867547619047619,0.0,1.2142857142857144,-0.0,0,5064,52
4200.0,5.0,840.0,200.0,1200.0,1000.0,0.2857142857142857,0.047619047619047616,0.2,366.6060555964672,0.0,0.0,0.0,0.0,0.0,0.0,0.0,0.0,35.0,4211.428571428572,2.4857142857142858,0.022988505747126436,0.014285714285714285,1.0,-0.867547619047619,0.0,0.8571428571428571,-0.0,0,5064,52
4200.0,6.0,700.0,100.0,1200.0,1100.0,0.2857142857142857,0.023809523809523808,0.16666666666666666,416.33319989322655,0.0,0.0,0.0,0.0,0.0,0.0,0.0,0.0,35.0,4211.428571428572,2.4857142857142858,0.022988505747126436,0.014285714285714285,1.0,-0.867547619047619,0.0,0.8571428571428571,-0.0,0,5064,52
4200.0,6.0,700.0,100.0,1200.0,1100.0,0.2857142857142857,0.023809523809523808,0.16666666666666666,416.33319989322655,0.0,0.0,0.0,0.0,0.0,0.0,0.0,0.0,35.0,4211.428571428572,2.4857142857142858,0.022988505747126436,0.014285714285714285,1.0,-0.867547619047619,0.0,0.8571428571428571,-0.0,0,5064,52
4400.0,2.0,2200.0,1500.0,2900.0,1400.0,0.6590909090909091,0.3409090909090909,0.5,700.0,1.0,0.5,1.0,2.0,30.0,19.0,11.0,24.5,35.0,4211.428571428572,2.4857142857142858,0.022988505747126436,0.014285714285714285,1.0,-0.867547619047619,0.5142857142857142,1.977272727272727,-0.1800983333333333,1,5065,52
4400.0,2.0,2200.0,1500.0,2900.0,1400.0,0.6590909090909091,0.3409090909090909,0.5,700.0,1.0,0.5,1.0,2.0,30.0,14.0,16.0,22.0,35.0,4211.428571428572,2.4857142857142858,0.022988505747126436,0.014285714285714285,1.0,-0.867547619047619,0.5142857142857142,1.977272727272727,-0.16172095238095235,0,5065,52
4400.0,4.0,1100.0,300.0,2900.0,2600.0,0.6590909090909091,0.06818181818181818,0.25,1055.9356040971438,2.0,0.5,3.75,13.0,95.0,7.0,88.0,35.25,35.0,4211.428571428572,2.4857142857142858,0.022988505747126436,0.014285714285714285,1.0,-0.867547619047619,0.5142857142857142,1.977272727272727,-0.2591210714285714,0,5065,52
4400.0,2.0,2200.0,1800.0,2600.0,800.0,0.5909090909090909,0.4090909090909091,0.5,400.0,0.0,0.0,0.0,0.0,61.0,38.0,23.0,49.5,35.0,4211.428571428572,2.4857142857142858,0.022988505747126436,0.014285714285714285,1.0,-0.867547619047619,0.0,1.772727272727273,-0.3638721428571428,0,5065,52
4400.0,3.0,1466.6666666666667,300.0,2600.0,2300.0,0.5909090909090909,0.06818181818181818,0.33333333333333337,939.2668535736914,0.0,0.0,0.0,0.0,95.0,19.0,76.0,50.666666666666664,35.0,4211.428571428572,2.4857142857142858,0.022988505747126436,0.014285714285714285,1.0,-0.867547619047619,0.0,1.772727272727273,-0.3724482539682539,0,5065,52
4400.0,3.0,1466.6666666666667,300.0,2600.0,2300.0,0.5909090909090909,0.06818181818181818,0.33333333333333337,939.2668535736914,0.0,0.0,0.0,0.0,95.0,14.0,81.0,49.0,35.0,4211.428571428572,2.4857142857142858,0.022988505747126436,0.014285714285714285,1.0,-0.867547619047619,0.0,1.772727272727273,-0.3601966666666666,0,5065,52
4400.0,3.0,1466.6666666666667,300.0,2300.0,2000.0,0.5227272727272727,0.06818181818181818,0.33333333333333337,849.8365855987975,0.0,0.0,0.0,0.0,95.0,54.0,41.0,70.0,35.0,4211.428571428572,2.4857142857142858,0.022988505747126436,0.014285714285714285,1.0,-0.867547619047619,0.0,1.5681818181818181,-0.5145666666666666,0,5065,52
4400.0,3.0,1466.6666666666667,300.0,2300.0,2000.0,0.5227272727272727,0.06818181818181818,0.33333333333333337,849.8365855987975,0.0,0.0,0.0,0.0,95.0,61.0,34.0,79.33333333333333,35.0,4211.428571428572,2.4857142857142858,0.022988505747126436,0.014285714285714285,1.0,-0.867547619047619,0.0,1.5681818181818181,-0.5831755555555554,0,5065,52
4400.0,3.0,1466.6666666666667,400.0,2200.0,1800.0,0.5,0.09090909090909091,0.33333333333333337,771.722460186015,2.0,0.6666666666666666,9.0,14.0,61.0,9.0,52.0,35.333333333333336,35.0,4211.428571428572,2.4857142857142858,0.022988505747126436,0.014285714285714285,1.0,-0.867547619047619,0.6857142857142856,1.5,-0.2597336507936508,0,5065,52
4400.0,4.0,1100.0,300.0,2200.0,1900.0,0.5,0.06818181818181818,0.25,790.5694150420949,2.0,0.5,6.75,14.0,95.0,9.0,86.0,39.75,35.0,4211.428571428572,2.4857142857142858,0.022988505747126436,0.014285714285714285,1.0,-0.867547619047619,0.5142857142857142,1.5,-0.29220035714285714,0,5065,52
4400.0,4.0,1100.0,300.0,2200.0,1900.0,0.5,0.06818181818181818,0.25,790.5694150420949,2.0,0.5,6.75,14.0,95.0,9.0,86.0,38.5,35.0,4211.428571428572,2.4857142857142858,0.022988505747126436,0.014285714285714285,1.0,-0.867547619047619,0.5142857142857142,1.5,-0.28301166666666666,0,5065,52
4400.0,4.0,1100.0,300.0,1800.0,1500.0,0.4090909090909091,0.06818181818181818,0.25,587.3670062235366,0.0,0.0,0.0,0.0,95.0,7.0,88.0,45.5,35.0,4211.428571428572,2.4857142857142858,0.022988505747126436,0.014285714285714285,1.0,-0.867547619047619,0.0,1.2272727272727273,-0.3344683333333333,0,5065,52
4400.0,4.0,1100.0,300.0,1800.0,1500.0,0.4090909090909091,0.06818181818181818,0.25,587.3670062235366,0.0,0.0,0.0,0.0,95.0,7.0,88.0,44.25,35.0,4211.428571428572,2.4857142857142858,0.022988505747126436,0.014285714285714285,1.0,-0.867547619047619,0.0,1.2272727272727273,-0.32527964285714284,0,5065,52
4500.0,2.0,2250.0,1800.0,2700.0,900.0,0.6,0.4,0.5,450.0,0.0,0.0,0.0,0.0,0.0,0.0,0.0,0.0,35.0,4211.428571428572,2.4857142857142858,0.022988505747126436,0.014285714285714285,1.0,-0.867547619047619,0.0,1.7999999999999998,-0.0,1,5066,52
4500.0,3.0,1500.0,300.0,2700.0,2400.0,0.6,0.06666666666666667,0.3333333333333333,979.7958971132713,0.0,0.0,0.0,0.0,0.0,0.0,0.0,0.0,35.0,4211.428571428572,2.4857142857142858,0.022988505747126436,0.014285714285714285,1.0,-0.867547619047619,0.0,1.7999999999999998,-0.0,0,5066,52
4500.0,3.0,1500.0,500.0,2300.0,1800.0,0.5111111111111111,0.1111111111111111,0.3333333333333333,748.3314773547883,0.0,0.0,0.0,0.0,0.0,0.0,0.0,0.0,35.0,4211.428571428572,2.4857142857142858,0.022988505747126436,0.014285714285714285,1.0,-0.867547619047619,0.0,1.5333333333333332,-0.0,0,5066,52
4500.0,3.0,1500.0,500.0,2300.0,1800.0,0.5111111111111111,0.1111111111111111,0.3333333333333333,748.3314773547883,0.0,0.0,0.0,0.0,0.0,0.0,0.0,0.0,35.0,4211.428571428572,2.4857142857142858,0.022988505747126436,0.014285714285714285,1.0,-0.867547619047619,0.0,1.5333333333333332,-0.0,0,5066,52
4500.0,4.0,1125.0,500.0,1800.0,1300.0,0.4,0.1111111111111111,0.25,625.9992012774458,0.0,0.0,0.0,0.0,0.0,0.0,0.0,0.0,35.0,4211.428571428572,2.4857142857142858,0.022988505747126436,0.014285714285714285,1.0,-0.867547619047619,0.0,1.2000000000000002,-0.0,0,5066,52
4500.0,5.0,900.0,300.0,1700.0,1400.0,0.37777777777777777,0.06666666666666667,0.2,579.6550698475776,0.0,0.0,0.0,0.0,0.0,0.0,0.0,0.0,35.0,4211.428571428572,2.4857142857142858,0.022988505747126436,0.014285714285714285,1.0,-0.867547619047619,0.0,1.1333333333333333,-0.0,0,5066,52
7100.0,3.0,2366.6666666666665,1700.0,2900.0,1200.0,0.4084507042253521,0.23943661971830985,0.3333333333333333,498.88765156985886,0.0,0.0,0.0,0.0,0.0,0.0,0.0,0.0,35.0,4211.428571428572,2.4857142857142858,0.022988505747126436,0.014285714285714285,1.0,-0.867547619047619,0.0,1.2253521126760565,-0.0,1,5067,52
7100.0,3.0,2366.6666666666665,1700.0,2900.0,1200.0,0.4084507042253521,0.23943661971830985,0.3333333333333333,498.88765156985886,0.0,0.0,0.0,0.0,0.0,0.0,0.0,0.0,35.0,4211.428571428572,2.4857142857142858,0.022988505747126436,0.014285714285714285,1.0,-0.867547619047619,0.0,1.2253521126760565,-0.0,0,5067,52
4800.0,2.0,2400.0,2100.0,2700.0,600.0,0.5625,0.4375,0.5,300.0,0.0,0.0,0.0,0.0,0.0,0.0,0.0,0.0,35.0,4211.428571428572,2.4857142857142858,0.022988505747126436,0.014285714285714285,1.0,-0.867547619047619,0.0,1.6875,-0.0,1,5068,52
4800.0,4.0,1200.0,500.0,2000.0,1500.0,0.4166666666666667,0.10416666666666667,0.25,659.545297913646,0.0,0.0,0.0,0.0,0.0,0.0,0.0,0.0,35.0,4211.428571428572,2.4857142857142858,0.022988505747126436,0.014285714285714285,1.0,-0.867547619047619,0.0,1.25,-0.0,0,5068,52
4200.0,3.0,1400.0,1000.0,1600.0,600.0,0.38095238095238093,0.23809523809523808,0.3333333333333333,282.842712474619,0.0,0.0,0.0,0.0,14.0,0.0,14.0,8.666666666666666,35.0,4211.428571428572,2.4857142857142858,0.022988505747126436,0.014285714285714285,1.0,-0.867547619047619,0.0,1.1428571428571428,-0.06370825396825396,1,5069,52
4200.0,3.0,1400.0,1000.0,1600.0,600.0,0.38095238095238093,0.23809523809523808,0.3333333333333333,282.842712474619,0.0,0.0,0.0,0.0,12.0,0.0,12.0,4.0,35.0,4211.428571428572,2.4857142857142858,0.022988505747126436,0.014285714285714285,1.0,-0.867547619047619,0.0,1.1428571428571428,-0.029403809523809523,0,5069,52
4700.0,3.0,1566.6666666666667,200.0,2800.0,2600.0,0.5957446808510638,0.0425531914893617,0.33333333333333337,1065.6244908763854,0.0,0.0,0.0,0.0,0.0,0.0,0.0,0.0,35.0,4211.428571428572,2.4857142857142858,0.022988505747126436,0.014285714285714285,1.0,-0.867547619047619,0.0,1.7872340425531914,-0.0,1,5070,52
4700.0,4.0,1175.0,200.0,2800.0,2600.0,0.5957446808510638,0.0425531914893617,0.25,1025.6095748383007,0.0,0.0,0.0,0.0,0.0,0.0,0.0,0.0,35.0,4211.428571428572,2.4857142857142858,0.022988505747126436,0.014285714285714285,1.0,-0.867547619047619,0.0,1.7872340425531914,-0.0,0,5070,52
4700.0,3.0,1566.6666666666667,800.0,2800.0,2000.0,0.5957446808510638,0.1702127659574468,0.33333333333333337,880.6563209081937,0.0,0.0,0.0,0.0,0.0,0.0,0.0,0.0,35.0,4211.428571428572,2.4857142857142858,0.022988505747126436,0.014285714285714285,1.0,-0.867547619047619,0.0,1.7872340425531914,-0.0,0,5070,52
4700.0,4.0,1175.0,200.0,2400.0,2200.0,0.5106382978723404,0.0425531914893617,0.25,912.071817347735,0.0,0.0,0.0,0.0,0.0,0.0,0.0,0.0,35.0,4211.428571428572,2.4857142857142858,0.022988505747126436,0.014285714285714285,1.0,-0.867547619047619,0.0,1.5319148936170213,-0.0,0,5070,52
4700.0,4.0,1175.0,200.0,2400.0,2200.0,0.5106382978723404,0.0425531914893617,0.25,807.3877630977571,0.0,0.0,0.0,0.0,0.0,0.0,0.0,0.0,35.0,4211.428571428572,2.4857142857142858,0.022988505747126436,0.014285714285714285,1.0,-0.867547619047619,0.0,1.5319148936170213,-0.0,0,5070,52
4700.0,4.0,1175.0,400.0,2400.0,2000.0,0.5106382978723404,0.0851063829787234,0.25,749.5832175282475,0.0,0.0,0.0,0.0,0.0,0.0,0.0,0.0,35.0,4211.428571428572,2.4857142857142858,0.022988505747126436,0.014285714285714285,1.0,-0.867547619047619,0.0,1.5319148936170213,-0.0,0,5070,52
4700.0,5.0,940.0,200.0,1700.0,1500.0,0.3617021276595745,0.0425531914893617,0.2,560.7138307550474,0.0,0.0,0.0,0.0,0.0,0.0,0.0,0.0,35.0,4211.428571428572,2.4857142857142858,0.022988505747126436,0.014285714285714285,1.0,-0.867547619047619,0.0,1.0851063829787235,-0.0,0,5070,52
2000.0,3.0,666.6666666666666,100.0,1700.0,1600.0,0.85,0.05,0.3333333333333333,731.8166133366717,0.0,0.0,0.0,0.0,37.0,0.0,37.0,12.333333333333334,35.0,5014.285714285715,2.942857142857143,0.6504854368932039,0.024285714285714285,0.8551565627299723,1.0,0.0,2.303766156640953,0.37,0,5071,73
2000.0,3.0,666.6666666666666,200.0,1100.0,900.0,0.55,0.1,0.3333333333333333,368.1787005729087,0.0,0.0,0.0,0.0,53.0,0.0,53.0,18.666666666666668,35.0,5014.285714285715,2.942857142857143,0.6504854368932039,0.024285714285714285,0.8551565627299723,1.0,0.0,1.4906722190029698,0.56,0,5071,73
2000.0,4.0,500.0,100.0,1000.0,900.0,0.5,0.05,0.25,367.4234614174767,1.0,0.25,2.0,8.0,53.0,0.0,53.0,25.0,35.0,5014.285714285715,2.942857142857143,0.6504854368932039,0.024285714285714285,0.8551565627299723,1.0,0.2621428571428571,1.3551565627299724,0.75,1,5071,73
3100.0,2.0,1550.0,1300.0,1800.0,500.0,0.5806451612903226,0.41935483870967744,0.5,250.0,0.0,0.0,0.0,0.0,0.0,0.0,0.0,0.0,35.0,5014.285714285715,2.942857142857143,0.6504854368932039,0.024285714285714285,0.8551565627299723,1.0,0.0,1.5737302018799681,0.0,0,5072,73
3100.0,2.0,1550.0,1300.0,1800.0,500.0,0.5806451612903226,0.41935483870967744,0.5,250.0,0.0,0.0,0.0,0.0,0.0,0.0,0.0,0.0,35.0,5014.285714285715,2.942857142857143,0.6504854368932039,0.024285714285714285,0.8551565627299723,1.0,0.0,1.5737302018799681,0.0,0,5072,73
3100.0,2.0,1550.0,1300.0,1800.0,500.0,0.5806451612903226,0.41935483870967744,0.5,250.0,0.0,0.0,0.0,0.0,0.0,0.0,0.0,0.0,35.0,5014.285714285715,2.942857142857143,0.6504854368932039,0.024285714285714285,0.8551565627299723,1.0,0.0,1.5737302018799681,0.0,0,5072,73
3100.0,2.0,1550.0,1300.0,1800.0,500.0,0.5806451612903226,0.41935483870967744,0.5,250.0,0.0,0.0,0.0,0.0,0.0,0.0,0.0,0.0,35.0,5014.285714285715,2.942857142857143,0.6504854368932039,0.024285714285714285,0.8551565627299723,1.0,0.0,1.5737302018799681,0.0,0,5072,73
3100.0,2.0,1550.0,1300.0,1800.0,500.0,0.5806451612903226,0.41935483870967744,0.5,250.0,0.0,0.0,0.0,0.0,0.0,0.0,0.0,0.0,35.0,5014.285714285715,2.942857142857143,0.6504854368932039,0.024285714285714285,0.8551565627299723,1.0,0.0,1.5737302018799681,0.0,1,5072,73
3100.0,2.0,1550.0,1300.0,1800.0,500.0,0.5806451612903226,0.41935483870967744,0.5,250.0,0.0,0.0,0.0,0.0,0.0,0.0,0.0,0.0,35.0,5014.285714285715,2.942857142857143,0.6504854368932039,0.024285714285714285,0.8551565627299723,1.0,0.0,1.5737302018799681,0.0,0,5072,73
3100.0,3.0,1033.3333333333333,500.0,1300.0,800.0,0.41935483870967744,0.16129032258064516,0.3333333333333333,377.12361663282536,0.0,0.0,0.0,0.0,0.0,0.0,0.0,0.0,35.0,5014.285714285715,2.942857142857143,0.6504854368932039,0.024285714285714285,0.8551565627299723,1.0,0.0,1.136582923579977,0.0,0,5072,73
5600.0,4.0,1400.0,500.0,2700.0,2200.0,0.48214285714285715,0.08928571428571429,0.25,943.3981132056604,0.0,0.0,0.0,0.0,0.0,0.0,0.0,0.0,35.0,5014.285714285715,2.942857142857143,0.6504854368932039,0.024285714285714285,0.8551565627299723,1.0,0.0,1.306758114061045,0.0,0,5073,73
5600.0,4.0,1400.0,500.0,2600.0,2100.0,0.4642857142857143,0.08928571428571429,0.25,924.6621004453465,0.0,0.0,0.0,0.0,0.0,0.0,0.0,0.0,35.0,5014.285714285715,2.942857142857143,0.6504854368932039,0.024285714285714285,0.8551565627299723,1.0,0.0,1.2583596653921172,0.0,0,5073,73
5600.0,4.0,1400.0,500.0,2600.0,2100.0,0.4642857142857143,0.08928571428571429,0.25,886.0022573334675,0.0,0.0,0.0,0.0,0.0,0.0,0.0,0.0,35.0,5014.285714285715,2.942857142857143,0.6504854368932039,0.024285714285714285,0.8551565627299723,1.0,0.0,1.2583596653921172,0.0,0,5073,73
5600.0,4.0,1400.0,500.0,2600.0,2100.0,0.4642857142857143,0.08928571428571429,0.25,886.0022573334675,0.0,0.0,0.0,0.0,0.0,0.0,0.0,0.0,35.0,5014.285714285715,2.942857142857143,0.6504854368932039,0.024285714285714285,0.8551565627299723,1.0,0.0,1.2583596653921172,0.0,0,5073,73
5600.0,3.0,1866.6666666666667,1400.0,2600.0,1200.0,0.4642857142857143,0.25,0.33333333333333337,524.9338582674541,0.0,0.0,0.0,0.0,0.0,0.0,0.0,0.0,35.0,5014.285714285715,2.942857142857143,0.6504854368932039,0.024285714285714285,0.8551565627299723,1.0,0.0,1.2583596653921172,0.0,0,5073,73
5600.0,3.0,1866.6666666666667,1400.0,2600.0,1200.0,0.4642857142857143,0.25,0.33333333333333337,524.9338582674541,0.0,0.0,0.0,0.0,0.0,0.0,0.0,0.0,35.0,5014.285714285715,2.942857142857143,0.6504854368932039,0.024285714285714285,0.8551565627299723,1.0,0.0,1.2583596653921172,0.0,0,5073,73
5600.0,3.0,1866.6666666666667,1400.0,2600.0,1200.0,0.4642857142857143,0.25,0.33333333333333337,524.9338582674541,0.0,0.0,0.0,0.0,0.0,0.0,0.0,0.0,35.0,5014.285714285715,2.942857142857143,0.6504854368932039,0.024285714285714285,0.8551565627299723,1.0,0.0,1.2583596653921172,0.0,1,5073,73
5600.0,5.0,1120.0,500.0,2600.0,2100.0,0.4642857142857143,0.08928571428571429,0.2,813.3879763065102,0.0,0.0,0.0,0.0,0.0,0.0,0.0,0.0,35.0,5014.285714285715,2.942857142857143,0.6504854368932039,0.024285714285714285,0.8551565627299723,1.0,0.0,1.2583596653921172,0.0,0,5073,73
5600.0,4.0,1400.0,500.0,2000.0,1500.0,0.35714285714285715,0.08928571428571429,0.25,604.1522986797286,0.0,0.0,0.0,0.0,0.0,0.0,0.0,0.0,35.0,5014.285714285715,2.942857142857143,0.6504854368932039,0.024285714285714285,0.8551565627299723,1.0,0.0,0.9679689733785517,0.0,0,5073,73
5600.0,4.0,1400.0,500.0,2000.0,1500.0,0.35714285714285715,0.08928571428571429,0.25,604.1522986797286,0.0,0.0,0.0,0.0,0.0,0.0,0.0,0.0,35.0,5014.285714285715,2.942857142857143,0.6504854368932039,0.024285714285714285,0.8551565627299723,1.0,0.0,0.9679689733785517,0.0,0,5073,73
5600.0,4.0,1400.0,600.0,2000.0,1400.0,0.35714285714285715,0.10714285714285714,0.25,509.9019513592785,0.0,0.0,0.0,0.0,0.0,0.0,0.0,0.0,35.0,5014.285714285715,2.942857142857143,0.6504854368932039,0.024285714285714285,0.8551565627299723,1.0,0.0,0.9679689733785517,0.0,0,5073,73
5600.0,4.0,1400.0,600.0,2000.0,1400.0,0.35714285714285715,0.10714285714285714,0.25,509.9019513592785,0.0,0.0,0.0,0.0,0.0,0.0,0.0,0.0,35.0,5014.285714285715,2.942857142857143,0.6504854368932039,0.024285714285714285,0.8551565627299723,1.0,0.0,0.9679689733785517,0.0,0,5073,73
5600.0,4.0,1400.0,600.0,2000.0,1400.0,0.35714285714285715,0.10714285714285714,0.25,509.9019513592785,0.0,0.0,0.0,0.0,0.0,0.0,0.0,0.0,35.0,5014.285714285715,2.942857142857143,0.6504854368932039,0.024285714285714285,0.8551565627299723,1.0,0.0,0.9679689733785517,0.0,0,5073,73
5600.0,5.0,1120.0,500.0,2000.0,1500.0,0.35714285714285715,0.08928571428571429,0.2,570.6137047074842,0.0,0.0,0.0,0.0,0.0,0.0,0.0,0.0,35.0,5014.285714285715,2.942857142857143,0.6504854368932039,0.024285714285714285,0.8551565627299723,1.0,0.0,0.9679689733785517,0.0,0,5073,73
5600.0,4.0,1400.0,500.0,1900.0,1400.0,0.3392857142857143,0.08928571428571429,0.25,533.8539126015655,0.0,0.0,0.0,0.0,0.0,0.0,0.0,0.0,35.0,5014.285714285715,2.942857142857143,0.6504854368932039,0.024285714285714285,0.8551565627299723,1.0,0.0,0.9195705247096242,0.0,0,5073,73
5600.0,4.0,1400.0,500.0,1900.0,1400.0,0.3392857142857143,0.08928571428571429,0.25,533.8539126015655,0.0,0.0,0.0,0.0,0.0,0.0,0.0,0.0,35.0,5014.285714285715,2.942857142857143,0.6504854368932039,0.024285714285714285,0.8551565627299723,1.0,0.0,0.9195705247096242,0.0,0,5073,73
5600.0,4.0,1400.0,500.0,1900.0,1400.0,0.3392857142857143,0.08928571428571429,0.25,533.8539126015655,0.0,0.0,0.0,0.0,0.0,0.0,0.0,0.0,35.0,5014.285714285715,2.942857142857143,0.6504854368932039,0.024285714285714285,0.8551565627299723,1.0,0.0,0.9195705247096242,0.0,0,5073,73
5600.0,4.0,1400.0,500.0,1900.0,1400.0,0.3392857142857143,0.08928571428571429,0.25,533.8539126015655,0.0,0.0,0.0,0.0,0.0,0.0,0.0,0.0,35.0,5014.285714285715,2.942857142857143,0.6504854368932039,0.024285714285714285,0.8551565627299723,1.0,0.0,0.9195705247096242,0.0,0,5073,73
5600.0,4.0,1400.0,500.0,1900.0,1400.0,0.3392857142857143,0.08928571428571429,0.25,533.8539126015655,0.0,0.0,0.0,0.0,0.0,0.0,0.0,0.0,35.0,5014.285714285715,2.942857142857143,0.6504854368932039,0.024285714285714285,0.8551565627299723,1.0,0.0,0.9195705247096242,0.0,0,5073,73
5600.0,4.0,1400.0,500.0,1900.0,1400.0,0.3392857142857143,0.08928571428571429,0.25,533.8539126015655,0.0,0.0,0.0,0.0,0.0,0.0,0.0,0.0,35.0,5014.285714285715,2.942857142857143,0.6504854368932039,0.024285714285714285,0.8551565627299723,1.0,0.0,0.9195705247096242,0.0,0,5073,73
5600.0,5.0,1120.0,500.0,1900.0,1400.0,0.3392857142857143,0.08928571428571429,0.2,519.2301994298867,0.0,0.0,0.0,0.0,0.0,0.0,0.0,0.0,35.0,5014.285714285715,2.942857142857143,0.6504854368932039,0.024285714285714285,0.8551565627299723,1.0,0.0,0.9195705247096242,0.0,0,5073,73
5600.0,5.0,1120.0,500.0,1900.0,1400.0,0.3392857142857143,0.08928571428571429,0.2,519.2301994298867,0.0,0.0,0.0,0.0,0.0,0.0,0.0,0.0,35.0,5014.285714285715,2.942857142857143,0.6504854368932039,0.024285714285714285,0.8551565627299723,1.0,0.0,0.9195705247096242,0.0,0,5073,73
5600.0,5.0,1120.0,500.0,1600.0,1100.0,0.2857142857142857,0.08928571428571429,0.2,511.46847410177685,0.0,0.0,0.0,0.0,0.0,0.0,0.0,0.0,35.0,5014.285714285715,2.942857142857143,0.6504854368932039,0.024285714285714285,0.8551565627299723,1.0,0.0,0.7743751787028413,0.0,0,5073,73
5600.0,5.0,1120.0,500.0,1600.0,1100.0,0.2857142857142857,0.08928571428571429,0.2,511.46847410177685,0.0,0.0,0.0,0.0,0.0,0.0,0.0,0.0,35.0,5014.285714285715,2.942857142857143,0.6504854368932039,0.024285714285714285,0.8551565627299723,1.0,0.0,0.7743751787028413,0.0,0,5073,73
5600.0,5.0,1120.0,500.0,1600.0,1100.0,0.2857142857142857,0.08928571428571429,0.2,511.46847410177685,0.0,0.0,0.0,0.0,0.0,0.0,0.0,0.0,35.0,5014.285714285715,2.942857142857143,0.6504854368932039,0.024285714285714285,0.8551565627299723,1.0,0.0,0.7743751787028413,0.0,0,5073,73
4700.0,4.0,1175.0,200.0,1700.0,1500.0,0.3617021276595745,0.0425531914893617,0.25,576.0859310901457,0.0,0.0,0.0,0.0,0.0,0.0,0.0,0.0,35.0,5014.285714285715,2.942857142857143,0.6504854368932039,0.024285714285714285,0.8551565627299723,1.0,0.0,0.9803260241025333,0.0,0,5074,73
4700.0,4.0,1175.0,500.0,1700.0,1200.0,0.3617021276595745,0.10638297872340426,0.25,443.7059837324712,0.0,0.0,0.0,0.0,0.0,0.0,0.0,0.0,35.0,5014.285714285715,2.942857142857143,0.6504854368932039,0.024285714285714285,0.8551565627299723,1.0,0.0,0.9803260241025333,0.0,1,5074,73
4700.0,4.0,1175.0,500.0,1700.0,1200.0,0.3617021276595745,0.10638297872340426,0.25,443.7059837324712,0.0,0.0,0.0,0.0,0.0,0.0,0.0,0.0,35.0,5014.285714285715,2.942857142857143,0.6504854368932039,0.024285714285714285,0.8551565627299723,1.0,0.0,0.9803260241025333,0.0,0,5074,73
5800.0,3.0,1933.3333333333333,1300.0,2300.0,1000.0,0.39655172413793105,0.22413793103448276,0.3333333333333333,449.6912521077347,0.0,0.0,0.0,0.0,0.0,0.0,0.0,0.0,35.0,5014.285714285715,2.942857142857143,0.6504854368932039,0.024285714285714285,0.8551565627299723,1.0,0.0,1.0747793428548058,0.0,0,5075,73
5800.0,3.0,1933.3333333333333,1500.0,2300.0,800.0,0.39655172413793105,0.25862068965517243,0.3333333333333333,329.9831645537222,0.0,0.0,0.0,0.0,0.0,0.0,0.0,0.0,35.0,5014.285714285715,2.942857142857143,0.6504854368932039,0.024285714285714285,0.8551565627299723,1.0,0.0,1.0747793428548058,0.0,1,5075,73
5800.0,4.0,1450.0,800.0,2200.0,1400.0,0.3793103448275862,0.13793103448275862,0.25,653.834841531101,0.0,0.0,0.0,0.0,0.0,0.0,0.0,0.0,35.0,5014.285714285715,2.942857142857143,0.6504854368932039,0.024285714285714285,0.8551565627299723,1.0,0.0,1.0280498062089445,0.0,0,5075,73
5800.0,4.0,1450.0,800.0,2200.0,1400.0,0.3793103448275862,0.13793103448275862,0.25,502.4937810560445,0.0,0.0,0.0,0.0,0.0,0.0,0.0,0.0,35.0,5014.285714285715,2.942857142857143,0.6504854368932039,0.024285714285714285,0.8551565627299723,1.0,0.0,1.0280498062089445,0.0,0,5075,73
5800.0,4.0,1450.0,800.0,2200.0,1400.0,0.3793103448275862,0.13793103448275862,0.25,502.4937810560445,0.0,0.0,0.0,0.0,0.0,0.0,0.0,0.0,35.0,5014.285714285715,2.942857142857143,0.6504854368932039,0.024285714285714285,0.8551565627299723,1.0,0.0,1.0280498062089445,0.0,0,5075,73
4000.0,2.0,2000.0,1000.0,3000.0,2000.0,0.75,0.25,0.5,1000.0,0.0,0.0,0.0,0.0,0.0,0.0,0.0,0.0,35.0,5014.285714285715,2.942857142857143,0.6504854368932039,0.024285714285714285,0.8551565627299723,1.0,0.0,2.032734844094959,0.0,1,5076,73
4000.0,3.0,1333.3333333333333,400.0,2300.0,1900.0,0.575,0.1,0.3333333333333333,776.0297817881877,0.0,0.0,0.0,0.0,0.0,0.0,0.0,0.0,35.0,5014.285714285715,2.942857142857143,0.6504854368932039,0.024285714285714285,0.8551565627299723,1.0,0.0,1.558430047139468,0.0,0,5076,73
4000.0,3.0,1333.3333333333333,700.0,2300.0,1600.0,0.575,0.175,0.3333333333333333,694.4222218666553,0.0,0.0,0.0,0.0,0.0,0.0,0.0,0.0,35.0,5014.285714285715,2.942857142857143,0.6504854368932039,0.024285714285714285,0.8551565627299723,1.0,0.0,1.558430047139468,0.0,0,5076,73
1100.0,1.0,1100.0,1100.0,1100.0,0.0,1.0,1.0,1.0,0.0,0.0,0.0,0.0,0.0,0.0,0.0,0.0,0.0,35.0,5014.285714285715,2.942857142857143,0.6504854368932039,0.024285714285714285,0.8551565627299723,1.0,0.0,2.710313125459945,0.0,1,5077,73
1100.0,3.0,366.6666666666667,100.0,800.0,700.0,0.7272727272727273,0.09090909090909091,0.33333333333333337,309.12061651652346,0.0,0.0,0.0,0.0,0.0,0.0,0.0,0.0,35.0,5014.285714285715,2.942857142857143,0.6504854368932039,0.024285714285714285,0.8551565627299723,1.0,0.0,1.9711368185163236,0.0,0,5077,73
1100.0,3.0,366.6666666666667,100.0,800.0,700.0,0.7272727272727273,0.09090909090909091,0.33333333333333337,309.12061651652346,0.0,0.0,0.0,0.0,0.0,0.0,0.0,0.0,35.0,5014.285714285715,2.942857142857143,0.6504854368932039,0.024285714285714285,0.8551565627299723,1.0,0.0,1.9711368185163236,0.0,0,5077,73
3900.0,2.0,1950.0,1800.0,2100.0,300.0,0.5384615384615384,0.46153846153846156,0.5,150.0,0.0,0.0,0.0,0.0,0.0,0.0,0.0,0.0,35.0,5014.285714285715,2.942857142857143,0.6504854368932039,0.024285714285714285,0.8551565627299723,1.0,0.0,1.4593993752476626,0.0,0,5078,73
3900.0,2.0,1950.0,1800.0,2100.0,300.0,0.5384615384615384,0.46153846153846156,0.5,150.0,0.0,0.0,0.0,0.0,0.0,0.0,0.0,0.0,35.0,5014.285714285715,2.942857142857143,0.6504854368932039,0.024285714285714285,0.8551565627299723,1.0,0.0,1.4593993752476626,0.0,1,5078,73
5200.0,4.0,1300.0,100.0,2800.0,2700.0,0.5384615384615384,0.019230769230769232,0.25,1041.633332799983,0.0,0.0,0.0,0.0,0.0,0.0,0.0,0.0,35.0,5014.285714285715,2.942857142857143,0.6504854368932039,0.024285714285714285,0.8551565627299723,1.0,0.0,1.4593993752476626,0.0,0,5079,73
5200.0,3.0,1733.3333333333333,900.0,2800.0,1900.0,0.5384615384615384,0.17307692307692307,0.3333333333333333,793.025150224688,0.0,0.0,0.0,0.0,0.0,0.0,0.0,0.0,35.0,5014.285714285715,2.942857142857143,0.6504854368932039,0.024285714285714285,0.8551565627299723,1.0,0.0,1.4593993752476626,0.0,1,5079,73
5200.0,4.0,1300.0,400.0,2800.0,2400.0,0.5384615384615384,0.07692307692307693,0.25,902.7735042633894,0.0,0.0,0.0,0.0,0.0,0.0,0.0,0.0,35.0,5014.285714285715,2.942857142857143,0.6504854368932039,0.024285714285714285,0.8551565627299723,1.0,0.0,1.4593993752476626,0.0,0,5079,73
5200.0,4.0,1300.0,100.0,2600.0,2500.0,0.5,0.019230769230769232,0.25,1070.046727951635,0.0,0.0,0.0,0.0,0.0,0.0,0.0,0.0,35.0,5014.285714285715,2.942857142857143,0.6504854368932039,0.024285714285714285,0.8551565627299723,1.0,0.0,1.3551565627299724,0.0,0,5079,73
5200.0,3.0,1733.3333333333333,900.0,2600.0,1700.0,0.5,0.17307692307692307,0.3333333333333333,694.4222218666553,0.0,0.0,0.0,0.0,0.0,0.0,0.0,0.0,35.0,5014.285714285715,2.942857142857143,0.6504854368932039,0.024285714285714285,0.8551565627299723,1.0,0.0,1.3551565627299724,0.0,0,5079,73
5200.0,3.0,1733.3333333333333,1100.0,2600.0,1500.0,0.5,0.21153846153846154,0.3333333333333333,634.2099196813482,0.0,0.0,0.0,0.0,0.0,0.0,0.0,0.0,35.0,5014.285714285715,2.942857142857143,0.6504854368932039,0.024285714285714285,0.8551565627299723,1.0,0.0,1.3551565627299724,0.0,0,5079,73
5200.0,5.0,1040.0,100.0,2600.0,2500.0,0.5,0.019230769230769232,0.2,909.0654541890809,0.0,0.0,0.0,0.0,0.0,0.0,0.0,0.0,35.0,5014.285714285715,2.942857142857143,0.6504854368932039,0.024285714285714285,0.8551565627299723,1.0,0.0,1.3551565627299724,0.0,0,5079,73
5200.0,4.0,1300.0,600.0,2600.0,2000.0,0.5,0.11538461538461539,0.25,771.3624310270757,0.0,0.0,0.0,0.0,0.0,0.0,0.0,0.0,35.0,5014.285714285715,2.942857142857143,0.6504854368932039,0.024285714285714285,0.8551565627299723,1.0,0.0,1.3551565627299724,0.0,0,5079,73
5200.0,5.0,1040.0,100.0,2100.0,2000.0,0.40384615384615385,0.019230769230769232,0.2,757.8918128598567,0.0,0.0,0.0,0.0,0.0,0.0,0.0,0.0,35.0,5014.285714285715,2.942857142857143,0.6504854368932039,0.024285714285714285,0.8551565627299723,1.0,0.0,1.094549531435747,0.0,0,5079,73
5200.0,5.0,1040.0,100.0,2100.0,2000.0,0.40384615384615385,0.019230769230769232,0.2,725.5342858886821,0.0,0.0,0.0,0.0,0.0,0.0,0.0,0.0,35.0,5014.285714285715,2.942857142857143,0.6504854368932039,0.024285714285714285,0.8551565627299723,1.0,0.0,1.094549531435747,0.0,0,5079,73
5200.0,5.0,1040.0,100.0,2100.0,2000.0,0.40384615384615385,0.019230769230769232,0.2,697.4238309665078,0.0,0.0,0.0,0.0,0.0,0.0,0.0,0.0,35.0,5014.285714285715,2.942857142857143,0.6504854368932039,0.024285714285714285,0.8551565627299723,1.0,0.0,1.094549531435747,0.0,0,5079,73
5200.0,6.0,866.6666666666666,100.0,2100.0,2000.0,0.40384615384615385,0.019230769230769232,0.16666666666666666,639.4442031083627,0.0,0.0,0.0,0.0,0.0,0.0,0.0,0.0,35.0,5014.285714285715,2.942857142857143,0.6504854368932039,0.024285714285714285,0.8551565627299723,1.0,0.0,1.094549531435747,0.0,0,5079,73
5200.0,4.0,1300.0,900.0,1700.0,800.0,0.3269230769230769,0.17307692307692307,0.25,316.22776601683796,0.0,0.0,0.0,0.0,0.0,0.0,0.0,0.0,35.0,5014.285714285715,2.942857142857143,0.6504854368932039,0.024285714285714285,0.8551565627299723,1.0,0.0,0.8860639064003666,0.0,0,5079,73
5200.0,6.0,866.6666666666666,100.0,1700.0,1600.0,0.3269230769230769,0.019230769230769232,0.16666666666666666,573.4883511361751,0.0,0.0,0.0,0.0,0.0,0.0,0.0,0.0,35.0,5014.285714285715,2.942857142857143,0.6504854368932039,0.024285714285714285,0.8551565627299723,1.0,0.0,0.8860639064003666,0.0,0,5079,73
5300.0,3.0,1766.6666666666667,800.0,2300.0,1500.0,0.4339622641509434,0.1509433962264151,0.33333333333333337,684.7546194724713,0.0,0.0,0.0,0.0,0.0,0.0,0.0,0.0,35.0,5014.285714285715,2.942857142857143,0.6504854368932039,0.024285714285714285,0.8551565627299723,1.0,0.0,1.1761736204826176,0.0,0,5080,73
5300.0,3.0,1766.6666666666667,800.0,2300.0,1500.0,0.4339622641509434,0.1509433962264151,0.33333333333333337,684.7546194724713,0.0,0.0,0.0,0.0,1.0,0.0,1.0,0.3333333333333333,35.0,5014.285714285715,2.942857142857143,0.6504854368932039,0.024285714285714285,0.8551565627299723,1.0,0.0,1.1761736204826176,0.009999999999999998,0,5080,73
5300.0,4.0,1325.0,400.0,2300.0,1900.0,0.4339622641509434,0.07547169811320754,0.25,704.8936089935842,0.0,0.0,0.0,0.0,0.0,0.0,0.0,0.0,35.0,5014.285714285715,2.942857142857143,0.6504854368932039,0.024285714285714285,0.8551565627299723,1.0,0.0,1.1761736204826176,0.0,0,5080,73
5300.0,5.0,1060.0,100.0,2300.0,2200.0,0.4339622641509434,0.018867924528301886,0.2,801.4985963805551,0.0,0.0,0.0,0.0,20.0,0.0,20.0,4.0,35.0,5014.285714285715,2.942857142857143,0.6504854368932039,0.024285714285714285,0.8551565627299723,1.0,0.0,1.1761736204826176,0.12,0,5080,73
5300.0,4.0,1325.0,900.0,2300.0,1400.0,0.4339622641509434,0.16981132075471697,0.25,567.3402858955109,0.0,0.0,0.0,0.0,20.0,0.0,20.0,5.0,35.0,5014.285714285715,2.942857142857143,0.6504854368932039,0.024285714285714285,0.8551565627299723,1.0,0.0,1.1761736204826176,0.15000000000000002,0,5080,73
5300.0,5.0,1060.0,100.0,2300.0,2200.0,0.4339622641509434,0.018867924528301886,0.2,711.6178749862878,0.0,0.0,0.0,0.0,0.0,0.0,0.0,0.0,35.0,5014.285714285715,2.942857142857143,0.6504854368932039,0.024285714285714285,0.8551565627299723,1.0,0.0,1.1761736204826176,0.0,0,5080,73
5300.0,3.0,1766.6666666666667,800.0,2300.0,1500.0,0.4339622641509434,0.1509433962264151,0.33333333333333337,684.7546194724713,0.0,0.0,0.0,0.0,0.0,0.0,0.0,0.0,35.0,5014.285714285715,2.942857142857143,0.6504854368932039,0.024285714285714285,0.8551565627299723,1.0,0.0,1.1761736204826176,0.0,0,5080,73
5300.0,3.0,1766.6666666666667,800.0,2300.0,1500.0,0.4339622641509434,0.1509433962264151,0.33333333333333337,684.7546194724713,0.0,0.0,0.0,0.0,1.0,0.0,1.0,0.3333333333333333,35.0,5014.285714285715,2.942857142857143,0.6504854368932039,0.024285714285714285,0.8551565627299723,1.0,0.0,1.1761736204826176,0.009999999999999998,0,5080,73
5300.0,4.0,1325.0,400.0,2300.0,1900.0,0.4339622641509434,0.07547169811320754,0.25,704.8936089935842,0.0,0.0,0.0,0.0,0.0,0.0,0.0,0.0,35.0,5014.285714285715,2.942857142857143,0.6504854368932039,0.024285714285714285,0.8551565627299723,1.0,0.0,1.1761736204826176,0.0,0,5080,73
5300.0,5.0,1060.0,100.0,2300.0,2200.0,0.4339622641509434,0.018867924528301886,0.2,801.4985963805551,0.0,0.0,0.0,0.0,20.0,0.0,20.0,4.0,35.0,5014.285714285715,2.942857142857143,0.6504854368932039,0.024285714285714285,0.8551565627299723,1.0,0.0,1.1761736204826176,0.12,0,5080,73
5300.0,4.0,1325.0,900.0,2300.0,1400.0,0.4339622641509434,0.16981132075471697,0.25,567.3402858955109,0.0,0.0,0.0,0.0,20.0,0.0,20.0,5.0,35.0,5014.285714285715,2.942857142857143,0.6504854368932039,0.024285714285714285,0.8551565627299723,1.0,0.0,1.1761736204826176,0.15000000000000002,0,5080,73
5300.0,5.0,1060.0,100.0,2300.0,2200.0,0.4339622641509434,0.018867924528301886,0.2,711.6178749862878,0.0,0.0,0.0,0.0,0.0,0.0,0.0,0.0,35.0,5014.285714285715,2.942857142857143,0.6504854368932039,0.024285714285714285,0.8551565627299723,1.0,0.0,1.1761736204826176,0.0,0,5080,73
5300.0,3.0,1766.6666666666667,900.0,2200.0,1300.0,0.41509433962264153,0.16981132075471697,0.33333333333333337,612.8258770283412,0.0,0.0,0.0,0.0,20.0,0.0,20.0,7.0,35.0,5014.285714285715,2.942857142857143,0.6504854368932039,0.024285714285714285,0.8551565627299723,1.0,0.0,1.1250356369833734,0.21000000000000002,1,5080,73
5300.0,4.0,1325.0,100.0,2200.0,2100.0,0.41509433962264153,0.018867924528301886,0.25,909.3266739736606,0.0,0.0,0.0,0.0,1.0,0.0,1.0,0.25,35.0,5014.285714285715,2.942857142857143,0.6504854368932039,0.024285714285714285,0.8551565627299723,1.0,0.0,1.1250356369833734,0.0075,0,5080,73
5300.0,4.0,1325.0,400.0,2200.0,1800.0,0.41509433962264153,0.07547169811320754,0.25,660.9652033201143,0.0,0.0,0.0,0.0,0.0,0.0,0.0,0.0,35.0,5014.285714285715,2.942857142857143,0.6504854368932039,0.024285714285714285,0.8551565627299723,1.0,0.0,1.1250356369833734,0.0,0,5080,73
5300.0,5.0,1060.0,100.0,2200.0,2100.0,0.41509433962264153,0.018867924528301886,0.2,768.3749084919418,0.0,0.0,0.0,0.0,0.0,0.0,0.0,0.0,35.0,5014.285714285715,2.942857142857143,0.6504854368932039,0.024285714285714285,0.8551565627299723,1.0,0.0,1.1250356369833734,0.0,0,5080,73
5300.0,5.0,1060.0,100.0,2200.0,2100.0,0.41509433962264153,0.018867924528301886,0.2,671.1184694225007,0.0,0.0,0.0,0.0,20.0,0.0,20.0,4.0,35.0,5014.285714285715,2.942857142857143,0.6504854368932039,0.024285714285714285,0.8551565627299723,1.0,0.0,1.1250356369833734,0.12,0,5080,73
5300.0,5.0,1060.0,400.0,2200.0,1800.0,0.41509433962264153,0.07547169811320754,0.2,605.3098380168623,0.0,0.0,0.0,0.0,20.0,0.0,20.0,4.0,35.0,5014.285714285715,2.942857142857143,0.6504854368932039,0.024285714285714285,0.8551565627299723,1.0,0.0,1.1250356369833734,0.12,0,5080,73
5300.0,4.0,1325.0,400.0,2200.0,1800.0,0.41509433962264153,0.07547169811320754,0.25,660.9652033201143,0.0,0.0,0.0,0.0,1.0,0.0,1.0,0.25,35.0,5014.285714285715,2.942857142857143,0.6504854368932039,0.024285714285714285,0.8551565627299723,1.0,0.0,1.1250356369833734,0.0075,0,5080,73
5300.0,5.0,1060.0,100.0,2200.0,2100.0,0.41509433962264153,0.018867924528301886,0.2,768.3749084919418,0.0,0.0,0.0,0.0,1.0,0.0,1.0,0.2,35.0,5014.285714285715,2.942857142857143,0.6504854368932039,0.024285714285714285,0.8551565627299723,1.0,0.0,1.1250356369833734,0.006,0,5080,73
5300.0,5.0,1060.0,100.0,2200.0,2100.0,0.41509433962264153,0.018867924528301886,0.2,671.1184694225007,0.0,0.0,0.0,0.0,20.0,0.0,20.0,4.2,35.0,5014.285714285715,2.942857142857143,0.6504854368932039,0.024285714285714285,0.8551565627299723,1.0,0.0,1.1250356369833734,0.126,0,5080,73
5300.0,5.0,1060.0,400.0,2200.0,1800.0,0.41509433962264153,0.07547169811320754,0.2,605.3098380168623,0.0,0.0,0.0,0.0,20.0,0.0,20.0,4.2,35.0,5014.285714285715,2.942857142857143,0.6504854368932039,0.024285714285714285,0.8551565627299723,1.0,0.0,1.1250356369833734,0.126,0,5080,73
10000.0,4.0,2500.0,1400.0,3000.0,1600.0,0.3,0.14,0.25,655.7438524302,0.0,0.0,0.0,0.0,0.0,0.0,0.0,0.0,35.0,5014.285714285715,2.942857142857143,0.6504854368932039,0.024285714285714285,0.8551565627299723,1.0,0.0,0.8130939376379834,0.0,1,5081,73
10000.0,4.0,2500.0,1700.0,3000.0,1300.0,0.3,0.17,0.25,543.1390245600107,0.0,0.0,0.0,0.0,0.0,0.0,0.0,0.0,35.0,5014.285714285715,2.942857142857143,0.6504854368932039,0.024285714285714285,0.8551565627299723,1.0,0.0,0.8130939376379834,0.0,0,5081,73
10000.0,5.0,2000.0,200.0,3000.0,2800.0,0.3,0.02,0.2,993.9818911831342,0.0,0.0,0.0,0.0,0.0,0.0,0.0,0.0,35.0,5014.285714285715,2.942857142857143,0.6504854368932039,0.024285714285714285,0.8551565627299723,1.0,0.0,0.8130939376379834,0.0,0,5081,73
10000.0,5.0,2000.0,500.0,3000.0,2500.0,0.3,0.05,0.2,918.6947262284681,0.0,0.0,0.0,0.0,0.0,0.0,0.0,0.0,35.0,5014.285714285715,2.942857142857143,0.6504854368932039,0.024285714285714285,0.8551565627299723,1.0,0.0,0.8130939376379834,0.0,0,5081,73
10000.0,6.0,1666.6666666666667,200.0,3000.0,2800.0,0.3,0.02,0.16666666666666669,1051.4540197058336,0.0,0.0,0.0,0.0,0.0,0.0,0.0,0.0,35.0,5014.285714285715,2.942857142857143,0.6504854368932039,0.024285714285714285,0.8551565627299723,1.0,0.0,0.8130939376379834,0.0,0,5081,73
10000.0,5.0,2000.0,500.0,3000.0,2500.0,0.3,0.05,0.2,857.9044235810886,0.0,0.0,0.0,0.0,0.0,0.0,0.0,0.0,35.0,5014.285714285715,2.942857142857143,0.6504854368932039,0.024285714285714285,0.8551565627299723,1.0,0.0,0.8130939376379834,0.0,0,5081,73
10000.0,5.0,2000.0,200.0,3000.0,2800.0,0.3,0.02,0.2,993.9818911831342,0.0,0.0,0.0,0.0,0.0,0.0,0.0,0.0,35.0,5014.285714285715,2.942857142857143,0.6504854368932039,0.024285714285714285,0.8551565627299723,1.0,0.0,0.8130939376379834,0.0,0,5081,73
10000.0,5.0,2000.0,500.0,3000.0,2500.0,0.3,0.05,0.2,918.6947262284681,0.0,0.0,0.0,0.0,0.0,0.0,0.0,0.0,35.0,5014.285714285715,2.942857142857143,0.6504854368932039,0.024285714285714285,0.8551565627299723,1.0,0.0,0.8130939376379834,0.0,0,5081,73
10000.0,6.0,1666.6666666666667,200.0,3000.0,2800.0,0.3,0.02,0.16666666666666669,1051.4540197058336,0.0,0.0,0.0,0.0,0.0,0.0,0.0,0.0,35.0,5014.285714285715,2.942857142857143,0.6504854368932039,0.024285714285714285,0.8551565627299723,1.0,0.0,0.8130939376379834,0.0,0,5081,73
10000.0,5.0,2000.0,500.0,3000.0,2500.0,0.3,0.05,0.2,857.9044235810886,0.0,0.0,0.0,0.0,0.0,0.0,0.0,0.0,35.0,5014.285714285715,2.942857142857143,0.6504854368932039,0.024285714285714285,0.8551565627299723,1.0,0.0,0.8130939376379834,0.0,0,5081,73
6200.0,4.0,1550.0,300.0,2600.0,2300.0,0.41935483870967744,0.04838709677419355,0.25,975.9610647971567,0.0,0.0,0.0,0.0,0.0,0.0,0.0,0.0,35.0,5014.285714285715,2.942857142857143,0.6504854368932039,0.024285714285714285,0.8551565627299723,1.0,0.0,1.136582923579977,0.0,0,5082,73
6200.0,5.0,1240.0,300.0,2600.0,2300.0,0.41935483870967744,0.04838709677419355,0.2,1032.6664514740469,0.0,0.0,0.0,0.0,0.0,0.0,0.0,0.0,35.0,5014.285714285715,2.942857142857143,0.6504854368932039,0.024285714285714285,0.8551565627299723,1.0,0.0,1.136582923579977,0.0,0,5082,73
6200.0,4.0,1550.0,400.0,2600.0,2200.0,0.41935483870967744,0.06451612903225806,0.25,923.3092656309694,0.0,0.0,0.0,0.0,0.0,0.0,0.0,0.0,35.0,5014.285714285715,2.942857142857143,0.6504854368932039,0.024285714285714285,0.8551565627299723,1.0,0.0,1.136582923579977,0.0,0,5082,73
6200.0,4.0,1550.0,300.0,2600.0,2300.0,0.41935483870967744,0.04838709677419355,0.25,826.1355820929153,0.0,0.0,0.0,0.0,0.0,0.0,0.0,0.0,35.0,5014.285714285715,2.942857142857143,0.6504854368932039,0.024285714285714285,0.8551565627299723,1.0,0.0,1.136582923579977,0.0,0,5082,73
6200.0,5.0,1240.0,400.0,2600.0,2200.0,0.41935483870967744,0.06451612903225806,0.2,840.4760555780277,0.0,0.0,0.0,0.0,0.0,0.0,0.0,0.0,35.0,5014.285714285715,2.942857142857143,0.6504854368932039,0.024285714285714285,0.8551565627299723,1.0,0.0,1.136582923579977,0.0,0,5082,73
6200.0,6.0,1033.3333333333333,300.0,2600.0,2300.0,0.41935483870967744,0.04838709677419355,0.16666666666666666,807.6027626390478,0.0,0.0,0.0,0.0,0.0,0.0,0.0,0.0,35.0,5014.285714285715,2.942857142857143,0.6504854368932039,0.024285714285714285,0.8551565627299723,1.0,0.0,1.136582923579977,0.0,0,5082,73
6200.0,3.0,2066.6666666666665,1500.0,2400.0,900.0,0.3870967741935484,0.24193548387096775,0.3333333333333333,402.7681991198191,0.0,0.0,0.0,0.0,0.0,0.0,0.0,0.0,35.0,5014.285714285715,2.942857142857143,0.6504854368932039,0.024285714285714285,0.8551565627299723,1.0,0.0,1.0491534679199785,0.0,1,5082,73
6200.0,4.0,1550.0,500.0,2400.0,1900.0,0.3870967741935484,0.08064516129032258,0.25,687.386354243376,0.0,0.0,0.0,0.0,0.0,0.0,0.0,0.0,35.0,5014.285714285715,2.942857142857143,0.6504854368932039,0.024285714285714285,0.8551565627299723,1.0,0.0,1.0491534679199785,0.0,0,5082,73
6200.0,6.0,1033.3333333333333,300.0,2300.0,2000.0,0.3709677419354839,0.04838709677419355,0.16666666666666666,756.4537145273479,0.0,0.0,0.0,0.0,0.0,0.0,0.0,0.0,35.0,5014.285714285715,2.942857142857143,0.6504854368932039,0.024285714285714285,0.8551565627299723,1.0,0.0,1.0054387400899796,0.0,0,5082,73
3800.0,3.0,1266.6666666666667,200.0,3000.0,2800.0,0.7894736842105263,0.05263157894736842,0.33333333333333337,1236.4824660660938,0.0,0.0,0.0,0.0,0.0,0.0,0.0,0.0,35.0,5014.285714285715,2.942857142857143,0.6504854368932039,0.024285714285714285,0.8551565627299723,1.0,0.0,2.1397208885210093,0.0,0,5083,73
3800.0,3.0,1266.6666666666667,300.0,3000.0,2700.0,0.7894736842105263,0.07894736842105263,0.33333333333333337,1228.3683848458852,0.0,0.0,0.0,0.0,0.0,0.0,0.0,0.0,35.0,5014.285714285715,2.942857142857143,0.6504854368932039,0.024285714285714285,0.8551565627299723,1.0,0.0,2.1397208885210093,0.0,0,5083,73
3800.0,3.0,1266.6666666666667,300.0,3000.0,2700.0,0.7894736842105263,0.07894736842105263,0.33333333333333337,1228.3683848458852,0.0,0.0,0.0,0.0,0.0,0.0,0.0,0.0,35.0,5014.285714285715,2.942857142857143,0.6504854368932039,0.024285714285714285,0.8551565627299723,1.0,0.0,2.1397208885210093,0.0,0,5083,73
3800.0,4.0,950.0,200.0,3000.0,2800.0,0.7894736842105263,0.05263157894736842,0.25,1184.2719282327012,0.0,0.0,0.0,0.0,0.0,0.0,0.0,0.0,35.0,5014.285714285715,2.942857142857143,0.6504854368932039,0.024285714285714285,0.8551565627299723,1.0,0.0,2.1397208885210093,0.0,0,5083,73
3800.0,3.0,1266.6666666666667,400.0,2800.0,2400.0,0.7368421052631579,0.10526315789473684,0.33333333333333337,1087.3004286866726,0.0,0.0,0.0,0.0,0.0,0.0,0.0,0.0,35.0,5014.285714285715,2.942857142857143,0.6504854368932039,0.024285714285714285,0.8551565627299723,1.0,0.0,1.997072829286275,0.0,0,5083,73
3800.0,4.0,950.0,200.0,2800.0,2600.0,0.7368421052631579,0.05263157894736842,0.25,1073.5455276791945,0.0,0.0,0.0,0.0,0.0,0.0,0.0,0.0,35.0,5014.285714285715,2.942857142857143,0.6504854368932039,0.024285714285714285,0.8551565627299723,1.0,0.0,1.997072829286275,0.0,0,5083,73
3800.0,4.0,950.0,200.0,2800.0,2600.0,0.7368421052631579,0.05263157894736842,0.25,1073.5455276791945,0.0,0.0,0.0,0.0,0.0,0.0,0.0,0.0,35.0,5014.285714285715,2.942857142857143,0.6504854368932039,0.024285714285714285,0.8551565627299723,1.0,0.0,1.997072829286275,0.0,0,5083,73
3800.0,4.0,950.0,300.0,2800.0,2500.0,0.7368421052631579,0.07894736842105263,0.25,1068.8779163215975,0.0,0.0,0.0,0.0,0.0,0.0,0.0,0.0,35.0,5014.285714285715,2.942857142857143,0.6504854368932039,0.024285714285714285,0.8551565627299723,1.0,0.0,1.997072829286275,0.0,0,5083,73
3800.0,2.0,1900.0,1300.0,2500.0,1200.0,0.6578947368421053,0.34210526315789475,0.5,600.0,0.0,0.0,0.0,0.0,0.0,0.0,0.0,0.0,35.0,5014.285714285715,2.942857142857143,0.6504854368932039,0.024285714285714285,0.8551565627299723,1.0,0.0,1.7831007404341743,0.0,1,5083,73
3800.0,4.0,950.0,200.0,2500.0,2300.0,0.6578947368421053,0.05263157894736842,0.25,906.9178573608527,0.0,0.0,0.0,0.0,0.0,0.0,0.0,0.0,35.0,5014.285714285715,2.942857142857143,0.6504854368932039,0.024285714285714285,0.8551565627299723,1.0,0.0,1.7831007404341743,0.0,0,5083,73
3800.0,4.0,950.0,300.0,2500.0,2200.0,0.6578947368421053,0.07894736842105263,0.25,901.3878188659974,0.0,0.0,0.0,0.0,0.0,0.0,0.0,0.0,35.0,5014.285714285715,2.942857142857143,0.6504854368932039,0.024285714285714285,0.8551565627299723,1.0,0.0,1.7831007404341743,0.0,0,5083,73
3800.0,4.0,950.0,300.0,2500.0,2200.0,0.6578947368421053,0.07894736842105263,0.25,901.3878188659974,0.0,0.0,0.0,0.0,0.0,0.0,0.0,0.0,35.0,5014.285714285715,2.942857142857143,0.6504854368932039,0.024285714285714285,0.8551565627299723,1.0,0.0,1.7831007404341743,0.0,0,5083,73
3800.0,5.0,760.0,200.0,2500.0,2300.0,0.6578947368421053,0.05263157894736842,0.2,875.4427451295716,0.0,0.0,0.0,0.0,0.0,0.0,0.0,0.0,35.0,5014.285714285715,2.942857142857143,0.6504854368932039,0.024285714285714285,0.8551565627299723,1.0,0.0,1.7831007404341743,0.0,0,5083,73
3800.0,5.0,760.0,200.0,1300.0,1100.0,0.34210526315789475,0.05263157894736842,0.2,422.37424163885754,0.0,0.0,0.0,0.0,0.0,0.0,0.0,0.0,35.0,5014.285714285715,2.942857142857143,0.6504854368932039,0.024285714285714285,0.8551565627299723,1.0,0.0,0.9272123850257706,0.0,0,5083,73
3800.0,5.0,760.0,300.0,1300.0,1000.0,0.34210526315789475,0.07894736842105263,0.2,412.79534881100585,0.0,0.0,0.0,0.0,0.0,0.0,0.0,0.0,35.0,5014.285714285715,2.942857142857143,0.6504854368932039,0.024285714285714285,0.8551565627299723,1.0,0.0,0.9272123850257706,0.0,0,5083,73
3800.0,5.0,760.0,300.0,1300.0,1000.0,0.34210526315789475,0.07894736842105263,0.2,412.79534881100585,0.0,0.0,0.0,0.0,0.0,0.0,0.0,0.0,35.0,5014.285714285715,2.942857142857143,0.6504854368932039,0.024285714285714285,0.8551565627299723,1.0,0.0,0.9272123850257706,0.0,0,5083,73
3800.0,6.0,633.3333333333334,200.0,1300.0,1100.0,0.34210526315789475,0.05263157894736842,0.16666666666666669,445.96960534198837,0.0,0.0,0.0,0.0,0.0,0.0,0.0,0.0,35.0,5014.285714285715,2.942857142857143,0.6504854368932039,0.024285714285714285,0.8551565627299723,1.0,0.0,0.9272123850257706,0.0,0,5083,73
1700.0,2.0,850.0,200.0,1500.0,1300.0,0.8823529411764706,0.11764705882352941,0.5,650.0,0.0,0.0,0.0,0.0,0.0,0.0,0.0,0.0,35.0,5014.285714285715,2.942857142857143,0.6504854368932039,0.024285714285714285,0.8551565627299723,1.0,0.0,2.391452757758775,0.0,1,5084,73
1700.0,3.0,566.6666666666666,400.0,800.0,400.0,0.47058823529411764,0.23529411764705882,0.3333333333333333,169.96731711975949,0.0,0.0,0.0,0.0,0.0,0.0,0.0,0.0,35.0,5014.285714285715,2.942857142857143,0.6504854368932039,0.024285714285714285,0.8551565627299723,1.0,0.0,1.27544147080468,0.0,0,5084,73
1700.0,3.0,566.6666666666666,400.0,800.0,400.0,0.47058823529411764,0.23529411764705882,0.3333333333333333,169.96731711975949,0.0,0.0,0.0,0.0,0.0,0.0,0.0,0.0,35.0,5014.285714285715,2.942857142857143,0.6504854368932039,0.024285714285714285,0.8551565627299723,1.0,0.0,1.27544147080468,0.0,0,5084,73
1700.0,3.0,566.6666666666666,400.0,800.0,400.0,0.47058823529411764,0.23529411764705882,0.3333333333333333,169.96731711975949,0.0,0.0,0.0,0.0,0.0,0.0,0.0,0.0,35.0,5014.285714285715,2.942857142857143,0.6504854368932039,0.024285714285714285,0.8551565627299723,1.0,0.0,1.27544147080468,0.0,0,5084,73
5600.0,3.0,1866.6666666666667,200.0,2800.0,2600.0,0.5,0.03571428571428571,0.33333333333333337,1181.33634311129,0.0,0.0,0.0,0.0,0.0,0.0,0.0,0.0,35.0,5014.285714285715,2.942857142857143,0.6504854368932039,0.024285714285714285,0.8551565627299723,1.0,0.0,1.3551565627299724,0.0,1,5085,73
5600.0,4.0,1400.0,200.0,2800.0,2600.0,0.5,0.03571428571428571,0.25,1083.97416943394,0.0,0.0,0.0,0.0,0.0,0.0,0.0,0.0,35.0,5014.285714285715,2.942857142857143,0.6504854368932039,0.024285714285714285,0.8551565627299723,1.0,0.0,1.3551565627299724,0.0,0,5085,73
5600.0,4.0,1400.0,200.0,2800.0,2600.0,0.5,0.03571428571428571,0.25,989.9494936611666,0.0,0.0,0.0,0.0,0.0,0.0,0.0,0.0,35.0,5014.285714285715,2.942857142857143,0.6504854368932039,0.024285714285714285,0.8551565627299723,1.0,0.0,1.3551565627299724,0.0,0,5085,73
5600.0,4.0,1400.0,200.0,2800.0,2600.0,0.5,0.03571428571428571,0.25,989.9494936611666,0.0,0.0,0.0,0.0,0.0,0.0,0.0,0.0,35.0,5014.285714285715,2.942857142857143,0.6504854368932039,0.024285714285714285,0.8551565627299723,1.0,0.0,1.3551565627299724,0.0,0,5085,73
5600.0,4.0,1400.0,200.0,2800.0,2600.0,0.5,0.03571428571428571,0.25,927.3618495495704,0.0,0.0,0.0,0.0,0.0,0.0,0.0,0.0,35.0,5014.285714285715,2.942857142857143,0.6504854368932039,0.024285714285714285,0.8551565627299723,1.0,0.0,1.3551565627299724,0.0,0,5085,73
5600.0,4.0,1400.0,800.0,2800.0,2000.0,0.5,0.14285714285714285,0.25,824.6211251235321,0.0,0.0,0.0,0.0,0.0,0.0,0.0,0.0,35.0,5014.285714285715,2.942857142857143,0.6504854368932039,0.024285714285714285,0.8551565627299723,1.0,0.0,1.3551565627299724,0.0,0,5085,73
5600.0,3.0,1866.6666666666667,800.0,2600.0,1800.0,0.4642857142857143,0.14285714285714285,0.33333333333333337,771.722460186015,0.0,0.0,0.0,0.0,0.0,0.0,0.0,0.0,35.0,5014.285714285715,2.942857142857143,0.6504854368932039,0.024285714285714285,0.8551565627299723,1.0,0.0,1.2583596653921172,0.0,0,5085,73
5600.0,3.0,1866.6666666666667,800.0,2600.0,1800.0,0.4642857142857143,0.14285714285714285,0.33333333333333337,771.722460186015,0.0,0.0,0.0,0.0,0.0,0.0,0.0,0.0,35.0,5014.285714285715,2.942857142857143,0.6504854368932039,0.024285714285714285,0.8551565627299723,1.0,0.0,1.2583596653921172,0.0,0,5085,73
5600.0,3.0,1866.6666666666667,1200.0,2600.0,1400.0,0.4642857142857143,0.21428571428571427,0.33333333333333337,573.4883511361752,0.0,0.0,0.0,0.0,0.0,0.0,0.0,0.0,35.0,5014.285714285715,2.942857142857143,0.6504854368932039,0.024285714285714285,0.8551565627299723,1.0,0.0,1.2583596653921172,0.0,0,5085,73
5600.0,4.0,1400.0,800.0,2600.0,1800.0,0.4642857142857143,0.14285714285714285,0.25,734.8469228349534,0.0,0.0,0.0,0.0,0.0,0.0,0.0,0.0,35.0,5014.285714285715,2.942857142857143,0.6504854368932039,0.024285714285714285,0.8551565627299723,1.0,0.0,1.2583596653921172,0.0,0,5085,73
5600.0,5.0,1120.0,200.0,2600.0,2400.0,0.4642857142857143,0.03571428571428571,0.2,805.9776671843954,0.0,0.0,0.0,0.0,0.0,0.0,0.0,0.0,35.0,5014.285714285715,2.942857142857143,0.6504854368932039,0.024285714285714285,0.8551565627299723,1.0,0.0,1.2583596653921172,0.0,0,5085,73
5600.0,4.0,1400.0,500.0,2200.0,1700.0,0.39285714285714285,0.08928571428571429,0.25,758.287544405155,0.0,0.0,0.0,0.0,0.0,0.0,0.0,0.0,35.0,5014.285714285715,2.942857142857143,0.6504854368932039,0.024285714285714285,0.8551565627299723,1.0,0.0,1.064765870716407,0.0,0,5085,73
5600.0,4.0,1400.0,500.0,2200.0,1700.0,0.39285714285714285,0.08928571428571429,0.25,758.287544405155,0.0,0.0,0.0,0.0,0.0,0.0,0.0,0.0,35.0,5014.285714285715,2.942857142857143,0.6504854368932039,0.024285714285714285,0.8551565627299723,1.0,0.0,1.064765870716407,0.0,0,5085,73
5600.0,5.0,1120.0,200.0,2200.0,2000.0,0.39285714285714285,0.03571428571428571,0.2,788.416133777081,0.0,0.0,0.0,0.0,0.0,0.0,0.0,0.0,35.0,5014.285714285715,2.942857142857143,0.6504854368932039,0.024285714285714285,0.8551565627299723,1.0,0.0,1.064765870716407,0.0,0,5085,73
5600.0,5.0,1120.0,200.0,2200.0,2000.0,0.39285714285714285,0.03571428571428571,0.2,788.416133777081,0.0,0.0,0.0,0.0,0.0,0.0,0.0,0.0,35.0,5014.285714285715,2.942857142857143,0.6504854368932039,0.024285714285714285,0.8551565627299723,1.0,0.0,1.064765870716407,0.0,0,5085,73
5600.0,4.0,1400.0,200.0,2200.0,2000.0,0.39285714285714285,0.03571428571428571,0.25,748.3314773547883,0.0,0.0,0.0,0.0,0.0,0.0,0.0,0.0,35.0,5014.285714285715,2.942857142857143,0.6504854368932039,0.024285714285714285,0.8551565627299723,1.0,0.0,1.064765870716407,0.0,0,5085,73
5600.0,4.0,1400.0,800.0,2200.0,1400.0,0.39285714285714285,0.14285714285714285,0.25,616.4414002968977,0.0,0.0,0.0,0.0,0.0,0.0,0.0,0.0,35.0,5014.285714285715,2.942857142857143,0.6504854368932039,0.024285714285714285,0.8551565627299723,1.0,0.0,1.064765870716407,0.0,0,5085,73
5600.0,4.0,1400.0,800.0,2200.0,1400.0,0.39285714285714285,0.14285714285714285,0.25,509.9019513592785,0.0,0.0,0.0,0.0,0.0,0.0,0.0,0.0,35.0,5014.285714285715,2.942857142857143,0.6504854368932039,0.024285714285714285,0.8551565627299723,1.0,0.0,1.064765870716407,0.0,0,5085,73
5600.0,4.0,1400.0,800.0,2200.0,1400.0,0.39285714285714285,0.14285714285714285,0.25,509.9019513592785,0.0,0.0,0.0,0.0,0.0,0.0,0.0,0.0,35.0,5014.285714285715,2.942857142857143,0.6504854368932039,0.024285714285714285,0.8551565627299723,1.0,0.0,1.064765870716407,0.0,0,5085,73
5600.0,4.0,1400.0,200.0,2100.0,1900.0,0.375,0.03571428571428571,0.25,738.24115301167,0.0,0.0,0.0,0.0,0.0,0.0,0.0,0.0,35.0,5014.285714285715,2.942857142857143,0.6504854368932039,0.024285714285714285,0.8551565627299723,1.0,0.0,1.0163674220474794,0.0,0,5085,73
5600.0,4.0,1400.0,800.0,2100.0,1300.0,0.375,0.14285714285714285,0.25,604.1522986797286,0.0,0.0,0.0,0.0,0.0,0.0,0.0,0.0,35.0,5014.285714285715,2.942857142857143,0.6504854368932039,0.024285714285714285,0.8551565627299723,1.0,0.0,1.0163674220474794,0.0,0,5085,73
5600.0,4.0,1400.0,500.0,2100.0,1600.0,0.375,0.08928571428571429,0.25,612.3724356957945,0.0,0.0,0.0,0.0,0.0,0.0,0.0,0.0,35.0,5014.285714285715,2.942857142857143,0.6504854368932039,0.024285714285714285,0.8551565627299723,1.0,0.0,1.0163674220474794,0.0,0,5085,73
5600.0,5.0,1120.0,500.0,2100.0,1600.0,0.375,0.08928571428571429,0.2,570.6137047074842,0.0,0.0,0.0,0.0,0.0,0.0,0.0,0.0,35.0,5014.285714285715,2.942857142857143,0.6504854368932039,0.024285714285714285,0.8551565627299723,1.0,0.0,1.0163674220474794,0.0,0,5085,73
5600.0,6.0,933.3333333333334,200.0,2100.0,1900.0,0.375,0.03571428571428571,0.16666666666666669,604.6119049072352,0.0,0.0,0.0,0.0,0.0,0.0,0.0,0.0,35.0,5014.285714285715,2.942857142857143,0.6504854368932039,0.024285714285714285,0.8551565627299723,1.0,0.0,1.0163674220474794,0.0,0,5085,73
5600.0,4.0,1400.0,500.0,1900.0,1400.0,0.3392857142857143,0.08928571428571429,0.25,552.268050859363,0.0,0.0,0.0,0.0,0.0,0.0,0.0,0.0,35.0,5014.285714285715,2.942857142857143,0.6504854368932039,0.024285714285714285,0.8551565627299723,1.0,0.0,0.9195705247096242,0.0,0,5085,73
5600.0,5.0,1120.0,200.0,1900.0,1700.0,0.3392857142857143,0.03571428571428571,0.2,679.4115100585211,0.0,0.0,0.0,0.0,0.0,0.0,0.0,0.0,35.0,5014.285714285715,2.942857142857143,0.6504854368932039,0.024285714285714285,0.8551565627299723,1.0,0.0,0.9195705247096242,0.0,0,5085,73
5600.0,6.0,933.3333333333334,200.0,1900.0,1700.0,0.3392857142857143,0.03571428571428571,0.16666666666666669,564.7024782032471,0.0,0.0,0.0,0.0,0.0,0.0,0.0,0.0,35.0,5014.285714285715,2.942857142857143,0.6504854368932039,0.024285714285714285,0.8551565627299723,1.0,0.0,0.9195705247096242,0.0,0,5085,73
2800.0,2.0,1400.0,1000.0,1800.0,800.0,0.6428571428571429,0.35714285714285715,0.5,400.0,0.0,0.0,0.0,0.0,74.0,17.0,57.0,45.5,35.0,5014.285714285715,2.942857142857143,0.6504854368932039,0.024285714285714285,0.8551565627299723,1.0,0.0,1.7423441520813931,1.365,0,5086,73
2800.0,2.0,1400.0,1000.0,1800.0,800.0,0.6428571428571429,0.35714285714285715,0.5,400.0,0.0,0.0,0.0,0.0,74.0,32.0,42.0,53.0,35.0,5014.285714285715,2.942857142857143,0.6504854368932039,0.024285714285714285,0.8551565627299723,1.0,0.0,1.7423441520813931,1.59,1,5086,73
8600.0,3.0,2866.6666666666665,2800.0,3000.0,200.0,0.3488372093023256,0.32558139534883723,0.3333333333333333,94.28090415820634,0.0,0.0,0.0,0.0,0.0,0.0,0.0,0.0,35.0,5014.285714285715,2.942857142857143,0.6504854368932039,0.024285714285714285,0.8551565627299723,1.0,0.0,0.9454580670209111,0.0,0,5087,73
8600.0,4.0,2150.0,200.0,3000.0,2800.0,0.3488372093023256,0.023255813953488372,0.25,1134.6805717910217,0.0,0.0,0.0,0.0,0.0,0.0,0.0,0.0,35.0,5014.285714285715,2.942857142857143,0.6504854368932039,0.024285714285714285,0.8551565627299723,1.0,0.0,0.9454580670209111,0.0,0,5087,73
8600.0,4.0,2150.0,1000.0,3000.0,2000.0,0.3488372093023256,0.11627906976744186,0.25,804.6738469715541,0.0,0.0,0.0,0.0,0.0,0.0,0.0,0.0,35.0,5014.285714285715,2.942857142857143,0.6504854368932039,0.024285714285714285,0.8551565627299723,1.0,0.0,0.9454580670209111,0.0,0,5087,73
8600.0,5.0,1720.0,200.0,3000.0,2800.0,0.3488372093023256,0.023255813953488372,0.2,1062.8264204469137,0.0,0.0,0.0,0.0,0.0,0.0,0.0,0.0,35.0,5014.285714285715,2.942857142857143,0.6504854368932039,0.024285714285714285,0.8551565627299723,1.0,0.0,0.9454580670209111,0.0,0,5087,73
8600.0,4.0,2150.0,200.0,3000.0,2800.0,0.3488372093023256,0.023255813953488372,0.25,1134.6805717910217,0.0,0.0,0.0,0.0,0.0,0.0,0.0,0.0,35.0,5014.285714285715,2.942857142857143,0.6504854368932039,0.024285714285714285,0.8551565627299723,1.0,0.0,0.9454580670209111,0.0,0,5087,73
8600.0,4.0,2150.0,1000.0,3000.0,2000.0,0.3488372093023256,0.11627906976744186,0.25,804.6738469715541,0.0,0.0,0.0,0.0,0.0,0.0,0.0,0.0,35.0,5014.285714285715,2.942857142857143,0.6504854368932039,0.024285714285714285,0.8551565627299723,1.0,0.0,0.9454580670209111,0.0,0,5087,73
8600.0,5.0,1720.0,200.0,3000.0,2800.0,0.3488372093023256,0.023255813953488372,0.2,1062.8264204469137,0.0,0.0,0.0,0.0,0.0,0.0,0.0,0.0,35.0,5014.285714285715,2.942857142857143,0.6504854368932039,0.024285714285714285,0.8551565627299723,1.0,0.0,0.9454580670209111,0.0,0,5087,73
8600.0,5.0,1720.0,200.0,3000.0,2800.0,0.3488372093023256,0.023255813953488372,0.2,1024.4998779892558,0.0,0.0,0.0,0.0,0.0,0.0,0.0,0.0,35.0,5014.285714285715,2.942857142857143,0.6504854368932039,0.024285714285714285,0.8551565627299723,1.0,0.0,0.9454580670209111,0.0,0,5087,73
8600.0,4.0,2150.0,1600.0,3000.0,1400.0,0.3488372093023256,0.18604651162790697,0.25,536.1902647381804,0.0,0.0,0.0,0.0,0.0,0.0,0.0,0.0,35.0,5014.285714285715,2.942857142857143,0.6504854368932039,0.024285714285714285,0.8551565627299723,1.0,0.0,0.9454580670209111,0.0,0,5087,73
8600.0,5.0,1720.0,200.0,2800.0,2600.0,0.32558139534883723,0.023255813953488372,0.2,1016.6612021711068,0.0,0.0,0.0,0.0,0.0,0.0,0.0,0.0,35.0,5014.285714285715,2.942857142857143,0.6504854368932039,0.024285714285714285,0.8551565627299723,1.0,0.0,0.882427529219517,0.0,0,5087,73
8600.0,4.0,2150.0,1000.0,2800.0,1800.0,0.32558139534883723,0.11627906976744186,0.25,698.2120021884471,0.0,0.0,0.0,0.0,0.0,0.0,0.0,0.0,35.0,5014.285714285715,2.942857142857143,0.6504854368932039,0.024285714285714285,0.8551565627299723,1.0,0.0,0.882427529219517,0.0,1,5087,73
8600.0,5.0,1720.0,200.0,2800.0,2600.0,0.32558139534883723,0.023255813953488372,0.2,863.4813257969162,0.0,0.0,0.0,0.0,0.0,0.0,0.0,0.0,35.0,5014.285714285715,2.942857142857143,0.6504854368932039,0.024285714285714285,0.8551565627299723,1.0,0.0,0.882427529219517,0.0,0,5087,73
8600.0,4.0,2150.0,1000.0,2800.0,1800.0,0.32558139534883723,0.11627906976744186,0.25,698.2120021884471,0.0,0.0,0.0,0.0,0.0,0.0,0.0,0.0,35.0,5014.285714285715,2.942857142857143,0.6504854368932039,0.024285714285714285,0.8551565627299723,1.0,0.0,0.882427529219517,0.0,0,5087,73
8600.0,5.0,1720.0,200.0,2800.0,2600.0,0.32558139534883723,0.023255813953488372,0.2,863.4813257969162,0.0,0.0,0.0,0.0,0.0,0.0,0.0,0.0,35.0,5014.285714285715,2.942857142857143,0.6504854368932039,0.024285714285714285,0.8551565627299723,1.0,0.0,0.882427529219517,0.0,0,5087,73
4300.0,2.0,2150.0,1300.0,3000.0,1700.0,0.6976744186046512,0.3023255813953488,0.5,850.0,0.0,0.0,0.0,0.0,0.0,0.0,0.0,0.0,35.0,5014.285714285715,2.942857142857143,0.6504854368932039,0.024285714285714285,0.8551565627299723,1.0,0.0,1.8909161340418221,0.0,1,5088,73
4300.0,3.0,1433.3333333333333,400.0,3000.0,2600.0,0.6976744186046512,0.09302325581395349,0.3333333333333333,1126.44968324772,0.0,0.0,0.0,0.0,0.0,0.0,0.0,0.0,35.0,5014.285714285715,2.942857142857143,0.6504854368932039,0.024285714285714285,0.8551565627299723,1.0,0.0,1.8909161340418221,0.0,0,5088,73
4300.0,2.0,2150.0,1300.0,3000.0,1700.0,0.6976744186046512,0.3023255813953488,0.5,850.0,0.0,0.0,0.0,0.0,0.0,0.0,0.0,0.0,35.0,5014.285714285715,2.942857142857143,0.6504854368932039,0.024285714285714285,0.8551565627299723,1.0,0.0,1.8909161340418221,0.0,0,5088,73
4300.0,3.0,1433.3333333333333,400.0,3000.0,2600.0,0.6976744186046512,0.09302325581395349,0.3333333333333333,1126.44968324772,0.0,0.0,0.0,0.0,0.0,0.0,0.0,0.0,35.0,5014.285714285715,2.942857142857143,0.6504854368932039,0.024285714285714285,0.8551565627299723,1.0,0.0,1.8909161340418221,0.0,0,5088,73
4300.0,3.0,1433.3333333333333,900.0,2100.0,1200.0,0.4883720930232558,0.20930232558139536,0.3333333333333333,498.88765156985886,0.0,0.0,0.0,0.0,0.0,0.0,0.0,0.0,35.0,5014.285714285715,2.942857142857143,0.6504854368932039,0.024285714285714285,0.8551565627299723,1.0,0.0,1.3236412938292754,0.0,0,5088,73
5400.0,3.0,1800.0,1100.0,2400.0,1300.0,0.4444444444444444,0.2037037037037037,0.3333333333333333,535.4126134736337,0.0,0.0,0.0,0.0,87.0,10.0,77.0,53.333333333333336,35.0,5014.285714285715,2.942857142857143,0.6504854368932039,0.024285714285714285,0.8551565627299723,1.0,0.0,1.204583611315531,1.6,0,5089,73
5400.0,4.0,1350.0,500.0,2400.0,1900.0,0.4444444444444444,0.09259259259259259,0.25,820.0609733428363,0.0,0.0,0.0,0.0,87.0,0.0,87.0,37.5,35.0,5014.285714285715,2.942857142857143,0.6504854368932039,0.024285714285714285,0.8551565627299723,1.0,0.0,1.204583611315531,1.125,0,5089,73
5400.0,4.0,1350.0,500.0,2400.0,1900.0,0.4444444444444444,0.09259259259259259,0.25,722.841614740048,0.0,0.0,0.0,0.0,78.0,0.0,78.0,48.0,35.0,5014.285714285715,2.942857142857143,0.6504854368932039,0.024285714285714285,0.8551565627299723,1.0,0.0,1.204583611315531,1.44,0,5089,73
5400.0,4.0,1350.0,500.0,2400.0,1900.0,0.4444444444444444,0.09259259259259259,0.25,722.841614740048,0.0,0.0,0.0,0.0,78.0,0.0,78.0,36.25,35.0,5014.285714285715,2.942857142857143,0.6504854368932039,0.024285714285714285,0.8551565627299723,1.0,0.0,1.204583611315531,1.0875,0,5089,73
5400.0,4.0,1350.0,500.0,2400.0,1900.0,0.4444444444444444,0.09259259259259259,0.25,701.78344238091,0.0,0.0,0.0,0.0,63.0,0.0,63.0,16.25,35.0,5014.285714285715,2.942857142857143,0.6504854368932039,0.024285714285714285,0.8551565627299723,1.0,0.0,1.204583611315531,0.48750000000000004,0,5089,73
5400.0,4.0,1350.0,600.0,2400.0,1800.0,0.4444444444444444,0.1111111111111111,0.25,687.386354243376,0.0,0.0,0.0,0.0,78.0,0.0,78.0,35.75,35.0,5014.285714285715,2.942857142857143,0.6504854368932039,0.024285714285714285,0.8551565627299723,1.0,0.0,1.204583611315531,1.0725,0,5089,73
5400.0,4.0,1350.0,900.0,2400.0,1500.0,0.4444444444444444,0.16666666666666666,0.25,610.3277807866851,0.0,0.0,0.0,0.0,78.0,0.0,78.0,37.75,35.0,5014.285714285715,2.942857142857143,0.6504854368932039,0.024285714285714285,0.8551565627299723,1.0,0.0,1.204583611315531,1.1325,0,5089,73
5400.0,5.0,1080.0,500.0,2400.0,1900.0,0.4444444444444444,0.09259259259259259,0.2,685.2736679604726,0.0,0.0,0.0,0.0,78.0,0.0,78.0,28.2,35.0,5014.285714285715,2.942857142857143,0.6504854368932039,0.024285714285714285,0.8551565627299723,1.0,0.0,1.204583611315531,0.8459999999999999,0,5089,73
5400.0,4.0,1350.0,600.0,1900.0,1300.0,0.35185185185185186,0.1111111111111111,0.25,531.5072906367325,0.0,0.0,0.0,0.0,87.0,0.0,87.0,38.0,35.0,5014.285714285715,2.942857142857143,0.6504854368932039,0.024285714285714285,0.8551565627299723,1.0,0.0,0.9536286922914621,1.1400000000000001,0,5089,73
5400.0,4.0,1350.0,900.0,1900.0,1000.0,0.35185185185185186,0.16666666666666666,0.25,415.33119314590374,0.0,0.0,0.0,0.0,87.0,0.0,87.0,54.0,35.0,5014.285714285715,2.942857142857143,0.6504854368932039,0.024285714285714285,0.8551565627299723,1.0,0.0,0.9536286922914621,1.62,1,5089,73
5400.0,4.0,1350.0,900.0,1900.0,1000.0,0.35185185185185186,0.16666666666666666,0.25,415.33119314590374,0.0,0.0,0.0,0.0,87.0,0.0,87.0,42.25,35.0,5014.285714285715,2.942857142857143,0.6504854368932039,0.024285714285714285,0.8551565627299723,1.0,0.0,0.9536286922914621,1.2675,0,5089,73
5400.0,4.0,1350.0,900.0,1900.0,1000.0,0.35185185185185186,0.16666666666666666,0.25,384.0572873934304,0.0,0.0,0.0,0.0,87.0,2.0,85.0,44.25,35.0,5014.285714285715,2.942857142857143,0.6504854368932039,0.024285714285714285,0.8551565627299723,1.0,0.0,0.9536286922914621,1.3275000000000001,0,5089,73
5400.0,5.0,1080.0,500.0,1900.0,1400.0,0.35185185185185186,0.09259259259259259,0.2,538.1449618829485,0.0,0.0,0.0,0.0,87.0,0.0,87.0,33.4,35.0,5014.285714285715,2.942857142857143,0.6504854368932039,0.024285714285714285,0.8551565627299723,1.0,0.0,0.9536286922914621,1.0019999999999998,0,5089,73
5400.0,5.0,1080.0,500.0,1900.0,1400.0,0.35185185185185186,0.09259259259259259,0.2,457.8209256903839,0.0,0.0,0.0,0.0,87.0,0.0,87.0,35.0,35.0,5014.285714285715,2.942857142857143,0.6504854368932039,0.024285714285714285,0.8551565627299723,1.0,0.0,0.9536286922914621,1.0499999999999998,0,5089,73
5400.0,4.0,1350.0,500.0,1800.0,1300.0,0.3333333333333333,0.09259259259259259,0.25,502.4937810560445,0.0,0.0,0.0,0.0,55.0,0.0,55.0,27.0,35.0,5014.285714285715,2.942857142857143,0.6504854368932039,0.024285714285714285,0.8551565627299723,1.0,0.0,0.9034377084866483,0.81,0,5089,73
5400.0,4.0,1350.0,900.0,1800.0,900.0,0.3333333333333333,0.16666666666666666,0.25,364.0054944640259,0.0,0.0,0.0,0.0,78.0,10.0,68.0,48.5,35.0,5014.285714285715,2.942857142857143,0.6504854368932039,0.024285714285714285,0.8551565627299723,1.0,0.0,0.9034377084866483,1.455,0,5089,73
5400.0,5.0,1080.0,500.0,1800.0,1300.0,0.3333333333333333,0.09259259259259259,0.2,526.8775948927796,0.0,0.0,0.0,0.0,78.0,0.0,78.0,36.8,35.0,5014.285714285715,2.942857142857143,0.6504854368932039,0.024285714285714285,0.8551565627299723,1.0,0.0,0.9034377084866483,1.104,0,5089,73
5400.0,4.0,1350.0,500.0,1800.0,1300.0,0.3333333333333333,0.09259259259259259,0.25,502.4937810560445,0.0,0.0,0.0,0.0,55.0,0.0,55.0,15.25,35.0,5014.285714285715,2.942857142857143,0.6504854368932039,0.024285714285714285,0.8551565627299723,1.0,0.0,0.9034377084866483,0.4575,0,5089,73
5400.0,4.0,1350.0,900.0,1800.0,900.0,0.3333333333333333,0.16666666666666666,0.25,364.0054944640259,0.0,0.0,0.0,0.0,78.0,4.0,74.0,36.75,35.0,5014.285714285715,2.942857142857143,0.6504854368932039,0.024285714285714285,0.8551565627299723,1.0,0.0,0.9034377084866483,1.1025,0,5089,73
5400.0,5.0,1080.0,500.0,1800.0,1300.0,0.3333333333333333,0.09259259259259259,0.2,526.8775948927796,0.0,0.0,0.0,0.0,78.0,0.0,78.0,27.4,35.0,5014.285714285715,2.942857142857143,0.6504854368932039,0.024285714285714285,0.8551565627299723,1.0,0.0,0.9034377084866483,0.8219999999999998,0,5089,73
5400.0,4.0,1350.0,1000.0,1800.0,800.0,0.3333333333333333,0.18518518518518517,0.25,320.1562118716424,0.0,0.0,0.0,0.0,55.0,0.0,55.0,16.75,35.0,5014.285714285715,2.942857142857143,0.6504854368932039,0.024285714285714285,0.8551565627299723,1.0,0.0,0.9034377084866483,0.5025000000000001,0,5089,73
5400.0,5.0,1080.0,500.0,1800.0,1300.0,0.3333333333333333,0.09259259259259259,0.2,503.5871324805669,0.0,0.0,0.0,0.0,55.0,0.0,55.0,11.4,35.0,5014.285714285715,2.942857142857143,0.6504854368932039,0.024285714285714285,0.8551565627299723,1.0,0.0,0.9034377084866483,0.342,0,5089,73
5400.0,5.0,1080.0,600.0,1800.0,1200.0,0.3333333333333333,0.1111111111111111,0.2,396.9886648255842,0.0,0.0,0.0,0.0,78.0,0.0,78.0,28.6,35.0,5014.285714285715,2.942857142857143,0.6504854368932039,0.024285714285714285,0.8551565627299723,1.0,0.0,0.9034377084866483,0.8580000000000001,0,5089,73
5400.0,5.0,1080.0,500.0,1600.0,1100.0,0.2962962962962963,0.09259259259259259,0.2,470.7440918375928,0.0,0.0,0.0,0.0,51.0,0.0,51.0,13.0,35.0,5014.285714285715,2.942857142857143,0.6504854368932039,0.024285714285714285,0.8551565627299723,1.0,0.0,0.8030557408770207,0.39,0,5089,73
4400.0,2.0,2200.0,1700.0,2700.0,1000.0,0.6136363636363636,0.38636363636363635,0.5,500.0,0.0,0.0,0.0,0.0,0.0,0.0,0.0,0.0,35.0,5014.285714285715,2.942857142857143,0.6504854368932039,0.024285714285714285,0.8551565627299723,1.0,0.0,1.663146690623148,0.0,0,5090,73
4400.0,2.0,2200.0,1700.0,2700.0,1000.0,0.6136363636363636,0.38636363636363635,0.5,500.0,0.0,0.0,0.0,0.0,0.0,0.0,0.0,0.0,35.0,5014.285714285715,2.942857142857143,0.6504854368932039,0.024285714285714285,0.8551565627299723,1.0,0.0,1.663146690623148,0.0,1,5090,73
4400.0,4.0,1100.0,100.0,2700.0,2600.0,0.6136363636363636,0.022727272727272728,0.25,1086.2780491200215,0.0,0.0,0.0,0.0,0.0,0.0,0.0,0.0,35.0,5014.285714285715,2.942857142857143,0.6504854368932039,0.024285714285714285,0.8551565627299723,1.0,0.0,1.663146690623148,0.0,0,5090,73
4400.0,4.0,1100.0,100.0,2700.0,2600.0,0.6136363636363636,0.022727272727272728,0.25,1086.2780491200215,0.0,0.0,0.0,0.0,0.0,0.0,0.0,0.0,35.0,5014.285714285715,2.942857142857143,0.6504854368932039,0.024285714285714285,0.8551565627299723,1.0,0.0,1.663146690623148,0.0,0,5090,73
4400.0,4.0,1100.0,100.0,2700.0,2600.0,0.6136363636363636,0.022727272727272728,0.25,1086.2780491200215,0.0,0.0,0.0,0.0,0.0,0.0,0.0,0.0,35.0,5014.285714285715,2.942857142857143,0.6504854368932039,0.024285714285714285,0.8551565627299723,1.0,0.0,1.663146690623148,0.0,0,5090,73
4400.0,3.0,1466.6666666666667,300.0,2700.0,2400.0,0.6136363636363636,0.06818181818181818,0.33333333333333337,980.9292646374774,0.0,0.0,0.0,0.0,0.0,0.0,0.0,0.0,35.0,5014.285714285715,2.942857142857143,0.6504854368932039,0.024285714285714285,0.8551565627299723,1.0,0.0,1.663146690623148,0.0,0,5090,73
4400.0,5.0,880.0,100.0,2700.0,2600.0,0.6136363636363636,0.022727272727272728,0.2,1040.0,0.0,0.0,0.0,0.0,0.0,0.0,0.0,0.0,35.0,5014.285714285715,2.942857142857143,0.6504854368932039,0.024285714285714285,0.8551565627299723,1.0,0.0,1.663146690623148,0.0,0,5090,73
4400.0,4.0,1100.0,100.0,2200.0,2100.0,0.5,0.022727272727272728,0.25,1002.4968827881711,0.0,0.0,0.0,0.0,0.0,0.0,0.0,0.0,35.0,5014.285714285715,2.942857142857143,0.6504854368932039,0.024285714285714285,0.8551565627299723,1.0,0.0,1.3551565627299724,0.0,0,5090,73
4400.0,4.0,1100.0,100.0,2200.0,2100.0,0.5,0.022727272727272728,0.25,1002.4968827881711,0.0,0.0,0.0,0.0,0.0,0.0,0.0,0.0,35.0,5014.285714285715,2.942857142857143,0.6504854368932039,0.024285714285714285,0.8551565627299723,1.0,0.0,1.3551565627299724,0.0,0,5090,73
4400.0,4.0,1100.0,100.0,2200.0,2100.0,0.5,0.022727272727272728,0.25,1002.4968827881711,0.0,0.0,0.0,0.0,0.0,0.0,0.0,0.0,35.0,5014.285714285715,2.942857142857143,0.6504854368932039,0.024285714285714285,0.8551565627299723,1.0,0.0,1.3551565627299724,0.0,0,5090,73
4400.0,4.0,1100.0,100.0,2200.0,2100.0,0.5,0.022727272727272728,0.25,913.7833441248532,0.0,0.0,0.0,0.0,0.0,0.0,0.0,0.0,35.0,5014.285714285715,2.942857142857143,0.6504854368932039,0.024285714285714285,0.8551565627299723,1.0,0.0,1.3551565627299724,0.0,0,5090,73
4400.0,4.0,1100.0,100.0,2200.0,2100.0,0.5,0.022727272727272728,0.25,913.7833441248532,0.0,0.0,0.0,0.0,0.0,0.0,0.0,0.0,35.0,5014.285714285715,2.942857142857143,0.6504854368932039,0.024285714285714285,0.8551565627299723,1.0,0.0,1.3551565627299724,0.0,0,5090,73
4400.0,4.0,1100.0,100.0,2200.0,2100.0,0.5,0.022727272727272728,0.25,913.7833441248532,0.0,0.0,0.0,0.0,0.0,0.0,0.0,0.0,35.0,5014.285714285715,2.942857142857143,0.6504854368932039,0.024285714285714285,0.8551565627299723,1.0,0.0,1.3551565627299724,0.0,0,5090,73
4400.0,5.0,880.0,100.0,2200.0,2100.0,0.5,0.022727272727272728,0.2,890.8422980528035,0.0,0.0,0.0,0.0,0.0,0.0,0.0,0.0,35.0,5014.285714285715,2.942857142857143,0.6504854368932039,0.024285714285714285,0.8551565627299723,1.0,0.0,1.3551565627299724,0.0,0,5090,73
4400.0,5.0,880.0,100.0,2200.0,2100.0,0.5,0.022727272727272728,0.2,890.8422980528035,0.0,0.0,0.0,0.0,0.0,0.0,0.0,0.0,35.0,5014.285714285715,2.942857142857143,0.6504854368932039,0.024285714285714285,0.8551565627299723,1.0,0.0,1.3551565627299724,0.0,0,5090,73
4400.0,5.0,880.0,100.0,2200.0,2100.0,0.5,0.022727272727272728,0.2,890.8422980528035,0.0,0.0,0.0,0.0,0.0,0.0,0.0,0.0,35.0,5014.285714285715,2.942857142857143,0.6504854368932039,0.024285714285714285,0.8551565627299723,1.0,0.0,1.3551565627299724,0.0,0,5090,73
4400.0,5.0,880.0,100.0,2200.0,2100.0,0.5,0.022727272727272728,0.2,890.8422980528035,0.0,0.0,0.0,0.0,0.0,0.0,0.0,0.0,35.0,5014.285714285715,2.942857142857143,0.6504854368932039,0.024285714285714285,0.8551565627299723,1.0,0.0,1.3551565627299724,0.0,0,5090,73
4400.0,5.0,880.0,100.0,2200.0,2100.0,0.5,0.022727272727272728,0.2,890.8422980528035,0.0,0.0,0.0,0.0,0.0,0.0,0.0,0.0,35.0,5014.285714285715,2.942857142857143,0.6504854368932039,0.024285714285714285,0.8551565627299723,1.0,0.0,1.3551565627299724,0.0,0,5090,73
4400.0,5.0,880.0,100.0,2200.0,2100.0,0.5,0.022727272727272728,0.2,890.8422980528035,0.0,0.0,0.0,0.0,0.0,0.0,0.0,0.0,35.0,5014.285714285715,2.942857142857143,0.6504854368932039,0.024285714285714285,0.8551565627299723,1.0,0.0,1.3551565627299724,0.0,0,5090,73
4400.0,6.0,733.3333333333334,100.0,2000.0,1900.0,0.45454545454545453,0.022727272727272728,0.16666666666666669,829.9933065325821,0.0,0.0,0.0,0.0,0.0,0.0,0.0,0.0,35.0,5014.285714285715,2.942857142857143,0.6504854368932039,0.024285714285714285,0.8551565627299723,1.0,0.0,1.2319605115727021,0.0,0,5090,73
6800.0,4.0,1700.0,800.0,2300.0,1500.0,0.3382352941176471,0.11764705882352941,0.25,604.1522986797286,0.0,0.0,0.0,0.0,0.0,0.0,0.0,0.0,35.0,5014.285714285715,2.942857142857143,0.6504854368932039,0.024285714285714285,0.8551565627299723,1.0,0.0,0.9167235571408637,0.0,1,5091,73
5900.0,3.0,1966.6666666666667,900.0,2900.0,2000.0,0.4915254237288136,0.15254237288135594,0.33333333333333337,821.9218670625303,2.0,0.6666666666666666,13.333333333333334,22.0,97.0,2.0,95.0,54.333333333333336,35.0,5014.285714285715,2.942857142857143,0.6504854368932039,0.024285714285714285,0.8551565627299723,1.0,0.6990476190476189,1.3321878074294644,1.63,0,5092,73
5900.0,4.0,1475.0,200.0,2900.0,2700.0,0.4915254237288136,0.03389830508474576,0.25,1020.7227831296801,4.0,1.0,20.25,26.0,106.0,2.0,104.0,62.5,35.0,5014.285714285715,2.942857142857143,0.6504854368932039,0.024285714285714285,0.8551565627299723,1.0,1.0485714285714285,1.3321878074294644,1.875,0,5092,73
5900.0,4.0,1475.0,800.0,2900.0,2100.0,0.4915254237288136,0.13559322033898305,0.25,843.7268515343103,2.0,0.5,10.0,22.0,67.0,2.0,65.0,39.25,35.0,5014.285714285715,2.942857142857143,0.6504854368932039,0.024285714285714285,0.8551565627299723,1.0,0.5242857142857142,1.3321878074294644,1.1775,0,5092,73
5900.0,4.0,1475.0,200.0,2300.0,2100.0,0.3898305084745763,0.03389830508474576,0.25,825.7572282456872,2.0,0.5,10.75,26.0,97.0,18.0,79.0,65.0,35.0,5014.285714285715,2.942857142857143,0.6504854368932039,0.024285714285714285,0.8551565627299723,1.0,0.5242857142857142,1.0565627438233685,1.9500000000000002,0,5092,73
5900.0,4.0,1475.0,800.0,2300.0,1500.0,0.3898305084745763,0.13559322033898305,0.25,641.7748826496718,3.0,0.75,12.5,18.0,106.0,2.0,104.0,37.5,35.0,5014.285714285715,2.942857142857143,0.6504854368932039,0.024285714285714285,0.8551565627299723,1.0,0.7864285714285714,1.0565627438233685,1.125,0,5092,73
5900.0,5.0,1180.0,200.0,2100.0,1900.0,0.3559322033898305,0.03389830508474576,0.2,713.8627319029898,3.0,0.6,11.8,26.0,106.0,2.0,104.0,61.4,35.0,5014.285714285715,2.942857142857143,0.6504854368932039,0.024285714285714285,0.8551565627299723,1.0,0.6291428571428571,0.9646877226213363,1.842,0,5092,73
5900.0,4.0,1475.0,900.0,2100.0,1200.0,0.3559322033898305,0.15254237288135594,0.25,438.0353866983808,1.0,0.25,4.5,18.0,105.0,2.0,103.0,67.75,35.0,5014.285714285715,2.942857142857143,0.6504854368932039,0.024285714285714285,0.8551565627299723,1.0,0.2621428571428571,0.9646877226213363,2.0324999999999998,0,5092,73
5900.0,5.0,1180.0,200.0,1900.0,1700.0,0.3220338983050847,0.03389830508474576,0.2,591.2698199637794,3.0,0.6,11.8,26.0,106.0,2.0,104.0,71.6,35.0,5014.285714285715,2.942857142857143,0.6504854368932039,0.024285714285714285,0.8551565627299723,1.0,0.6291428571428571,0.8728127014193042,2.1479999999999997,1,5092,73
6000.0,3.0,2000.0,1900.0,2200.0,300.0,0.36666666666666664,0.31666666666666665,0.3333333333333333,141.4213562373095,0.0,0.0,0.0,0.0,0.0,0.0,0.0,0.0,35.0,5014.285714285715,2.942857142857143,0.6504854368932039,0.024285714285714285,0.8551565627299723,1.0,0.0,0.993781479335313,0.0,1,5093,73
6000.0,4.0,1500.0,600.0,2200.0,1600.0,0.36666666666666664,0.1,0.25,612.3724356957945,0.0,0.0,0.0,0.0,0.0,0.0,0.0,0.0,35.0,5014.285714285715,2.942857142857143,0.6504854368932039,0.024285714285714285,0.8551565627299723,1.0,0.0,0.993781479335313,0.0,0,5093,73
6000.0,4.0,1500.0,600.0,2200.0,1600.0,0.36666666666666664,0.1,0.25,612.3724356957945,0.0,0.0,0.0,0.0,0.0,0.0,0.0,0.0,35.0,5014.285714285715,2.942857142857143,0.6504854368932039,0.024285714285714285,0.8551565627299723,1.0,0.0,0.993781479335313,0.0,0,5093,73
2200.0,2.0,1100.0,600.0,1600.0,1000.0,0.7272727272727273,0.2727272727272727,0.5,500.0,0.0,0.0,0.0,0.0,0.0,0.0,0.0,0.0,35.0,5014.285714285715,2.942857142857143,0.6504854368932039,0.024285714285714285,0.8551565627299723,1.0,0.0,1.9711368185163236,0.0,1,5094,73
2100.0,2.0,1050.0,300.0,1800.0,1500.0,0.8571428571428571,0.14285714285714285,0.5,750.0,0.0,0.0,0.0,0.0,0.0,0.0,0.0,0.0,35.0,5014.285714285715,2.942857142857143,0.6504854368932039,0.024285714285714285,0.8551565627299723,1.0,0.0,2.323125536108524,0.0,0,5095,73
2100.0,2.0,1050.0,300.0,1800.0,1500.0,0.8571428571428571,0.14285714285714285,0.5,750.0,0.0,0.0,0.0,0.0,0.0,0.0,0.0,0.0,35.0,5014.285714285715,2.942857142857143,0.6504854368932039,0.024285714285714285,0.8551565627299723,1.0,0.0,2.323125536108524,0.0,0,5095,73
2100.0,3.0,700.0,100.0,1400.0,1300.0,0.6666666666666666,0.047619047619047616,0.3333333333333333,535.4126134736337,0.0,0.0,0.0,0.0,0.0,0.0,0.0,0.0,35.0,5014.285714285715,2.942857142857143,0.6504854368932039,0.024285714285714285,0.8551565627299723,1.0,0.0,1.8068754169732966,0.0,0,5095,73
2100.0,3.0,700.0,300.0,1400.0,1100.0,0.6666666666666666,0.14285714285714285,0.3333333333333333,496.655480858378,0.0,0.0,0.0,0.0,0.0,0.0,0.0,0.0,35.0,5014.285714285715,2.942857142857143,0.6504854368932039,0.024285714285714285,0.8551565627299723,1.0,0.0,1.8068754169732966,0.0,0,5095,73
2100.0,3.0,700.0,300.0,1400.0,1100.0,0.6666666666666666,0.14285714285714285,0.3333333333333333,496.655480858378,0.0,0.0,0.0,0.0,0.0,0.0,0.0,0.0,35.0,5014.285714285715,2.942857142857143,0.6504854368932039,0.024285714285714285,0.8551565627299723,1.0,0.0,1.8068754169732966,0.0,0,5095,73
2100.0,4.0,525.0,100.0,1400.0,1300.0,0.6666666666666666,0.047619047619047616,0.25,511.737237261468,0.0,0.0,0.0,0.0,0.0,0.0,0.0,0.0,35.0,5014.285714285715,2.942857142857143,0.6504854368932039,0.024285714285714285,0.8551565627299723,1.0,0.0,1.8068754169732966,0.0,0,5095,73
2100.0,2.0,1050.0,800.0,1300.0,500.0,0.6190476190476191,0.38095238095238093,0.5,250.0,0.0,0.0,0.0,0.0,0.0,0.0,0.0,0.0,35.0,5014.285714285715,2.942857142857143,0.6504854368932039,0.024285714285714285,0.8551565627299723,1.0,0.0,1.6778128871894897,0.0,1,5095,73
2100.0,4.0,525.0,100.0,1300.0,1200.0,0.6190476190476191,0.047619047619047616,0.25,460.2988159880492,0.0,0.0,0.0,0.0,0.0,0.0,0.0,0.0,35.0,5014.285714285715,2.942857142857143,0.6504854368932039,0.024285714285714285,0.8551565627299723,1.0,0.0,1.6778128871894897,0.0,0,5095,73
2100.0,4.0,525.0,100.0,1300.0,1200.0,0.6190476190476191,0.047619047619047616,0.25,460.2988159880492,0.0,0.0,0.0,0.0,0.0,0.0,0.0,0.0,35.0,5014.285714285715,2.942857142857143,0.6504854368932039,0.024285714285714285,0.8551565627299723,1.0,0.0,1.6778128871894897,0.0,0,5095,73
2100.0,3.0,700.0,100.0,1200.0,1100.0,0.5714285714285714,0.047619047619047616,0.3333333333333333,454.6060565661952,0.0,0.0,0.0,0.0,0.0,0.0,0.0,0.0,35.0,5014.285714285715,2.942857142857143,0.6504854368932039,0.024285714285714285,0.8551565627299723,1.0,0.0,1.5487503574056827,0.0,0,5095,73
2100.0,3.0,700.0,300.0,1200.0,900.0,0.5714285714285714,0.14285714285714285,0.3333333333333333,374.16573867739413,0.0,0.0,0.0,0.0,0.0,0.0,0.0,0.0,35.0,5014.285714285715,2.942857142857143,0.6504854368932039,0.024285714285714285,0.8551565627299723,1.0,0.0,1.5487503574056827,0.0,0,5095,73
2100.0,3.0,700.0,300.0,1200.0,900.0,0.5714285714285714,0.14285714285714285,0.3333333333333333,374.16573867739413,0.0,0.0,0.0,0.0,0.0,0.0,0.0,0.0,35.0,5014.285714285715,2.942857142857143,0.6504854368932039,0.024285714285714285,0.8551565627299723,1.0,0.0,1.5487503574056827,0.0,0,5095,73
2100.0,3.0,700.0,100.0,1200.0,1100.0,0.5714285714285714,0.047619047619047616,0.3333333333333333,454.6060565661952,0.0,0.0,0.0,0.0,0.0,0.0,0.0,0.0,35.0,5014.285714285715,2.942857142857143,0.6504854368932039,0.024285714285714285,0.8551565627299723,1.0,0.0,1.5487503574056827,0.0,0,5095,73
2100.0,3.0,700.0,300.0,1200.0,900.0,0.5714285714285714,0.14285714285714285,0.3333333333333333,374.16573867739413,0.0,0.0,0.0,0.0,0.0,0.0,0.0,0.0,35.0,5014.285714285715,2.942857142857143,0.6504854368932039,0.024285714285714285,0.8551565627299723,1.0,0.0,1.5487503574056827,0.0,0,5095,73
2100.0,3.0,700.0,300.0,1200.0,900.0,0.5714285714285714,0.14285714285714285,0.3333333333333333,374.16573867739413,0.0,0.0,0.0,0.0,0.0,0.0,0.0,0.0,35.0,5014.285714285715,2.942857142857143,0.6504854368932039,0.024285714285714285,0.8551565627299723,1.0,0.0,1.5487503574056827,0.0,0,5095,73
2100.0,4.0,525.0,300.0,800.0,500.0,0.38095238095238093,0.14285714285714285,0.25,192.0286436967152,0.0,0.0,0.0,0.0,0.0,0.0,0.0,0.0,35.0,5014.285714285715,2.942857142857143,0.6504854368932039,0.024285714285714285,0.8551565627299723,1.0,0.0,1.0325002382704551,0.0,0,5095,73
2100.0,4.0,525.0,300.0,800.0,500.0,0.38095238095238093,0.14285714285714285,0.25,192.0286436967152,0.0,0.0,0.0,0.0,0.0,0.0,0.0,0.0,35.0,5014.285714285715,2.942857142857143,0.6504854368932039,0.024285714285714285,0.8551565627299723,1.0,0.0,1.0325002382704551,0.0,0,5095,73
2100.0,5.0,420.0,100.0,800.0,700.0,0.38095238095238093,0.047619047619047616,0.2,248.19347291981714,0.0,0.0,0.0,0.0,0.0,0.0,0.0,0.0,35.0,5014.285714285715,2.942857142857143,0.6504854368932039,0.024285714285714285,0.8551565627299723,1.0,0.0,1.0325002382704551,0.0,0,5095,73
5200.0,3.0,1733.3333333333333,900.0,2400.0,1500.0,0.46153846153846156,0.17307692307692307,0.3333333333333333,623.6095644623235,0.0,0.0,0.0,0.0,7.0,0.0,7.0,3.0,35.0,5014.285714285715,2.942857142857143,0.6504854368932039,0.024285714285714285,0.8551565627299723,1.0,0.0,1.2509137502122822,0.09,0,5096,73
5200.0,3.0,1733.3333333333333,900.0,2400.0,1500.0,0.46153846153846156,0.17307692307692307,0.3333333333333333,623.6095644623235,0.0,0.0,0.0,0.0,7.0,0.0,7.0,3.0,35.0,5014.285714285715,2.942857142857143,0.6504854368932039,0.024285714285714285,0.8551565627299723,1.0,0.0,1.2509137502122822,0.09,0,5096,73
5200.0,3.0,1733.3333333333333,1200.0,2400.0,1200.0,0.46153846153846156,0.23076923076923078,0.3333333333333333,498.88765156985886,0.0,0.0,0.0,0.0,36.0,0.0,36.0,14.333333333333334,35.0,5014.285714285715,2.942857142857143,0.6504854368932039,0.024285714285714285,0.8551565627299723,1.0,0.0,1.2509137502122822,0.43000000000000005,0,5096,73
5200.0,4.0,1300.0,300.0,2400.0,2100.0,0.46153846153846156,0.057692307692307696,0.25,784.2193570679061,0.0,0.0,0.0,0.0,36.0,0.0,36.0,10.75,35.0,5014.285714285715,2.942857142857143,0.6504854368932039,0.024285714285714285,0.8551565627299723,1.0,0.0,1.2509137502122822,0.3225,0,5096,73
5200.0,4.0,1300.0,300.0,2400.0,2100.0,0.46153846153846156,0.057692307692307696,0.25,784.2193570679061,0.0,0.0,0.0,0.0,36.0,0.0,36.0,10.75,35.0,5014.285714285715,2.942857142857143,0.6504854368932039,0.024285714285714285,0.8551565627299723,1.0,0.0,1.2509137502122822,0.3225,0,5096,73
5200.0,4.0,1300.0,500.0,2400.0,1900.0,0.46153846153846156,0.09615384615384616,0.25,710.6335201775947,0.0,0.0,0.0,0.0,7.0,0.0,7.0,1.75,35.0,5014.285714285715,2.942857142857143,0.6504854368932039,0.024285714285714285,0.8551565627299723,1.0,0.0,1.2509137502122822,0.052500000000000005,0,5096,73
5200.0,4.0,1300.0,500.0,2400.0,1900.0,0.46153846153846156,0.09615384615384616,0.25,710.6335201775947,0.0,0.0,0.0,0.0,7.0,0.0,7.0,1.75,35.0,5014.285714285715,2.942857142857143,0.6504854368932039,0.024285714285714285,0.8551565627299723,1.0,0.0,1.2509137502122822,0.052500000000000005,0,5096,73
5200.0,4.0,1300.0,300.0,2400.0,2100.0,0.46153846153846156,0.057692307692307696,0.25,744.983221287567,0.0,0.0,0.0,0.0,7.0,0.0,7.0,1.75,35.0,5014.285714285715,2.942857142857143,0.6504854368932039,0.024285714285714285,0.8551565627299723,1.0,0.0,1.2509137502122822,0.052500000000000005,0,5096,73
5200.0,3.0,1733.3333333333333,900.0,2400.0,1500.0,0.46153846153846156,0.17307692307692307,0.3333333333333333,623.6095644623235,0.0,0.0,0.0,0.0,16.0,0.0,16.0,6.0,35.0,5014.285714285715,2.942857142857143,0.6504854368932039,0.024285714285714285,0.8551565627299723,1.0,0.0,1.2509137502122822,0.18,0,5096,73
5200.0,3.0,1733.3333333333333,900.0,2400.0,1500.0,0.46153846153846156,0.17307692307692307,0.3333333333333333,623.6095644623235,0.0,0.0,0.0,0.0,16.0,0.0,16.0,6.0,35.0,5014.285714285715,2.942857142857143,0.6504854368932039,0.024285714285714285,0.8551565627299723,1.0,0.0,1.2509137502122822,0.18,0,5096,73
5200.0,3.0,1733.3333333333333,1200.0,2400.0,1200.0,0.46153846153846156,0.23076923076923078,0.3333333333333333,498.88765156985886,0.0,0.0,0.0,0.0,36.0,0.0,36.0,17.333333333333332,35.0,5014.285714285715,2.942857142857143,0.6504854368932039,0.024285714285714285,0.8551565627299723,1.0,0.0,1.2509137502122822,0.5199999999999999,1,5096,73
5200.0,4.0,1300.0,300.0,2400.0,2100.0,0.46153846153846156,0.057692307692307696,0.25,784.2193570679061,0.0,0.0,0.0,0.0,36.0,0.0,36.0,13.0,35.0,5014.285714285715,2.942857142857143,0.6504854368932039,0.024285714285714285,0.8551565627299723,1.0,0.0,1.2509137502122822,0.39,0,5096,73
5200.0,4.0,1300.0,300.0,2400.0,2100.0,0.46153846153846156,0.057692307692307696,0.25,784.2193570679061,0.0,0.0,0.0,0.0,36.0,0.0,36.0,13.0,35.0,5014.285714285715,2.942857142857143,0.6504854368932039,0.024285714285714285,0.8551565627299723,1.0,0.0,1.2509137502122822,0.39,0,5096,73
5200.0,4.0,1300.0,500.0,2400.0,1900.0,0.46153846153846156,0.09615384615384616,0.25,710.6335201775947,0.0,0.0,0.0,0.0,16.0,0.0,16.0,4.0,35.0,5014.285714285715,2.942857142857143,0.6504854368932039,0.024285714285714285,0.8551565627299723,1.0,0.0,1.2509137502122822,0.12,0,5096,73
5200.0,4.0,1300.0,500.0,2400.0,1900.0,0.46153846153846156,0.09615384615384616,0.25,710.6335201775947,0.0,0.0,0.0,0.0,16.0,0.0,16.0,4.0,35.0,5014.285714285715,2.942857142857143,0.6504854368932039,0.024285714285714285,0.8551565627299723,1.0,0.0,1.2509137502122822,0.12,0,5096,73
5200.0,4.0,1300.0,300.0,2400.0,2100.0,0.46153846153846156,0.057692307692307696,0.25,744.983221287567,0.0,0.0,0.0,0.0,16.0,0.0,16.0,4.0,35.0,5014.285714285715,2.942857142857143,0.6504854368932039,0.024285714285714285,0.8551565627299723,1.0,0.0,1.2509137502122822,0.12,0,5096,73
5200.0,3.0,1733.3333333333333,1400.0,2200.0,800.0,0.4230769230769231,0.2692307692307692,0.3333333333333333,339.93463423951897,0.0,0.0,0.0,0.0,36.0,0.0,36.0,12.0,35.0,5014.285714285715,2.942857142857143,0.6504854368932039,0.024285714285714285,0.8551565627299723,1.0,0.0,1.146670937694592,0.36,0,5096,73
5200.0,4.0,1300.0,500.0,2200.0,1700.0,0.4230769230769231,0.09615384615384616,0.25,651.9202405202649,0.0,0.0,0.0,0.0,36.0,0.0,36.0,9.0,35.0,5014.285714285715,2.942857142857143,0.6504854368932039,0.024285714285714285,0.8551565627299723,1.0,0.0,1.146670937694592,0.27,0,5096,73
5200.0,4.0,1300.0,500.0,2200.0,1700.0,0.4230769230769231,0.09615384615384616,0.25,651.9202405202649,0.0,0.0,0.0,0.0,36.0,0.0,36.0,9.0,35.0,5014.285714285715,2.942857142857143,0.6504854368932039,0.024285714285714285,0.8551565627299723,1.0,0.0,1.146670937694592,0.27,0,5096,73
5200.0,4.0,1300.0,300.0,2200.0,1900.0,0.4230769230769231,0.057692307692307696,0.25,674.5368781616021,0.0,0.0,0.0,0.0,0.0,0.0,0.0,0.0,35.0,5014.285714285715,2.942857142857143,0.6504854368932039,0.024285714285714285,0.8551565627299723,1.0,0.0,1.146670937694592,0.0,0,5096,73
5200.0,4.0,1300.0,500.0,2200.0,1700.0,0.4230769230769231,0.09615384615384616,0.25,604.1522986797286,0.0,0.0,0.0,0.0,0.0,0.0,0.0,0.0,35.0,5014.285714285715,2.942857142857143,0.6504854368932039,0.024285714285714285,0.8551565627299723,1.0,0.0,1.146670937694592,0.0,0,5096,73
5200.0,5.0,1040.0,300.0,2200.0,1900.0,0.4230769230769231,0.057692307692307696,0.2,674.0919818541087,0.0,0.0,0.0,0.0,0.0,0.0,0.0,0.0,35.0,5014.285714285715,2.942857142857143,0.6504854368932039,0.024285714285714285,0.8551565627299723,1.0,0.0,1.146670937694592,0.0,0,5096,73
5200.0,5.0,1040.0,300.0,2200.0,1900.0,0.4230769230769231,0.057692307692307696,0.2,674.0919818541087,0.0,0.0,0.0,0.0,0.0,0.0,0.0,0.0,35.0,5014.285714285715,2.942857142857143,0.6504854368932039,0.024285714285714285,0.8551565627299723,1.0,0.0,1.146670937694592,0.0,0,5096,73
5200.0,4.0,1300.0,900.0,2200.0,1300.0,0.4230769230769231,0.17307692307692307,0.25,533.8539126015655,0.0,0.0,0.0,0.0,0.0,0.0,0.0,0.0,35.0,5014.285714285715,2.942857142857143,0.6504854368932039,0.024285714285714285,0.8551565627299723,1.0,0.0,1.146670937694592,0.0,0,5096,73
5200.0,4.0,1300.0,300.0,1900.0,1600.0,0.36538461538461536,0.057692307692307696,0.25,604.1522986797286,0.0,0.0,0.0,0.0,36.0,0.0,36.0,9.5,35.0,5014.285714285715,2.942857142857143,0.6504854368932039,0.024285714285714285,0.8551565627299723,1.0,0.0,0.9903067189180567,0.28500000000000003,0,5096,73
5200.0,4.0,1300.0,500.0,1900.0,1400.0,0.36538461538461536,0.09615384615384616,0.25,524.4044240850758,0.0,0.0,0.0,0.0,36.0,0.0,36.0,9.5,35.0,5014.285714285715,2.942857142857143,0.6504854368932039,0.024285714285714285,0.8551565627299723,1.0,0.0,0.9903067189180567,0.28500000000000003,0,5096,73
5200.0,5.0,1040.0,300.0,1900.0,1600.0,0.36538461538461536,0.057692307692307696,0.2,618.3849933496123,0.0,0.0,0.0,0.0,36.0,0.0,36.0,7.6,35.0,5014.285714285715,2.942857142857143,0.6504854368932039,0.024285714285714285,0.8551565627299723,1.0,0.0,0.9903067189180567,0.22799999999999998,0,5096,73
5200.0,5.0,1040.0,300.0,1900.0,1600.0,0.36538461538461536,0.057692307692307696,0.2,618.3849933496123,0.0,0.0,0.0,0.0,36.0,0.0,36.0,7.6,35.0,5014.285714285715,2.942857142857143,0.6504854368932039,0.024285714285714285,0.8551565627299723,1.0,0.0,0.9903067189180567,0.22799999999999998,0,5096,73
5200.0,5.0,1040.0,300.0,1900.0,1600.0,0.36538461538461536,0.057692307692307696,0.2,578.2732917920384,0.0,0.0,0.0,0.0,2.0,0.0,2.0,0.4,35.0,5014.285714285715,2.942857142857143,0.6504854368932039,0.024285714285714285,0.8551565627299723,1.0,0.0,0.9903067189180567,0.012,0,5096,73
5200.0,5.0,1040.0,300.0,1900.0,1600.0,0.36538461538461536,0.057692307692307696,0.2,520.0,0.0,0.0,0.0,0.0,2.0,0.0,2.0,0.4,35.0,5014.285714285715,2.942857142857143,0.6504854368932039,0.024285714285714285,0.8551565627299723,1.0,0.0,0.9903067189180567,0.012,0,5096,73
5200.0,4.0,1300.0,900.0,1600.0,700.0,0.3076923076923077,0.17307692307692307,0.25,254.95097567963924,0.0,0.0,0.0,0.0,36.0,0.0,36.0,9.0,35.0,5014.285714285715,2.942857142857143,0.6504854368932039,0.024285714285714285,0.8551565627299723,1.0,0.0,0.8339425001415215,0.27,0,5096,73
5200.0,4.0,1300.0,900.0,1600.0,700.0,0.3076923076923077,0.17307692307692307,0.25,254.95097567963924,0.0,0.0,0.0,0.0,36.0,0.0,36.0,9.0,35.0,5014.285714285715,2.942857142857143,0.6504854368932039,0.024285714285714285,0.8551565627299723,1.0,0.0,0.8339425001415215,0.27,0,5096,73
5200.0,5.0,1040.0,500.0,1600.0,1100.0,0.3076923076923077,0.09615384615384616,0.2,377.35924528226417,0.0,0.0,0.0,0.0,36.0,0.0,36.0,7.2,35.0,5014.285714285715,2.942857142857143,0.6504854368932039,0.024285714285714285,0.8551565627299723,1.0,0.0,0.8339425001415215,0.21600000000000003,0,5096,73
5200.0,6.0,866.6666666666666,300.0,1400.0,1100.0,0.2692307692307692,0.057692307692307696,0.16666666666666666,377.12361663282536,0.0,0.0,0.0,0.0,0.0,0.0,0.0,0.0,35.0,5014.285714285715,2.942857142857143,0.6504854368932039,0.024285714285714285,0.8551565627299723,1.0,0.0,0.7296996876238313,0.0,0,5096,73
9300.0,4.0,2325.0,1300.0,2700.0,1400.0,0.2903225806451613,0.13978494623655913,0.25,593.1905258852336,0.0,0.0,0.0,0.0,0.0,0.0,0.0,0.0,35.0,5014.285714285715,2.942857142857143,0.6504854368932039,0.024285714285714285,0.8551565627299723,1.0,0.0,0.7868651009399841,0.0,1,5097,73
9300.0,5.0,1860.0,1000.0,2700.0,1700.0,0.2903225806451613,0.10752688172043011,0.2,711.6178749862878,0.0,0.0,0.0,0.0,0.0,0.0,0.0,0.0,35.0,5014.285714285715,2.942857142857143,0.6504854368932039,0.024285714285714285,0.8551565627299723,1.0,0.0,0.7868651009399841,0.0,0,5097,73
9300.0,6.0,1550.0,100.0,2700.0,2600.0,0.2903225806451613,0.010752688172043012,0.16666666666666666,923.3092656309694,0.0,0.0,0.0,0.0,0.0,0.0,0.0,0.0,35.0,5014.285714285715,2.942857142857143,0.6504854368932039,0.024285714285714285,0.8551565627299723,1.0,0.0,0.7868651009399841,0.0,0,5097,73
9300.0,6.0,1550.0,100.0,2700.0,2600.0,0.2903225806451613,0.010752688172043012,0.16666666666666666,903.2349269892819,0.0,0.0,0.0,0.0,0.0,0.0,0.0,0.0,35.0,5014.285714285715,2.942857142857143,0.6504854368932039,0.024285714285714285,0.8551565627299723,1.0,0.0,0.7868651009399841,0.0,0,5097,73
9300.0,6.0,1550.0,100.0,2700.0,2600.0,0.2903225806451613,0.010752688172043012,0.16666666666666666,903.2349269892819,0.0,0.0,0.0,0.0,0.0,0.0,0.0,0.0,35.0,5014.285714285715,2.942857142857143,0.6504854368932039,0.024285714285714285,0.8551565627299723,1.0,0.0,0.7868651009399841,0.0,0,5097,73
8100.0,4.0,2025.0,100.0,2700.0,2600.0,0.3333333333333333,0.012345679012345678,0.25,1112.1488209767613,0.0,0.0,0.0,0.0,0.0,0.0,0.0,0.0,35.0,5014.285714285715,2.942857142857143,0.6504854368932039,0.024285714285714285,0.8551565627299723,1.0,0.0,0.9034377084866483,0.0,1,5098,73
8100.0,4.0,2025.0,1200.0,2700.0,1500.0,0.3333333333333333,0.14814814814814814,0.25,553.9629951540085,0.0,0.0,0.0,0.0,0.0,0.0,0.0,0.0,35.0,5014.285714285715,2.942857142857143,0.6504854368932039,0.024285714285714285,0.8551565627299723,1.0,0.0,0.9034377084866483,0.0,0,5098,73
8100.0,5.0,1620.0,100.0,2700.0,2600.0,0.3333333333333333,0.012345679012345678,0.2,901.9977827023745,0.0,0.0,0.0,0.0,0.0,0.0,0.0,0.0,35.0,5014.285714285715,2.942857142857143,0.6504854368932039,0.024285714285714285,0.8551565627299723,1.0,0.0,0.9034377084866483,0.0,0,5098,73
8100.0,4.0,2025.0,1200.0,2700.0,1500.0,0.3333333333333333,0.14814814814814814,0.25,553.9629951540085,0.0,0.0,0.0,0.0,0.0,0.0,0.0,0.0,35.0,5014.285714285715,2.942857142857143,0.6504854368932039,0.024285714285714285,0.8551565627299723,1.0,0.0,0.9034377084866483,0.0,0,5098,73
8100.0,5.0,1620.0,100.0,2700.0,2600.0,0.3333333333333333,0.012345679012345678,0.2,901.9977827023745,0.0,0.0,0.0,0.0,0.0,0.0,0.0,0.0,35.0,5014.285714285715,2.942857142857143,0.6504854368932039,0.024285714285714285,0.8551565627299723,1.0,0.0,0.9034377084866483,0.0,0,5098,73
8100.0,5.0,1620.0,100.0,2600.0,2500.0,0.32098765432098764,0.012345679012345678,0.2,893.0845424706442,0.0,0.0,0.0,0.0,0.0,0.0,0.0,0.0,35.0,5014.285714285715,2.942857142857143,0.6504854368932039,0.024285714285714285,0.8551565627299723,1.0,0.0,0.8699770526167724,0.0,0,5098,73
3700.0,2.0,1850.0,1500.0,2200.0,700.0,0.5945945945945946,0.40540540540540543,0.5,350.0,0.0,0.0,0.0,0.0,0.0,0.0,0.0,0.0,35.0,5014.285714285715,2.942857142857143,0.6504854368932039,0.024285714285714285,0.8551565627299723,1.0,0.0,1.6115375340572646,0.0,0,5099,73
3700.0,2.0,1850.0,1700.0,2000.0,300.0,0.5405405405405406,0.4594594594594595,0.5,150.0,0.0,0.0,0.0,0.0,0.0,0.0,0.0,0.0,35.0,5014.285714285715,2.942857142857143,0.6504854368932039,0.024285714285714285,0.8551565627299723,1.0,0.0,1.4650341218702405,0.0,1,5099,73
3700.0,2.0,1850.0,1800.0,1900.0,100.0,0.5135135135135135,0.4864864864864865,0.5,50.0,0.0,0.0,0.0,0.0,0.0,0.0,0.0,0.0,35.0,5014.285714285715,2.942857142857143,0.6504854368932039,0.024285714285714285,0.8551565627299723,1.0,0.0,1.3917824157767285,0.0,0,5099,73
4800.0,3.0,1600.0,400.0,2500.0,2100.0,0.5208333333333334,0.08333333333333333,0.3333333333333333,883.1760866327846,0.0,0.0,0.0,0.0,0.0,0.0,0.0,0.0,35.0,5014.285714285715,2.942857142857143,0.6504854368932039,0.024285714285714285,0.8551565627299723,1.0,0.0,1.411621419510388,0.0,0,5100,73
4800.0,3.0,1600.0,900.0,2400.0,1500.0,0.5,0.1875,0.3333333333333333,616.4414002968977,0.0,0.0,0.0,0.0,0.0,0.0,0.0,0.0,35.0,5014.285714285715,2.942857142857143,0.6504854368932039,0.024285714285714285,0.8551565627299723,1.0,0.0,1.3551565627299724,0.0,1,5100,73
5400.0,3.0,1800.0,1200.0,3000.0,1800.0,0.5555555555555556,0.2222222222222222,0.3333333333333333,848.5281374238571,0.0,0.0,0.0,0.0,0.0,0.0,0.0,0.0,35.0,5014.285714285715,2.942857142857143,0.6504854368932039,0.024285714285714285,0.8551565627299723,1.0,0.0,1.5057295141444138,0.0,0,5101,73
5400.0,3.0,1800.0,1200.0,2700.0,1500.0,0.5,0.2222222222222222,0.3333333333333333,648.074069840786,0.0,0.0,0.0,0.0,0.0,0.0,0.0,0.0,35.0,5014.285714285715,2.942857142857143,0.6504854368932039,0.024285714285714285,0.8551565627299723,1.0,0.0,1.3551565627299724,0.0,0,5101,73
5400.0,3.0,1800.0,1200.0,2700.0,1500.0,0.5,0.2222222222222222,0.3333333333333333,648.074069840786,0.0,0.0,0.0,0.0,0.0,0.0,0.0,0.0,35.0,5014.285714285715,2.942857142857143,0.6504854368932039,0.024285714285714285,0.8551565627299723,1.0,0.0,1.3551565627299724,0.0,1,5101,73
3700.0,3.0,1233.3333333333333,100.0,3000.0,2900.0,0.8108108108108109,0.02702702702702703,0.3333333333333333,1265.7891697365017,0.0,0.0,0.0,0.0,18.0,0.0,18.0,7.333333333333333,35.0,5014.285714285715,2.942857142857143,0.6504854368932039,0.024285714285714285,0.8551565627299723,1.0,0.0,2.197551182805361,0.22,1,5102,73
3700.0,3.0,1233.3333333333333,600.0,2100.0,1500.0,0.5675675675675675,0.16216216216216217,0.3333333333333333,634.2099196813482,0.0,0.0,0.0,0.0,0.0,0.0,0.0,0.0,35.0,5014.285714285715,2.942857142857143,0.6504854368932039,0.024285714285714285,0.8551565627299723,1.0,0.0,1.5382858279637524,0.0,0,5102,73
4400.0,3.0,1466.6666666666667,700.0,2200.0,1500.0,0.5,0.1590909090909091,0.33333333333333337,612.8258770283411,0.0,0.0,0.0,0.0,0.0,0.0,0.0,0.0,35.0,5014.285714285715,2.942857142857143,0.6504854368932039,0.024285714285714285,0.8551565627299723,1.0,0.0,1.3551565627299724,0.0,0,5103,73
4400.0,3.0,1466.6666666666667,700.0,2200.0,1500.0,0.5,0.1590909090909091,0.33333333333333337,612.8258770283411,0.0,0.0,0.0,0.0,0.0,0.0,0.0,0.0,35.0,5014.285714285715,2.942857142857143,0.6504854368932039,0.024285714285714285,0.8551565627299723,1.0,0.0,1.3551565627299724,0.0,0,5103,73
4400.0,4.0,1100.0,100.0,2200.0,2100.0,0.5,0.022727272727272728,0.25,809.3207028119323,0.0,0.0,0.0,0.0,11.0,0.0,11.0,2.75,35.0,5014.285714285715,2.942857142857143,0.6504854368932039,0.024285714285714285,0.8551565627299723,1.0,0.0,1.3551565627299724,0.0825,0,5103,73
4400.0,3.0,1466.6666666666667,900.0,2200.0,1300.0,0.5,0.20454545454545456,0.33333333333333337,543.6502143433363,0.0,0.0,0.0,0.0,2.0,0.0,2.0,0.6666666666666666,35.0,5014.285714285715,2.942857142857143,0.6504854368932039,0.024285714285714285,0.8551565627299723,1.0,0.0,1.3551565627299724,0.019999999999999997,0,5103,73
4400.0,4.0,1100.0,600.0,2200.0,1600.0,0.5,0.13636363636363635,0.25,644.2049363362563,0.0,0.0,0.0,0.0,2.0,0.0,2.0,0.5,35.0,5014.285714285715,2.942857142857143,0.6504854368932039,0.024285714285714285,0.8551565627299723,1.0,0.0,1.3551565627299724,0.015,0,5103,73
4400.0,4.0,1100.0,600.0,2200.0,1600.0,0.5,0.13636363636363635,0.25,644.2049363362563,0.0,0.0,0.0,0.0,2.0,0.0,2.0,0.5,35.0,5014.285714285715,2.942857142857143,0.6504854368932039,0.024285714285714285,0.8551565627299723,1.0,0.0,1.3551565627299724,0.015,0,5103,73
4400.0,3.0,1466.6666666666667,700.0,2000.0,1300.0,0.45454545454545453,0.1590909090909091,0.33333333333333337,555.7777333511023,0.0,0.0,0.0,0.0,0.0,0.0,0.0,0.0,35.0,5014.285714285715,2.942857142857143,0.6504854368932039,0.024285714285714285,0.8551565627299723,1.0,0.0,1.2319605115727021,0.0,0,5103,73
4400.0,3.0,1466.6666666666667,700.0,2000.0,1300.0,0.45454545454545453,0.1590909090909091,0.33333333333333337,555.7777333511023,0.0,0.0,0.0,0.0,0.0,0.0,0.0,0.0,35.0,5014.285714285715,2.942857142857143,0.6504854368932039,0.024285714285714285,0.8551565627299723,1.0,0.0,1.2319605115727021,0.0,0,5103,73
4400.0,4.0,1100.0,100.0,2000.0,1900.0,0.45454545454545453,0.022727272727272728,0.25,777.8174593052023,0.0,0.0,0.0,0.0,11.0,0.0,11.0,2.75,35.0,5014.285714285715,2.942857142857143,0.6504854368932039,0.024285714285714285,0.8551565627299723,1.0,0.0,1.2319605115727021,0.0825,0,5103,73
4400.0,3.0,1466.6666666666667,900.0,2000.0,1100.0,0.45454545454545453,0.20454545454545456,0.33333333333333337,449.6912521077347,0.0,0.0,0.0,0.0,2.0,0.0,2.0,0.6666666666666666,35.0,5014.285714285715,2.942857142857143,0.6504854368932039,0.024285714285714285,0.8551565627299723,1.0,0.0,1.2319605115727021,0.019999999999999997,1,5103,73
4400.0,5.0,880.0,100.0,2000.0,1900.0,0.45454545454545453,0.022727272727272728,0.2,620.966987850401,0.0,0.0,0.0,0.0,11.0,0.0,11.0,2.6,35.0,5014.285714285715,2.942857142857143,0.6504854368932039,0.024285714285714285,0.8551565627299723,1.0,0.0,1.2319605115727021,0.07800000000000001,0,5103,73
4400.0,4.0,1100.0,100.0,1900.0,1800.0,0.4318181818181818,0.022727272727272728,0.25,734.8469228349534,0.0,0.0,0.0,0.0,11.0,0.0,11.0,2.75,35.0,5014.285714285715,2.942857142857143,0.6504854368932039,0.024285714285714285,0.8551565627299723,1.0,0.0,1.1703624859940671,0.0825,0,5103,73
4400.0,4.0,1100.0,100.0,1900.0,1800.0,0.4318181818181818,0.022727272727272728,0.25,734.8469228349534,0.0,0.0,0.0,0.0,11.0,0.0,11.0,2.75,35.0,5014.285714285715,2.942857142857143,0.6504854368932039,0.024285714285714285,0.8551565627299723,1.0,0.0,1.1703624859940671,0.0825,0,5103,73
4400.0,4.0,1100.0,100.0,1900.0,1800.0,0.4318181818181818,0.022727272727272728,0.25,678.2329983125268,0.0,0.0,0.0,0.0,11.0,0.0,11.0,3.25,35.0,5014.285714285715,2.942857142857143,0.6504854368932039,0.024285714285714285,0.8551565627299723,1.0,0.0,1.1703624859940671,0.0975,0,5103,73
4400.0,4.0,1100.0,700.0,1700.0,1000.0,0.38636363636363635,0.1590909090909091,0.25,424.26406871192853,0.0,0.0,0.0,0.0,0.0,0.0,0.0,0.0,35.0,5014.285714285715,2.942857142857143,0.6504854368932039,0.024285714285714285,0.8551565627299723,1.0,0.0,1.0471664348367968,0.0,0,5103,73
4400.0,5.0,880.0,100.0,1700.0,1600.0,0.38636363636363635,0.022727272727272728,0.2,560.0,0.0,0.0,0.0,0.0,11.0,0.0,11.0,2.2,35.0,5014.285714285715,2.942857142857143,0.6504854368932039,0.024285714285714285,0.8551565627299723,1.0,0.0,1.0471664348367968,0.066,0,5103,73
4400.0,5.0,880.0,100.0,1700.0,1600.0,0.38636363636363635,0.022727272727272728,0.2,560.0,0.0,0.0,0.0,0.0,11.0,0.0,11.0,2.2,35.0,5014.285714285715,2.942857142857143,0.6504854368932039,0.024285714285714285,0.8551565627299723,1.0,0.0,1.0471664348367968,0.066,0,5103,73
4400.0,4.0,1100.0,700.0,1500.0,800.0,0.3409090909090909,0.1590909090909091,0.25,316.22776601683796,0.0,0.0,0.0,0.0,2.0,0.0,2.0,0.5,35.0,5014.285714285715,2.942857142857143,0.6504854368932039,0.024285714285714285,0.8551565627299723,1.0,0.0,0.9239703836795266,0.015,0,5103,73
4400.0,4.0,1100.0,700.0,1500.0,800.0,0.3409090909090909,0.1590909090909091,0.25,316.22776601683796,0.0,0.0,0.0,0.0,2.0,0.0,2.0,0.5,35.0,5014.285714285715,2.942857142857143,0.6504854368932039,0.024285714285714285,0.8551565627299723,1.0,0.0,0.9239703836795266,0.015,0,5103,73
4400.0,5.0,880.0,100.0,1500.0,1400.0,0.3409090909090909,0.022727272727272728,0.2,499.59983987187184,0.0,0.0,0.0,0.0,11.0,0.0,11.0,2.6,35.0,5014.285714285715,2.942857142857143,0.6504854368932039,0.024285714285714285,0.8551565627299723,1.0,0.0,0.9239703836795266,0.07800000000000001,0,5103,73
4400.0,5.0,880.0,600.0,1500.0,900.0,0.3409090909090909,0.13636363636363635,0.2,324.96153618543843,0.0,0.0,0.0,0.0,2.0,0.0,2.0,0.4,35.0,5014.285714285715,2.942857142857143,0.6504854368932039,0.024285714285714285,0.8551565627299723,1.0,0.0,0.9239703836795266,0.012,0,5103,73
6400.0,4.0,1600.0,600.0,3000.0,2400.0,0.46875,0.09375,0.25,916.515138991168,0.0,0.0,0.0,0.0,0.0,0.0,0.0,0.0,35.0,5014.285714285715,2.942857142857143,0.6504854368932039,0.024285714285714285,0.8551565627299723,1.0,0.0,1.270459277559349,0.0,0,5104,73
6400.0,3.0,2133.3333333333335,1800.0,2300.0,500.0,0.359375,0.28125,0.33333333333333337,235.70226039551585,0.0,0.0,0.0,0.0,0.0,0.0,0.0,0.0,35.0,5014.285714285715,2.942857142857143,0.6504854368932039,0.024285714285714285,0.8551565627299723,1.0,0.0,0.9740187794621676,0.0,0,5104,73
6400.0,5.0,1280.0,400.0,2300.0,1900.0,0.359375,0.0625,0.2,861.1620056644394,0.0,0.0,0.0,0.0,0.0,0.0,0.0,0.0,35.0,5014.285714285715,2.942857142857143,0.6504854368932039,0.024285714285714285,0.8551565627299723,1.0,0.0,0.9740187794621676,0.0,0,5104,73
6400.0,3.0,2133.3333333333335,1900.0,2300.0,400.0,0.359375,0.296875,0.33333333333333337,169.96731711975949,0.0,0.0,0.0,0.0,0.0,0.0,0.0,0.0,35.0,5014.285714285715,2.942857142857143,0.6504854368932039,0.024285714285714285,0.8551565627299723,1.0,0.0,0.9740187794621676,0.0,0,5104,73
6400.0,4.0,1600.0,600.0,2300.0,1700.0,0.359375,0.09375,0.25,696.419413859206,0.0,0.0,0.0,0.0,0.0,0.0,0.0,0.0,35.0,5014.285714285715,2.942857142857143,0.6504854368932039,0.024285714285714285,0.8551565627299723,1.0,0.0,0.9740187794621676,0.0,0,5104,73
6400.0,3.0,2133.3333333333335,1900.0,2300.0,400.0,0.359375,0.296875,0.33333333333333337,169.96731711975949,0.0,0.0,0.0,0.0,0.0,0.0,0.0,0.0,35.0,5014.285714285715,2.942857142857143,0.6504854368932039,0.024285714285714285,0.8551565627299723,1.0,0.0,0.9740187794621676,0.0,0,5104,73
6400.0,4.0,1600.0,600.0,2300.0,1700.0,0.359375,0.09375,0.25,696.419413859206,0.0,0.0,0.0,0.0,0.0,0.0,0.0,0.0,35.0,5014.285714285715,2.942857142857143,0.6504854368932039,0.024285714285714285,0.8551565627299723,1.0,0.0,0.9740187794621676,0.0,0,5104,73
6400.0,4.0,1600.0,400.0,2300.0,1900.0,0.359375,0.0625,0.25,717.6350047203662,0.0,0.0,0.0,0.0,0.0,0.0,0.0,0.0,35.0,5014.285714285715,2.942857142857143,0.6504854368932039,0.024285714285714285,0.8551565627299723,1.0,0.0,0.9740187794621676,0.0,0,5104,73
6400.0,4.0,1600.0,400.0,2300.0,1900.0,0.359375,0.0625,0.25,717.6350047203662,0.0,0.0,0.0,0.0,0.0,0.0,0.0,0.0,35.0,5014.285714285715,2.942857142857143,0.6504854368932039,0.024285714285714285,0.8551565627299723,1.0,0.0,0.9740187794621676,0.0,0,5104,73
6400.0,4.0,1600.0,1000.0,2300.0,1300.0,0.359375,0.15625,0.25,494.9747468305833,0.0,0.0,0.0,0.0,0.0,0.0,0.0,0.0,35.0,5014.285714285715,2.942857142857143,0.6504854368932039,0.024285714285714285,0.8551565627299723,1.0,0.0,0.9740187794621676,0.0,0,5104,73
6400.0,5.0,1280.0,400.0,2300.0,1900.0,0.359375,0.0625,0.2,713.8627319029898,0.0,0.0,0.0,0.0,0.0,0.0,0.0,0.0,35.0,5014.285714285715,2.942857142857143,0.6504854368932039,0.024285714285714285,0.8551565627299723,1.0,0.0,0.9740187794621676,0.0,0,5104,73
6400.0,5.0,1280.0,400.0,2300.0,1900.0,0.359375,0.0625,0.2,713.8627319029898,0.0,0.0,0.0,0.0,0.0,0.0,0.0,0.0,35.0,5014.285714285715,2.942857142857143,0.6504854368932039,0.024285714285714285,0.8551565627299723,1.0,0.0,0.9740187794621676,0.0,0,5104,73
6400.0,3.0,2133.3333333333335,1900.0,2300.0,400.0,0.359375,0.296875,0.33333333333333337,169.96731711975949,0.0,0.0,0.0,0.0,0.0,0.0,0.0,0.0,35.0,5014.285714285715,2.942857142857143,0.6504854368932039,0.024285714285714285,0.8551565627299723,1.0,0.0,0.9740187794621676,0.0,1,5104,73
6400.0,4.0,1600.0,600.0,2300.0,1700.0,0.359375,0.09375,0.25,696.419413859206,0.0,0.0,0.0,0.0,0.0,0.0,0.0,0.0,35.0,5014.285714285715,2.942857142857143,0.6504854368932039,0.024285714285714285,0.8551565627299723,1.0,0.0,0.9740187794621676,0.0,0,5104,73
6400.0,3.0,2133.3333333333335,1900.0,2300.0,400.0,0.359375,0.296875,0.33333333333333337,169.96731711975949,0.0,0.0,0.0,0.0,0.0,0.0,0.0,0.0,35.0,5014.285714285715,2.942857142857143,0.6504854368932039,0.024285714285714285,0.8551565627299723,1.0,0.0,0.9740187794621676,0.0,0,5104,73
6400.0,4.0,1600.0,600.0,2300.0,1700.0,0.359375,0.09375,0.25,696.419413859206,0.0,0.0,0.0,0.0,0.0,0.0,0.0,0.0,35.0,5014.285714285715,2.942857142857143,0.6504854368932039,0.024285714285714285,0.8551565627299723,1.0,0.0,0.9740187794621676,0.0,0,5104,73
6400.0,4.0,1600.0,400.0,2300.0,1900.0,0.359375,0.0625,0.25,717.6350047203662,0.0,0.0,0.0,0.0,0.0,0.0,0.0,0.0,35.0,5014.285714285715,2.942857142857143,0.6504854368932039,0.024285714285714285,0.8551565627299723,1.0,0.0,0.9740187794621676,0.0,0,5104,73
6400.0,4.0,1600.0,400.0,2300.0,1900.0,0.359375,0.0625,0.25,717.6350047203662,0.0,0.0,0.0,0.0,0.0,0.0,0.0,0.0,35.0,5014.285714285715,2.942857142857143,0.6504854368932039,0.024285714285714285,0.8551565627299723,1.0,0.0,0.9740187794621676,0.0,0,5104,73
6400.0,4.0,1600.0,1000.0,2300.0,1300.0,0.359375,0.15625,0.25,494.9747468305833,0.0,0.0,0.0,0.0,0.0,0.0,0.0,0.0,35.0,5014.285714285715,2.942857142857143,0.6504854368932039,0.024285714285714285,0.8551565627299723,1.0,0.0,0.9740187794621676,0.0,0,5104,73
6400.0,5.0,1280.0,400.0,2300.0,1900.0,0.359375,0.0625,0.2,713.8627319029898,0.0,0.0,0.0,0.0,0.0,0.0,0.0,0.0,35.0,5014.285714285715,2.942857142857143,0.6504854368932039,0.024285714285714285,0.8551565627299723,1.0,0.0,0.9740187794621676,0.0,0,5104,73
6400.0,5.0,1280.0,400.0,2300.0,1900.0,0.359375,0.0625,0.2,713.8627319029898,0.0,0.0,0.0,0.0,0.0,0.0,0.0,0.0,35.0,5014.285714285715,2.942857142857143,0.6504854368932039,0.024285714285714285,0.8551565627299723,1.0,0.0,0.9740187794621676,0.0,0,5104,73
6400.0,5.0,1280.0,400.0,2200.0,1800.0,0.34375,0.0625,0.2,775.6287771866126,0.0,0.0,0.0,0.0,0.0,0.0,0.0,0.0,35.0,5014.285714285715,2.942857142857143,0.6504854368932039,0.024285714285714285,0.8551565627299723,1.0,0.0,0.9316701368768561,0.0,0,5104,73
6400.0,5.0,1280.0,400.0,2200.0,1800.0,0.34375,0.0625,0.2,775.6287771866126,0.0,0.0,0.0,0.0,0.0,0.0,0.0,0.0,35.0,5014.285714285715,2.942857142857143,0.6504854368932039,0.024285714285714285,0.8551565627299723,1.0,0.0,0.9316701368768561,0.0,0,5104,73
6400.0,4.0,1600.0,1000.0,2200.0,1200.0,0.34375,0.15625,0.25,474.3416490252569,0.0,0.0,0.0,0.0,0.0,0.0,0.0,0.0,35.0,5014.285714285715,2.942857142857143,0.6504854368932039,0.024285714285714285,0.8551565627299723,1.0,0.0,0.9316701368768561,0.0,0,5104,73
6400.0,5.0,1280.0,400.0,2200.0,1800.0,0.34375,0.0625,0.2,702.5667228100118,0.0,0.0,0.0,0.0,0.0,0.0,0.0,0.0,35.0,5014.285714285715,2.942857142857143,0.6504854368932039,0.024285714285714285,0.8551565627299723,1.0,0.0,0.9316701368768561,0.0,0,5104,73
6400.0,5.0,1280.0,400.0,2200.0,1800.0,0.34375,0.0625,0.2,702.5667228100118,0.0,0.0,0.0,0.0,0.0,0.0,0.0,0.0,35.0,5014.285714285715,2.942857142857143,0.6504854368932039,0.024285714285714285,0.8551565627299723,1.0,0.0,0.9316701368768561,0.0,0,5104,73
6400.0,6.0,1066.6666666666667,400.0,2200.0,1800.0,0.34375,0.0625,0.16666666666666669,699.205898780101,0.0,0.0,0.0,0.0,0.0,0.0,0.0,0.0,35.0,5014.285714285715,2.942857142857143,0.6504854368932039,0.024285714285714285,0.8551565627299723,1.0,0.0,0.9316701368768561,0.0,0,5104,73
6400.0,4.0,1600.0,1000.0,2200.0,1200.0,0.34375,0.15625,0.25,474.3416490252569,0.0,0.0,0.0,0.0,0.0,0.0,0.0,0.0,35.0,5014.285714285715,2.942857142857143,0.6504854368932039,0.024285714285714285,0.8551565627299723,1.0,0.0,0.9316701368768561,0.0,0,5104,73
6400.0,5.0,1280.0,400.0,2200.0,1800.0,0.34375,0.0625,0.2,702.5667228100118,0.0,0.0,0.0,0.0,0.0,0.0,0.0,0.0,35.0,5014.285714285715,2.942857142857143,0.6504854368932039,0.024285714285714285,0.8551565627299723,1.0,0.0,0.9316701368768561,0.0,0,5104,73
6400.0,5.0,1280.0,400.0,2200.0,1800.0,0.34375,0.0625,0.2,702.5667228100118,0.0,0.0,0.0,0.0,0.0,0.0,0.0,0.0,35.0,5014.285714285715,2.942857142857143,0.6504854368932039,0.024285714285714285,0.8551565627299723,1.0,0.0,0.9316701368768561,0.0,0,5104,73
6400.0,6.0,1066.6666666666667,400.0,2200.0,1800.0,0.34375,0.0625,0.16666666666666669,699.205898780101,0.0,0.0,0.0,0.0,0.0,0.0,0.0,0.0,35.0,5014.285714285715,2.942857142857143,0.6504854368932039,0.024285714285714285,0.8551565627299723,1.0,0.0,0.9316701368768561,0.0,0,5104,73
6400.0,5.0,1280.0,400.0,1900.0,1500.0,0.296875,0.0625,0.2,549.1812087098392,0.0,0.0,0.0,0.0,0.0,0.0,0.0,0.0,35.0,5014.285714285715,2.942857142857143,0.6504854368932039,0.024285714285714285,0.8551565627299723,1.0,0.0,0.8046242091209211,0.0,0,5104,73
6400.0,5.0,1280.0,400.0,1900.0,1500.0,0.296875,0.0625,0.2,549.1812087098392,0.0,0.0,0.0,0.0,0.0,0.0,0.0,0.0,35.0,5014.285714285715,2.942857142857143,0.6504854368932039,0.024285714285714285,0.8551565627299723,1.0,0.0,0.8046242091209211,0.0,0,5104,73
6400.0,6.0,1066.6666666666667,400.0,1900.0,1500.0,0.296875,0.0625,0.16666666666666669,631.5765107165472,0.0,0.0,0.0,0.0,0.0,0.0,0.0,0.0,35.0,5014.285714285715,2.942857142857143,0.6504854368932039,0.024285714285714285,0.8551565627299723,1.0,0.0,0.8046242091209211,0.0,0,5104,73
8000.0,4.0,2000.0,1600.0,2700.0,1100.0,0.3375,0.2,0.25,452.76925690687085,0.0,0.0,0.0,0.0,0.0,0.0,0.0,0.0,35.0,5014.285714285715,2.942857142857143,0.6504854368932039,0.024285714285714285,0.8551565627299723,1.0,0.0,0.9147306798427315,0.0,1,5105,73
8700.0,4.0,2175.0,1800.0,2500.0,700.0,0.28735632183908044,0.20689655172413793,0.25,326.9174207655505,0.0,0.0,0.0,0.0,0.0,0.0,0.0,0.0,35.0,4537.142857142857,3.2857142857142856,0.28695652173913044,0.02857142857142857,0.8248931239388748,-0.5564476190476191,0.0,0.761432829849928,-0.0,1,5106,99
8700.0,4.0,2175.0,1800.0,2500.0,700.0,0.28735632183908044,0.20689655172413793,0.25,326.9174207655505,0.0,0.0,0.0,0.0,0.0,0.0,0.0,0.0,35.0,4537.142857142857,3.2857142857142856,0.28695652173913044,0.02857142857142857,0.8248931239388748,-0.5564476190476191,0.0,0.761432829849928,-0.0,0,5106,99
8700.0,4.0,2175.0,1800.0,2500.0,700.0,0.28735632183908044,0.20689655172413793,0.25,326.9174207655505,0.0,0.0,0.0,0.0,0.0,0.0,0.0,0.0,35.0,4537.142857142857,3.2857142857142856,0.28695652173913044,0.02857142857142857,0.8248931239388748,-0.5564476190476191,0.0,0.761432829849928,-0.0,0,5106,99
8700.0,4.0,2175.0,1800.0,2500.0,700.0,0.28735632183908044,0.20689655172413793,0.25,326.9174207655505,0.0,0.0,0.0,0.0,0.0,0.0,0.0,0.0,35.0,4537.142857142857,3.2857142857142856,0.28695652173913044,0.02857142857142857,0.8248931239388748,-0.5564476190476191,0.0,0.761432829849928,-0.0,0,5106,99
8700.0,4.0,2175.0,1800.0,2500.0,700.0,0.28735632183908044,0.20689655172413793,0.25,326.9174207655505,0.0,0.0,0.0,0.0,0.0,0.0,0.0,0.0,35.0,4537.142857142857,3.2857142857142856,0.28695652173913044,0.02857142857142857,0.8248931239388748,-0.5564476190476191,0.0,0.761432829849928,-0.0,0,5106,99
8700.0,4.0,2175.0,1800.0,2500.0,700.0,0.28735632183908044,0.20689655172413793,0.25,326.9174207655505,0.0,0.0,0.0,0.0,0.0,0.0,0.0,0.0,35.0,4537.142857142857,3.2857142857142856,0.28695652173913044,0.02857142857142857,0.8248931239388748,-0.5564476190476191,0.0,0.761432829849928,-0.0,0,5106,99
8700.0,4.0,2175.0,1800.0,2500.0,700.0,0.28735632183908044,0.20689655172413793,0.25,326.9174207655505,0.0,0.0,0.0,0.0,0.0,0.0,0.0,0.0,35.0,4537.142857142857,3.2857142857142856,0.28695652173913044,0.02857142857142857,0.8248931239388748,-0.5564476190476191,0.0,0.761432829849928,-0.0,0,5106,99
8700.0,4.0,2175.0,1800.0,2500.0,700.0,0.28735632183908044,0.20689655172413793,0.25,326.9174207655505,0.0,0.0,0.0,0.0,0.0,0.0,0.0,0.0,35.0,4537.142857142857,3.2857142857142856,0.28695652173913044,0.02857142857142857,0.8248931239388748,-0.5564476190476191,0.0,0.761432829849928,-0.0,0,5106,99
8700.0,4.0,2175.0,1800.0,2500.0,700.0,0.28735632183908044,0.20689655172413793,0.25,326.9174207655505,0.0,0.0,0.0,0.0,0.0,0.0,0.0,0.0,35.0,4537.142857142857,3.2857142857142856,0.28695652173913044,0.02857142857142857,0.8248931239388748,-0.5564476190476191,0.0,0.761432829849928,-0.0,0,5106,99
6700.0,4.0,1675.0,500.0,3000.0,2500.0,0.44776119402985076,0.07462686567164178,0.25,1134.4051304538427,0.0,0.0,0.0,0.0,0.0,0.0,0.0,0.0,35.0,4537.142857142857,3.2857142857142856,0.28695652173913044,0.02857142857142857,0.8248931239388748,-0.5564476190476191,0.0,1.1864714542736192,-0.0,0,5107,99
6700.0,4.0,1675.0,500.0,3000.0,2500.0,0.44776119402985076,0.07462686567164178,0.25,1134.4051304538427,0.0,0.0,0.0,0.0,0.0,0.0,0.0,0.0,35.0,4537.142857142857,3.2857142857142856,0.28695652173913044,0.02857142857142857,0.8248931239388748,-0.5564476190476191,0.0,1.1864714542736192,-0.0,0,5107,99
6700.0,4.0,1675.0,500.0,3000.0,2500.0,0.44776119402985076,0.07462686567164178,0.25,1134.4051304538427,0.0,0.0,0.0,0.0,0.0,0.0,0.0,0.0,35.0,4537.142857142857,3.2857142857142856,0.28695652173913044,0.02857142857142857,0.8248931239388748,-0.5564476190476191,0.0,1.1864714542736192,-0.0,0,5107,99
6700.0,4.0,1675.0,500.0,3000.0,2500.0,0.44776119402985076,0.07462686567164178,0.25,1134.4051304538427,0.0,0.0,0.0,0.0,0.0,0.0,0.0,0.0,35.0,4537.142857142857,3.2857142857142856,0.28695652173913044,0.02857142857142857,0.8248931239388748,-0.5564476190476191,0.0,1.1864714542736192,-0.0,0,5107,99
6700.0,3.0,2233.3333333333335,1800.0,3000.0,1200.0,0.44776119402985076,0.26865671641791045,0.33333333333333337,543.6502143433363,0.0,0.0,0.0,0.0,0.0,0.0,0.0,0.0,35.0,4537.142857142857,3.2857142857142856,0.28695652173913044,0.02857142857142857,0.8248931239388748,-0.5564476190476191,0.0,1.1864714542736192,-0.0,0,5107,99
6700.0,4.0,1675.0,500.0,2800.0,2300.0,0.417910447761194,0.07462686567164178,0.25,1125.555418449043,0.0,0.0,0.0,0.0,0.0,0.0,0.0,0.0,35.0,4537.142857142857,3.2857142857142856,0.28695652173913044,0.02857142857142857,0.8248931239388748,-0.5564476190476191,0.0,1.1073733573220446,-0.0,0,5107,99
6700.0,4.0,1675.0,500.0,2800.0,2300.0,0.417910447761194,0.07462686567164178,0.25,1125.555418449043,0.0,0.0,0.0,0.0,0.0,0.0,0.0,0.0,35.0,4537.142857142857,3.2857142857142856,0.28695652173913044,0.02857142857142857,0.8248931239388748,-0.5564476190476191,0.0,1.1073733573220446,-0.0,0,5107,99
6700.0,5.0,1340.0,500.0,2800.0,2300.0,0.417910447761194,0.07462686567164178,0.2,861.6263691415206,0.0,0.0,0.0,0.0,0.0,0.0,0.0,0.0,35.0,4537.142857142857,3.2857142857142856,0.28695652173913044,0.02857142857142857,0.8248931239388748,-0.5564476190476191,0.0,1.1073733573220446,-0.0,0,5107,99
6700.0,5.0,1340.0,500.0,2800.0,2300.0,0.417910447761194,0.07462686567164178,0.2,861.6263691415206,0.0,0.0,0.0,0.0,0.0,0.0,0.0,0.0,35.0,4537.142857142857,3.2857142857142856,0.28695652173913044,0.02857142857142857,0.8248931239388748,-0.5564476190476191,0.0,1.1073733573220446,-0.0,0,5107,99
6700.0,5.0,1340.0,500.0,2800.0,2300.0,0.417910447761194,0.07462686567164178,0.2,861.6263691415206,0.0,0.0,0.0,0.0,0.0,0.0,0.0,0.0,35.0,4537.142857142857,3.2857142857142856,0.28695652173913044,0.02857142857142857,0.8248931239388748,-0.5564476190476191,0.0,1.1073733573220446,-0.0,0,5107,99
6700.0,5.0,1340.0,500.0,2800.0,2300.0,0.417910447761194,0.07462686567164178,0.2,861.6263691415206,0.0,0.0,0.0,0.0,0.0,0.0,0.0,0.0,35.0,4537.142857142857,3.2857142857142856,0.28695652173913044,0.02857142857142857,0.8248931239388748,-0.5564476190476191,0.0,1.1073733573220446,-0.0,1,5107,99
6700.0,4.0,1675.0,500.0,2600.0,2100.0,0.3880597014925373,0.07462686567164178,0.25,941.7404100918682,0.0,0.0,0.0,0.0,0.0,0.0,0.0,0.0,35.0,4537.142857142857,3.2857142857142856,0.28695652173913044,0.02857142857142857,0.8248931239388748,-0.5564476190476191,0.0,1.0282752603704701,-0.0,0,5107,99
6700.0,5.0,1340.0,600.0,2600.0,2000.0,0.3880597014925373,0.08955223880597014,0.2,788.9233169326408,0.0,0.0,0.0,0.0,0.0,0.0,0.0,0.0,35.0,4537.142857142857,3.2857142857142856,0.28695652173913044,0.02857142857142857,0.8248931239388748,-0.5564476190476191,0.0,1.0282752603704701,-0.0,0,5107,99
6700.0,5.0,1340.0,600.0,2600.0,2000.0,0.3880597014925373,0.08955223880597014,0.2,788.9233169326408,0.0,0.0,0.0,0.0,0.0,0.0,0.0,0.0,35.0,4537.142857142857,3.2857142857142856,0.28695652173913044,0.02857142857142857,0.8248931239388748,-0.5564476190476191,0.0,1.0282752603704701,-0.0,0,5107,99
5900.0,3.0,1966.6666666666667,1300.0,2700.0,1400.0,0.4576271186440678,0.22033898305084745,0.33333333333333337,573.4883511361752,1.0,0.3333333333333333,0.3333333333333333,1.0,9.0,0.0,9.0,6.0,35.0,4537.142857142857,3.2857142857142856,0.28695652173913044,0.02857142857142857,0.8248931239388748,-0.5564476190476191,0.35238095238095235,1.2126140456389702,-0.006773714285714289,1,5108,99
5900.0,4.0,1475.0,900.0,2400.0,1500.0,0.4067796610169492,0.15254237288135594,0.25,576.0859310901457,0.0,0.0,0.0,0.0,52.0,23.0,29.0,39.75,35.0,4537.142857142857,3.2857142857142856,0.28695652173913044,0.02857142857142857,0.8248931239388748,-0.5564476190476191,0.0,1.0778791516790847,-0.04487585714285717,0,5108,99
4000.0,4.0,1000.0,200.0,2900.0,2700.0,0.725,0.05,0.25,1106.7971810589327,0.0,0.0,0.0,0.0,0.0,0.0,0.0,0.0,35.0,4537.142857142857,3.2857142857142856,0.28695652173913044,0.02857142857142857,0.8248931239388748,-0.5564476190476191,0.0,1.9210950297113685,-0.0,1,5109,99
4000.0,3.0,1333.3333333333333,100.0,2400.0,2300.0,0.6,0.025,0.3333333333333333,946.3379711052261,0.0,0.0,0.0,0.0,0.0,0.0,0.0,0.0,35.0,4537.142857142857,3.2857142857142856,0.28695652173913044,0.02857142857142857,0.8248931239388748,-0.5564476190476191,0.0,1.5898717487266498,-0.0,0,5109,99
4000.0,3.0,1333.3333333333333,200.0,2400.0,2200.0,0.6,0.05,0.3333333333333333,899.3825042154695,0.0,0.0,0.0,0.0,0.0,0.0,0.0,0.0,35.0,4537.142857142857,3.2857142857142856,0.28695652173913044,0.02857142857142857,0.8248931239388748,-0.5564476190476191,0.0,1.5898717487266498,-0.0,0,5109,99
4000.0,4.0,1000.0,100.0,2100.0,2000.0,0.525,0.025,0.25,830.6623862918075,0.0,0.0,0.0,0.0,0.0,0.0,0.0,0.0,35.0,4537.142857142857,3.2857142857142856,0.28695652173913044,0.02857142857142857,0.8248931239388748,-0.5564476190476191,0.0,1.3911377801358187,-0.0,0,5109,99
4000.0,4.0,1000.0,200.0,2100.0,1900.0,0.525,0.05,0.25,790.5694150420949,0.0,0.0,0.0,0.0,0.0,0.0,0.0,0.0,35.0,4537.142857142857,3.2857142857142856,0.28695652173913044,0.02857142857142857,0.8248931239388748,-0.5564476190476191,0.0,1.3911377801358187,-0.0,0,5109,99
4000.0,5.0,800.0,200.0,1500.0,1300.0,0.375,0.05,0.2,547.7225575051662,0.0,0.0,0.0,0.0,0.0,0.0,0.0,0.0,35.0,4537.142857142857,3.2857142857142856,0.28695652173913044,0.02857142857142857,0.8248931239388748,-0.5564476190476191,0.0,0.9936698429541562,-0.0,0,5109,99
5600.0,3.0,1866.6666666666667,400.0,2900.0,2500.0,0.5178571428571429,0.07142857142857142,0.33333333333333337,1065.6244908763854,0.0,0.0,0.0,0.0,4.0,0.0,4.0,1.3333333333333333,35.0,4537.142857142857,3.2857142857142856,0.28695652173913044,0.02857142857142857,0.8248931239388748,-0.5564476190476191,0.0,1.3722107355081206,-0.001505269841269842,0,5110,99
5600.0,3.0,1866.6666666666667,400.0,2900.0,2500.0,0.5178571428571429,0.07142857142857142,0.33333333333333337,1065.6244908763854,0.0,0.0,0.0,0.0,0.0,0.0,0.0,0.0,35.0,4537.142857142857,3.2857142857142856,0.28695652173913044,0.02857142857142857,0.8248931239388748,-0.5564476190476191,0.0,1.3722107355081206,-0.0,0,5110,99
5600.0,4.0,1400.0,300.0,2900.0,2600.0,0.5178571428571429,0.05357142857142857,0.25,1135.7816691600547,0.0,0.0,0.0,0.0,0.0,0.0,0.0,0.0,35.0,4537.142857142857,3.2857142857142856,0.28695652173913044,0.02857142857142857,0.8248931239388748,-0.5564476190476191,0.0,1.3722107355081206,-0.0,0,5110,99
5600.0,4.0,1400.0,300.0,2900.0,2600.0,0.5178571428571429,0.05357142857142857,0.25,1135.7816691600547,0.0,0.0,0.0,0.0,0.0,0.0,0.0,0.0,35.0,4537.142857142857,3.2857142857142856,0.28695652173913044,0.02857142857142857,0.8248931239388748,-0.5564476190476191,0.0,1.3722107355081206,-0.0,0,5110,99
5600.0,4.0,1400.0,300.0,2900.0,2600.0,0.5178571428571429,0.05357142857142857,0.25,1135.7816691600547,0.0,0.0,0.0,0.0,0.0,0.0,0.0,0.0,35.0,4537.142857142857,3.2857142857142856,0.28695652173913044,0.02857142857142857,0.8248931239388748,-0.5564476190476191,0.0,1.3722107355081206,-0.0,1,5110,99
5600.0,4.0,1400.0,300.0,2900.0,2600.0,0.5178571428571429,0.05357142857142857,0.25,1135.7816691600547,0.0,0.0,0.0,0.0,0.0,0.0,0.0,0.0,35.0,4537.142857142857,3.2857142857142856,0.28695652173913044,0.02857142857142857,0.8248931239388748,-0.5564476190476191,0.0,1.3722107355081206,-0.0,0,5110,99
5600.0,4.0,1400.0,300.0,2900.0,2600.0,0.5178571428571429,0.05357142857142857,0.25,1135.7816691600547,0.0,0.0,0.0,0.0,0.0,0.0,0.0,0.0,35.0,4537.142857142857,3.2857142857142856,0.28695652173913044,0.02857142857142857,0.8248931239388748,-0.5564476190476191,0.0,1.3722107355081206,-0.0,0,5110,99
5600.0,4.0,1400.0,300.0,2900.0,2600.0,0.5178571428571429,0.05357142857142857,0.25,1135.7816691600547,0.0,0.0,0.0,0.0,0.0,0.0,0.0,0.0,35.0,4537.142857142857,3.2857142857142856,0.28695652173913044,0.02857142857142857,0.8248931239388748,-0.5564476190476191,0.0,1.3722107355081206,-0.0,0,5110,99
5600.0,4.0,1400.0,300.0,2900.0,2600.0,0.5178571428571429,0.05357142857142857,0.25,1097.7249200050073,0.0,0.0,0.0,0.0,4.0,0.0,4.0,1.0,35.0,4537.142857142857,3.2857142857142856,0.28695652173913044,0.02857142857142857,0.8248931239388748,-0.5564476190476191,0.0,1.3722107355081206,-0.0011289523809523815,0,5110,99
5600.0,4.0,1400.0,300.0,2900.0,2600.0,0.5178571428571429,0.05357142857142857,0.25,1097.7249200050073,0.0,0.0,0.0,0.0,4.0,0.0,4.0,1.0,35.0,4537.142857142857,3.2857142857142856,0.28695652173913044,0.02857142857142857,0.8248931239388748,-0.5564476190476191,0.0,1.3722107355081206,-0.0011289523809523815,0,5110,99
5600.0,4.0,1400.0,300.0,2900.0,2600.0,0.5178571428571429,0.05357142857142857,0.25,1097.7249200050073,0.0,0.0,0.0,0.0,4.0,0.0,4.0,1.0,35.0,4537.142857142857,3.2857142857142856,0.28695652173913044,0.02857142857142857,0.8248931239388748,-0.5564476190476191,0.0,1.3722107355081206,-0.0011289523809523815,0,5110,99
5600.0,4.0,1400.0,300.0,2900.0,2600.0,0.5178571428571429,0.05357142857142857,0.25,1097.7249200050073,0.0,0.0,0.0,0.0,0.0,0.0,0.0,0.0,35.0,4537.142857142857,3.2857142857142856,0.28695652173913044,0.02857142857142857,0.8248931239388748,-0.5564476190476191,0.0,1.3722107355081206,-0.0,0,5110,99
5600.0,4.0,1400.0,300.0,2900.0,2600.0,0.5178571428571429,0.05357142857142857,0.25,1097.7249200050073,0.0,0.0,0.0,0.0,0.0,0.0,0.0,0.0,35.0,4537.142857142857,3.2857142857142856,0.28695652173913044,0.02857142857142857,0.8248931239388748,-0.5564476190476191,0.0,1.3722107355081206,-0.0,0,5110,99
5600.0,4.0,1400.0,300.0,2900.0,2600.0,0.5178571428571429,0.05357142857142857,0.25,1097.7249200050073,0.0,0.0,0.0,0.0,0.0,0.0,0.0,0.0,35.0,4537.142857142857,3.2857142857142856,0.28695652173913044,0.02857142857142857,0.8248931239388748,-0.5564476190476191,0.0,1.3722107355081206,-0.0,0,5110,99
5600.0,6.0,933.3333333333334,300.0,2900.0,2600.0,0.5178571428571429,0.05357142857142857,0.16666666666666669,946.337971105226,0.0,0.0,0.0,0.0,4.0,0.0,4.0,0.6666666666666666,35.0,4537.142857142857,3.2857142857142856,0.28695652173913044,0.02857142857142857,0.8248931239388748,-0.5564476190476191,0.0,1.3722107355081206,-0.000752634920634921,0,5110,99
5600.0,6.0,933.3333333333334,300.0,2900.0,2600.0,0.5178571428571429,0.05357142857142857,0.16666666666666669,946.337971105226,0.0,0.0,0.0,0.0,4.0,0.0,4.0,0.6666666666666666,35.0,4537.142857142857,3.2857142857142856,0.28695652173913044,0.02857142857142857,0.8248931239388748,-0.5564476190476191,0.0,1.3722107355081206,-0.000752634920634921,0,5110,99
5600.0,6.0,933.3333333333334,300.0,2900.0,2600.0,0.5178571428571429,0.05357142857142857,0.16666666666666669,946.337971105226,0.0,0.0,0.0,0.0,4.0,0.0,4.0,0.6666666666666666,35.0,4537.142857142857,3.2857142857142856,0.28695652173913044,0.02857142857142857,0.8248931239388748,-0.5564476190476191,0.0,1.3722107355081206,-0.000752634920634921,0,5110,99
5600.0,3.0,1866.6666666666667,1300.0,2300.0,1000.0,0.4107142857142857,0.23214285714285715,0.33333333333333337,418.9935029992178,0.0,0.0,0.0,0.0,0.0,0.0,0.0,0.0,35.0,4537.142857142857,3.2857142857142856,0.28695652173913044,0.02857142857142857,0.8248931239388748,-0.5564476190476191,0.0,1.0883050660926472,-0.0,0,5110,99
5600.0,6.0,933.3333333333334,300.0,2300.0,2000.0,0.4107142857142857,0.05357142857142857,0.16666666666666669,865.3836657164779,0.0,0.0,0.0,0.0,4.0,0.0,4.0,0.6666666666666666,35.0,4537.142857142857,3.2857142857142856,0.28695652173913044,0.02857142857142857,0.8248931239388748,-0.5564476190476191,0.0,1.0883050660926472,-0.000752634920634921,0,5110,99
5600.0,6.0,933.3333333333334,300.0,2300.0,2000.0,0.4107142857142857,0.05357142857142857,0.16666666666666669,865.3836657164779,0.0,0.0,0.0,0.0,0.0,0.0,0.0,0.0,35.0,4537.142857142857,3.2857142857142856,0.28695652173913044,0.02857142857142857,0.8248931239388748,-0.5564476190476191,0.0,1.0883050660926472,-0.0,0,5110,99
5600.0,6.0,933.3333333333334,300.0,2100.0,1800.0,0.375,0.05357142857142857,0.16666666666666669,825.9674462242577,0.0,0.0,0.0,0.0,4.0,0.0,4.0,0.6666666666666666,35.0,4537.142857142857,3.2857142857142856,0.28695652173913044,0.02857142857142857,0.8248931239388748,-0.5564476190476191,0.0,0.9936698429541562,-0.000752634920634921,0,5110,99
5600.0,6.0,933.3333333333334,300.0,2100.0,1800.0,0.375,0.05357142857142857,0.16666666666666669,825.9674462242577,0.0,0.0,0.0,0.0,4.0,0.0,4.0,0.6666666666666666,35.0,4537.142857142857,3.2857142857142856,0.28695652173913044,0.02857142857142857,0.8248931239388748,-0.5564476190476191,0.0,0.9936698429541562,-0.000752634920634921,0,5110,99
5600.0,6.0,933.3333333333334,300.0,2100.0,1800.0,0.375,0.05357142857142857,0.16666666666666669,825.9674462242577,0.0,0.0,0.0,0.0,4.0,0.0,4.0,0.6666666666666666,35.0,4537.142857142857,3.2857142857142856,0.28695652173913044,0.02857142857142857,0.8248931239388748,-0.5564476190476191,0.0,0.9936698429541562,-0.000752634920634921,0,5110,99
5600.0,3.0,1866.6666666666667,1500.0,2100.0,600.0,0.375,0.26785714285714285,0.33333333333333337,262.46692913372704,0.0,0.0,0.0,0.0,0.0,0.0,0.0,0.0,35.0,4537.142857142857,3.2857142857142856,0.28695652173913044,0.02857142857142857,0.8248931239388748,-0.5564476190476191,0.0,0.9936698429541562,-0.0,0,5110,99
5600.0,5.0,1120.0,300.0,2100.0,1800.0,0.375,0.05357142857142857,0.2,682.3488843692792,0.0,0.0,0.0,0.0,4.0,0.0,4.0,0.8,35.0,4537.142857142857,3.2857142857142856,0.28695652173913044,0.02857142857142857,0.8248931239388748,-0.5564476190476191,0.0,0.9936698429541562,-0.0009031619047619052,0,5110,99
5600.0,5.0,1120.0,300.0,2100.0,1800.0,0.375,0.05357142857142857,0.2,682.3488843692792,0.0,0.0,0.0,0.0,4.0,0.0,4.0,0.8,35.0,4537.142857142857,3.2857142857142856,0.28695652173913044,0.02857142857142857,0.8248931239388748,-0.5564476190476191,0.0,0.9936698429541562,-0.0009031619047619052,0,5110,99
5600.0,5.0,1120.0,300.0,2100.0,1800.0,0.375,0.05357142857142857,0.2,682.3488843692792,0.0,0.0,0.0,0.0,4.0,0.0,4.0,0.8,35.0,4537.142857142857,3.2857142857142856,0.28695652173913044,0.02857142857142857,0.8248931239388748,-0.5564476190476191,0.0,0.9936698429541562,-0.0009031619047619052,0,5110,99
5600.0,5.0,1120.0,300.0,2100.0,1800.0,0.375,0.05357142857142857,0.2,682.3488843692792,0.0,0.0,0.0,0.0,0.0,0.0,0.0,0.0,35.0,4537.142857142857,3.2857142857142856,0.28695652173913044,0.02857142857142857,0.8248931239388748,-0.5564476190476191,0.0,0.9936698429541562,-0.0,0,5110,99
5600.0,5.0,1120.0,300.0,2100.0,1800.0,0.375,0.05357142857142857,0.2,682.3488843692792,0.0,0.0,0.0,0.0,0.0,0.0,0.0,0.0,35.0,4537.142857142857,3.2857142857142856,0.28695652173913044,0.02857142857142857,0.8248931239388748,-0.5564476190476191,0.0,0.9936698429541562,-0.0,0,5110,99
5600.0,5.0,1120.0,300.0,2100.0,1800.0,0.375,0.05357142857142857,0.2,682.3488843692792,0.0,0.0,0.0,0.0,0.0,0.0,0.0,0.0,35.0,4537.142857142857,3.2857142857142856,0.28695652173913044,0.02857142857142857,0.8248931239388748,-0.5564476190476191,0.0,0.9936698429541562,-0.0,0,5110,99
5600.0,3.0,1866.6666666666667,1500.0,2100.0,600.0,0.375,0.26785714285714285,0.33333333333333337,262.46692913372704,0.0,0.0,0.0,0.0,0.0,0.0,0.0,0.0,35.0,4537.142857142857,3.2857142857142856,0.28695652173913044,0.02857142857142857,0.8248931239388748,-0.5564476190476191,0.0,0.9936698429541562,-0.0,0,5110,99
5600.0,5.0,1120.0,300.0,2100.0,1800.0,0.375,0.05357142857142857,0.2,682.3488843692792,0.0,0.0,0.0,0.0,4.0,0.0,4.0,0.8,35.0,4537.142857142857,3.2857142857142856,0.28695652173913044,0.02857142857142857,0.8248931239388748,-0.5564476190476191,0.0,0.9936698429541562,-0.0009031619047619052,0,5110,99
5600.0,5.0,1120.0,300.0,2100.0,1800.0,0.375,0.05357142857142857,0.2,682.3488843692792,0.0,0.0,0.0,0.0,4.0,0.0,4.0,0.8,35.0,4537.142857142857,3.2857142857142856,0.28695652173913044,0.02857142857142857,0.8248931239388748,-0.5564476190476191,0.0,0.9936698429541562,-0.0009031619047619052,0,5110,99
5600.0,5.0,1120.0,300.0,2100.0,1800.0,0.375,0.05357142857142857,0.2,682.3488843692792,0.0,0.0,0.0,0.0,4.0,0.0,4.0,0.8,35.0,4537.142857142857,3.2857142857142856,0.28695652173913044,0.02857142857142857,0.8248931239388748,-0.5564476190476191,0.0,0.9936698429541562,-0.0009031619047619052,0,5110,99
5600.0,5.0,1120.0,300.0,2100.0,1800.0,0.375,0.05357142857142857,0.2,682.3488843692792,0.0,0.0,0.0,0.0,0.0,0.0,0.0,0.0,35.0,4537.142857142857,3.2857142857142856,0.28695652173913044,0.02857142857142857,0.8248931239388748,-0.5564476190476191,0.0,0.9936698429541562,-0.0,0,5110,99
5600.0,5.0,1120.0,300.0,2100.0,1800.0,0.375,0.05357142857142857,0.2,682.3488843692792,0.0,0.0,0.0,0.0,0.0,0.0,0.0,0.0,35.0,4537.142857142857,3.2857142857142856,0.28695652173913044,0.02857142857142857,0.8248931239388748,-0.5564476190476191,0.0,0.9936698429541562,-0.0,0,5110,99
5600.0,5.0,1120.0,300.0,2100.0,1800.0,0.375,0.05357142857142857,0.2,682.3488843692792,0.0,0.0,0.0,0.0,0.0,0.0,0.0,0.0,35.0,4537.142857142857,3.2857142857142856,0.28695652173913044,0.02857142857142857,0.8248931239388748,-0.5564476190476191,0.0,0.9936698429541562,-0.0,0,5110,99
5600.0,5.0,1120.0,400.0,2000.0,1600.0,0.35714285714285715,0.07142857142857142,0.2,630.5553108173779,0.0,0.0,0.0,0.0,4.0,0.0,4.0,0.8,35.0,4537.142857142857,3.2857142857142856,0.28695652173913044,0.02857142857142857,0.8248931239388748,-0.5564476190476191,0.0,0.9463522313849106,-0.0009031619047619052,0,5110,99
5300.0,4.0,1325.0,200.0,2500.0,2300.0,0.4716981132075472,0.03773584905660377,0.25,1077.903056865505,0.0,0.0,0.0,0.0,0.0,0.0,0.0,0.0,35.0,4537.142857142857,3.2857142857142856,0.28695652173913044,0.02857142857142857,0.8248931239388748,-0.5564476190476191,0.0,1.2498991735272404,-0.0,0,5111,99
5300.0,5.0,1060.0,100.0,2500.0,2400.0,0.4716981132075472,0.018867924528301886,0.2,1098.3624174196784,0.0,0.0,0.0,0.0,0.0,0.0,0.0,0.0,35.0,4537.142857142857,3.2857142857142856,0.28695652173913044,0.02857142857142857,0.8248931239388748,-0.5564476190476191,0.0,1.2498991735272404,-0.0,0,5111,99
5300.0,6.0,883.3333333333334,100.0,2500.0,2400.0,0.4716981132075472,0.018867924528301886,0.16666666666666669,1010.6378623863686,0.0,0.0,0.0,0.0,0.0,0.0,0.0,0.0,35.0,4537.142857142857,3.2857142857142856,0.28695652173913044,0.02857142857142857,0.8248931239388748,-0.5564476190476191,0.0,1.2498991735272404,-0.0,0,5111,99
5300.0,3.0,1766.6666666666667,1600.0,2000.0,400.0,0.37735849056603776,0.3018867924528302,0.33333333333333337,169.96731711975949,0.0,0.0,0.0,0.0,0.0,0.0,0.0,0.0,35.0,4537.142857142857,3.2857142857142856,0.28695652173913044,0.02857142857142857,0.8248931239388748,-0.5564476190476191,0.0,0.9999193388217924,-0.0,0,5111,99
5300.0,3.0,1766.6666666666667,1600.0,2000.0,400.0,0.37735849056603776,0.3018867924528302,0.33333333333333337,169.96731711975949,0.0,0.0,0.0,0.0,0.0,0.0,0.0,0.0,35.0,4537.142857142857,3.2857142857142856,0.28695652173913044,0.02857142857142857,0.8248931239388748,-0.5564476190476191,0.0,0.9999193388217924,-0.0,0,5111,99
5300.0,4.0,1325.0,100.0,1800.0,1700.0,0.33962264150943394,0.018867924528301886,0.25,708.4313657652377,0.0,0.0,0.0,0.0,0.0,0.0,0.0,0.0,35.0,4537.142857142857,3.2857142857142856,0.28695652173913044,0.02857142857142857,0.8248931239388748,-0.5564476190476191,0.0,0.899927404939613,-0.0,0,5111,99
5300.0,4.0,1325.0,100.0,1800.0,1700.0,0.33962264150943394,0.018867924528301886,0.25,708.4313657652377,0.0,0.0,0.0,0.0,0.0,0.0,0.0,0.0,35.0,4537.142857142857,3.2857142857142856,0.28695652173913044,0.02857142857142857,0.8248931239388748,-0.5564476190476191,0.0,0.899927404939613,-0.0,0,5111,99
5300.0,4.0,1325.0,200.0,1800.0,1600.0,0.33962264150943394,0.03773584905660377,0.25,653.356717268599,0.0,0.0,0.0,0.0,0.0,0.0,0.0,0.0,35.0,4537.142857142857,3.2857142857142856,0.28695652173913044,0.02857142857142857,0.8248931239388748,-0.5564476190476191,0.0,0.899927404939613,-0.0,0,5111,99
5300.0,5.0,1060.0,100.0,1800.0,1700.0,0.33962264150943394,0.018867924528301886,0.2,786.3841300535,0.0,0.0,0.0,0.0,0.0,0.0,0.0,0.0,35.0,4537.142857142857,3.2857142857142856,0.28695652173913044,0.02857142857142857,0.8248931239388748,-0.5564476190476191,0.0,0.899927404939613,-0.0,0,5111,99
5300.0,4.0,1325.0,200.0,1800.0,1600.0,0.33962264150943394,0.03773584905660377,0.25,653.356717268599,0.0,0.0,0.0,0.0,0.0,0.0,0.0,0.0,35.0,4537.142857142857,3.2857142857142856,0.28695652173913044,0.02857142857142857,0.8248931239388748,-0.5564476190476191,0.0,0.899927404939613,-0.0,0,5111,99
5300.0,5.0,1060.0,100.0,1800.0,1700.0,0.33962264150943394,0.018867924528301886,0.2,786.3841300535,0.0,0.0,0.0,0.0,0.0,0.0,0.0,0.0,35.0,4537.142857142857,3.2857142857142856,0.28695652173913044,0.02857142857142857,0.8248931239388748,-0.5564476190476191,0.0,0.899927404939613,-0.0,1,5111,99
5300.0,4.0,1325.0,300.0,1700.0,1400.0,0.32075471698113206,0.05660377358490566,0.25,593.1905258852336,0.0,0.0,0.0,0.0,0.0,0.0,0.0,0.0,35.0,4537.142857142857,3.2857142857142856,0.28695652173913044,0.02857142857142857,0.8248931239388748,-0.5564476190476191,0.0,0.8499314379985234,-0.0,0,5111,99
5300.0,5.0,1060.0,100.0,1700.0,1600.0,0.32075471698113206,0.018867924528301886,0.2,744.5804187594514,0.0,0.0,0.0,0.0,0.0,0.0,0.0,0.0,35.0,4537.142857142857,3.2857142857142856,0.28695652173913044,0.02857142857142857,0.8248931239388748,-0.5564476190476191,0.0,0.8499314379985234,-0.0,0,5111,99
5300.0,5.0,1060.0,100.0,1700.0,1600.0,0.32075471698113206,0.018867924528301886,0.2,744.5804187594514,0.0,0.0,0.0,0.0,0.0,0.0,0.0,0.0,35.0,4537.142857142857,3.2857142857142856,0.28695652173913044,0.02857142857142857,0.8248931239388748,-0.5564476190476191,0.0,0.8499314379985234,-0.0,0,5111,99
5200.0,3.0,1733.3333333333333,1100.0,2400.0,1300.0,0.46153846153846156,0.21153846153846154,0.3333333333333333,531.2459150169743,0.0,0.0,0.0,0.0,23.0,0.0,23.0,14.0,35.0,4537.142857142857,3.2857142857142856,0.28695652173913044,0.02857142857142857,0.8248931239388748,-0.5564476190476191,0.0,1.222978268251269,-0.015805333333333345,0,5112,99
5200.0,3.0,1733.3333333333333,1100.0,2400.0,1300.0,0.46153846153846156,0.21153846153846154,0.3333333333333333,531.2459150169743,0.0,0.0,0.0,0.0,23.0,0.0,23.0,7.666666666666667,35.0,4537.142857142857,3.2857142857142856,0.28695652173913044,0.02857142857142857,0.8248931239388748,-0.5564476190476191,0.0,1.222978268251269,-0.008655301587301593,0,5112,99
5200.0,5.0,1040.0,600.0,1700.0,1100.0,0.3269230769230769,0.11538461538461539,0.2,366.6060555964672,0.0,0.0,0.0,0.0,23.0,0.0,23.0,6.8,35.0,4537.142857142857,3.2857142857142856,0.28695652173913044,0.02857142857142857,0.8248931239388748,-0.5564476190476191,0.0,0.866276273344649,-0.007676876190476196,1,5112,99
5000.0,4.0,1250.0,100.0,2200.0,2100.0,0.44,0.02,0.25,813.9410298049853,0.0,0.0,0.0,0.0,0.0,0.0,0.0,0.0,35.0,4537.142857142857,3.2857142857142856,0.28695652173913044,0.02857142857142857,0.8248931239388748,-0.5564476190476191,0.0,1.1659059490662098,-0.0,0,5113,99
5000.0,4.0,1250.0,600.0,2200.0,1600.0,0.44,0.12,0.25,622.4949798994367,0.0,0.0,0.0,0.0,0.0,0.0,0.0,0.0,35.0,4537.142857142857,3.2857142857142856,0.28695652173913044,0.02857142857142857,0.8248931239388748,-0.5564476190476191,0.0,1.1659059490662098,-0.0,0,5113,99
5000.0,4.0,1250.0,600.0,2200.0,1600.0,0.44,0.12,0.25,622.4949798994367,0.0,0.0,0.0,0.0,0.0,0.0,0.0,0.0,35.0,4537.142857142857,3.2857142857142856,0.28695652173913044,0.02857142857142857,0.8248931239388748,-0.5564476190476191,0.0,1.1659059490662098,-0.0,0,5113,99
5000.0,4.0,1250.0,600.0,2200.0,1600.0,0.44,0.12,0.25,622.4949798994367,0.0,0.0,0.0,0.0,0.0,0.0,0.0,0.0,35.0,4537.142857142857,3.2857142857142856,0.28695652173913044,0.02857142857142857,0.8248931239388748,-0.5564476190476191,0.0,1.1659059490662098,-0.0,0,5113,99
5000.0,5.0,1000.0,100.0,2200.0,2100.0,0.44,0.02,0.2,701.4271166700073,0.0,0.0,0.0,0.0,0.0,0.0,0.0,0.0,35.0,4537.142857142857,3.2857142857142856,0.28695652173913044,0.02857142857142857,0.8248931239388748,-0.5564476190476191,0.0,1.1659059490662098,-0.0,0,5113,99
5000.0,4.0,1250.0,800.0,2200.0,1400.0,0.44,0.16,0.25,572.2761571129798,0.0,0.0,0.0,0.0,0.0,0.0,0.0,0.0,35.0,4537.142857142857,3.2857142857142856,0.28695652173913044,0.02857142857142857,0.8248931239388748,-0.5564476190476191,0.0,1.1659059490662098,-0.0,0,5113,99
5000.0,4.0,1250.0,800.0,2200.0,1400.0,0.44,0.16,0.25,572.2761571129798,0.0,0.0,0.0,0.0,0.0,0.0,0.0,0.0,35.0,4537.142857142857,3.2857142857142856,0.28695652173913044,0.02857142857142857,0.8248931239388748,-0.5564476190476191,0.0,1.1659059490662098,-0.0,1,5113,99
5000.0,4.0,1250.0,800.0,2200.0,1400.0,0.44,0.16,0.25,572.2761571129798,0.0,0.0,0.0,0.0,0.0,0.0,0.0,0.0,35.0,4537.142857142857,3.2857142857142856,0.28695652173913044,0.02857142857142857,0.8248931239388748,-0.5564476190476191,0.0,1.1659059490662098,-0.0,0,5113,99
5000.0,4.0,1250.0,600.0,1800.0,1200.0,0.36,0.12,0.25,433.0127018922193,0.0,0.0,0.0,0.0,0.0,0.0,0.0,0.0,35.0,4537.142857142857,3.2857142857142856,0.28695652173913044,0.02857142857142857,0.8248931239388748,-0.5564476190476191,0.0,0.9539230492359898,-0.0,0,5113,99
5000.0,5.0,1000.0,100.0,1800.0,1700.0,0.36,0.02,0.2,576.1944116355173,0.0,0.0,0.0,0.0,0.0,0.0,0.0,0.0,35.0,4537.142857142857,3.2857142857142856,0.28695652173913044,0.02857142857142857,0.8248931239388748,-0.5564476190476191,0.0,0.9539230492359898,-0.0,0,5113,99
5000.0,5.0,1000.0,100.0,1800.0,1700.0,0.36,0.02,0.2,576.1944116355173,0.0,0.0,0.0,0.0,0.0,0.0,0.0,0.0,35.0,4537.142857142857,3.2857142857142856,0.28695652173913044,0.02857142857142857,0.8248931239388748,-0.5564476190476191,0.0,0.9539230492359898,-0.0,0,5113,99
5000.0,5.0,1000.0,100.0,1800.0,1700.0,0.36,0.02,0.2,576.1944116355173,0.0,0.0,0.0,0.0,0.0,0.0,0.0,0.0,35.0,4537.142857142857,3.2857142857142856,0.28695652173913044,0.02857142857142857,0.8248931239388748,-0.5564476190476191,0.0,0.9539230492359898,-0.0,0,5113,99
5000.0,6.0,833.3333333333334,100.0,1800.0,1700.0,0.36,0.02,0.16666666666666669,505.52502960343674,0.0,0.0,0.0,0.0,0.0,0.0,0.0,0.0,35.0,4537.142857142857,3.2857142857142856,0.28695652173913044,0.02857142857142857,0.8248931239388748,-0.5564476190476191,0.0,0.9539230492359898,-0.0,0,5113,99
5000.0,6.0,833.3333333333334,100.0,1800.0,1700.0,0.36,0.02,0.16666666666666669,505.52502960343674,0.0,0.0,0.0,0.0,0.0,0.0,0.0,0.0,35.0,4537.142857142857,3.2857142857142856,0.28695652173913044,0.02857142857142857,0.8248931239388748,-0.5564476190476191,0.0,0.9539230492359898,-0.0,0,5113,99
5000.0,6.0,833.3333333333334,100.0,1800.0,1700.0,0.36,0.02,0.16666666666666669,505.52502960343674,0.0,0.0,0.0,0.0,0.0,0.0,0.0,0.0,35.0,4537.142857142857,3.2857142857142856,0.28695652173913044,0.02857142857142857,0.8248931239388748,-0.5564476190476191,0.0,0.9539230492359898,-0.0,0,5113,99
5000.0,6.0,833.3333333333334,100.0,1400.0,1300.0,0.28,0.02,0.16666666666666669,418.99350299921787,0.0,0.0,0.0,0.0,0.0,0.0,0.0,0.0,35.0,4537.142857142857,3.2857142857142856,0.28695652173913044,0.02857142857142857,0.8248931239388748,-0.5564476190476191,0.0,0.74194014940577,-0.0,0,5113,99
5000.0,6.0,833.3333333333334,100.0,1400.0,1300.0,0.28,0.02,0.16666666666666669,418.99350299921787,0.0,0.0,0.0,0.0,0.0,0.0,0.0,0.0,35.0,4537.142857142857,3.2857142857142856,0.28695652173913044,0.02857142857142857,0.8248931239388748,-0.5564476190476191,0.0,0.74194014940577,-0.0,0,5113,99
5000.0,6.0,833.3333333333334,100.0,1400.0,1300.0,0.28,0.02,0.16666666666666669,418.99350299921787,0.0,0.0,0.0,0.0,0.0,0.0,0.0,0.0,35.0,4537.142857142857,3.2857142857142856,0.28695652173913044,0.02857142857142857,0.8248931239388748,-0.5564476190476191,0.0,0.74194014940577,-0.0,0,5113,99
5000.0,5.0,1000.0,800.0,1400.0,600.0,0.28,0.16,0.2,252.98221281347034,0.0,0.0,0.0,0.0,0.0,0.0,0.0,0.0,35.0,4537.142857142857,3.2857142857142856,0.28695652173913044,0.02857142857142857,0.8248931239388748,-0.5564476190476191,0.0,0.74194014940577,-0.0,0,5113,99
4200.0,3.0,1400.0,200.0,2800.0,2600.0,0.6666666666666666,0.047619047619047616,0.3333333333333333,1070.8252269472673,0.0,0.0,0.0,0.0,56.0,0.0,56.0,33.0,35.0,4537.142857142857,3.2857142857142856,0.28695652173913044,0.02857142857142857,0.8248931239388748,-0.5564476190476191,0.0,1.766524165251833,-0.03725542857142859,0,5114,99
4200.0,3.0,1400.0,300.0,2800.0,2500.0,0.6666666666666666,0.07142857142857142,0.3333333333333333,1042.4330514074593,0.0,0.0,0.0,0.0,56.0,0.0,56.0,18.666666666666668,35.0,4537.142857142857,3.2857142857142856,0.28695652173913044,0.02857142857142857,0.8248931239388748,-0.5564476190476191,0.0,1.766524165251833,-0.021073777777777792,1,5114,99
4200.0,4.0,1050.0,100.0,2800.0,2700.0,0.6666666666666666,0.023809523809523808,0.25,1082.8203913853858,0.0,0.0,0.0,0.0,56.0,0.0,56.0,14.0,35.0,4537.142857142857,3.2857142857142856,0.28695652173913044,0.02857142857142857,0.8248931239388748,-0.5564476190476191,0.0,1.766524165251833,-0.015805333333333345,0,5114,99
4200.0,4.0,1050.0,100.0,2800.0,2700.0,0.6666666666666666,0.023809523809523808,0.25,1040.4326023342405,0.0,0.0,0.0,0.0,56.0,0.0,56.0,17.75,35.0,4537.142857142857,3.2857142857142856,0.28695652173913044,0.02857142857142857,0.8248931239388748,-0.5564476190476191,0.0,1.766524165251833,-0.02003890476190477,0,5114,99
4200.0,4.0,1050.0,200.0,2800.0,2600.0,0.6666666666666666,0.047619047619047616,0.25,1033.1989159885911,0.0,0.0,0.0,0.0,56.0,0.0,56.0,17.75,35.0,4537.142857142857,3.2857142857142856,0.28695652173913044,0.02857142857142857,0.8248931239388748,-0.5564476190476191,0.0,1.766524165251833,-0.02003890476190477,0,5114,99
4200.0,5.0,840.0,100.0,2800.0,2700.0,0.6666666666666666,0.023809523809523808,0.2,1009.1580649234292,0.0,0.0,0.0,0.0,56.0,0.0,56.0,14.2,35.0,4537.142857142857,3.2857142857142856,0.28695652173913044,0.02857142857142857,0.8248931239388748,-0.5564476190476191,0.0,1.766524165251833,-0.016031123809523817,0,5114,99
4200.0,5.0,840.0,200.0,2800.0,2600.0,0.6666666666666666,0.047619047619047616,0.2,985.08882848198,0.0,0.0,0.0,0.0,56.0,0.0,56.0,11.2,35.0,4537.142857142857,3.2857142857142856,0.28695652173913044,0.02857142857142857,0.8248931239388748,-0.5564476190476191,0.0,1.766524165251833,-0.012644266666666673,0,5114,99
4200.0,3.0,1400.0,500.0,2500.0,2000.0,0.5952380952380952,0.11904761904761904,0.3333333333333333,828.6535263104035,0.0,0.0,0.0,0.0,63.0,0.0,63.0,35.333333333333336,35.0,4537.142857142857,3.2857142857142856,0.28695652173913044,0.02857142857142857,0.8248931239388748,-0.5564476190476191,0.0,1.577253718974851,-0.03988965079365082,0,5114,99
4200.0,4.0,1050.0,100.0,2500.0,2400.0,0.5952380952380952,0.023809523809523808,0.25,928.7087810503355,0.0,0.0,0.0,0.0,63.0,0.0,63.0,26.5,35.0,4537.142857142857,3.2857142857142856,0.28695652173913044,0.02857142857142857,0.8248931239388748,-0.5564476190476191,0.0,1.577253718974851,-0.029917238095238115,0,5114,99
4200.0,4.0,1050.0,200.0,2500.0,2300.0,0.5952380952380952,0.047619047619047616,0.25,923.3092656309694,0.0,0.0,0.0,0.0,63.0,0.0,63.0,26.5,35.0,4537.142857142857,3.2857142857142856,0.28695652173913044,0.02857142857142857,0.8248931239388748,-0.5564476190476191,0.0,1.577253718974851,-0.029917238095238115,0,5114,99
4200.0,4.0,1050.0,100.0,2500.0,2400.0,0.5952380952380952,0.023809523809523808,0.25,909.6702699330126,0.0,0.0,0.0,0.0,63.0,0.0,63.0,15.75,35.0,4537.142857142857,3.2857142857142856,0.28695652173913044,0.02857142857142857,0.8248931239388748,-0.5564476190476191,0.0,1.577253718974851,-0.01778100000000001,0,5114,99
4200.0,4.0,1050.0,200.0,2500.0,2300.0,0.5952380952380952,0.047619047619047616,0.25,901.3878188659974,0.0,0.0,0.0,0.0,63.0,0.0,63.0,15.75,35.0,4537.142857142857,3.2857142857142856,0.28695652173913044,0.02857142857142857,0.8248931239388748,-0.5564476190476191,0.0,1.577253718974851,-0.01778100000000001,0,5114,99
4200.0,5.0,840.0,100.0,2500.0,2400.0,0.5952380952380952,0.023809523809523808,0.2,902.4411338142783,0.0,0.0,0.0,0.0,63.0,0.0,63.0,12.6,35.0,4537.142857142857,3.2857142857142856,0.28695652173913044,0.02857142857142857,0.8248931239388748,-0.5564476190476191,0.0,1.577253718974851,-0.014224800000000008,0,5114,99
4200.0,4.0,1050.0,400.0,2500.0,2100.0,0.5952380952380952,0.09523809523809523,0.25,850.0,0.0,0.0,0.0,0.0,63.0,0.0,63.0,19.5,35.0,4537.142857142857,3.2857142857142856,0.28695652173913044,0.02857142857142857,0.8248931239388748,-0.5564476190476191,0.0,1.577253718974851,-0.022014571428571442,0,5114,99
4200.0,5.0,840.0,100.0,2500.0,2400.0,0.5952380952380952,0.023809523809523808,0.2,861.6263691415206,0.0,0.0,0.0,0.0,63.0,0.0,63.0,15.6,35.0,4537.142857142857,3.2857142857142856,0.28695652173913044,0.02857142857142857,0.8248931239388748,-0.5564476190476191,0.0,1.577253718974851,-0.017611657142857153,0,5114,99
4200.0,5.0,840.0,200.0,2500.0,2300.0,0.5952380952380952,0.047619047619047616,0.2,854.6344247688598,0.0,0.0,0.0,0.0,63.0,0.0,63.0,15.6,35.0,4537.142857142857,3.2857142857142856,0.28695652173913044,0.02857142857142857,0.8248931239388748,-0.5564476190476191,0.0,1.577253718974851,-0.017611657142857153,0,5114,99
4200.0,6.0,700.0,200.0,1200.0,1000.0,0.2857142857142857,0.047619047619047616,0.16666666666666666,365.14837167011075,0.0,0.0,0.0,0.0,43.0,0.0,43.0,9.666666666666666,35.0,4537.142857142857,3.2857142857142856,0.28695652173913044,0.02857142857142857,0.8248931239388748,-0.5564476190476191,0.0,0.7570817851079285,-0.010913206349206355,0,5114,99
4200.0,7.0,600.0,100.0,1200.0,1100.0,0.2857142857142857,0.023809523809523808,0.14285714285714285,407.0801956792859,0.0,0.0,0.0,0.0,43.0,0.0,43.0,8.285714285714286,35.0,4537.142857142857,3.2857142857142856,0.28695652173913044,0.02857142857142857,0.8248931239388748,-0.5564476190476191,0.0,0.7570817851079285,-0.009354176870748306,0,5114,99
3000.0,2.0,1500.0,500.0,2500.0,2000.0,0.8333333333333334,0.16666666666666666,0.5,1000.0,0.0,0.0,0.0,0.0,0.0,0.0,0.0,0.0,35.0,4537.142857142857,3.2857142857142856,0.28695652173913044,0.02857142857142857,0.8248931239388748,-0.5564476190476191,0.0,2.2081552065647916,-0.0,0,5115,99
3000.0,3.0,1000.0,400.0,1900.0,1500.0,0.6333333333333333,0.13333333333333333,0.3333333333333333,648.074069840786,0.0,0.0,0.0,0.0,0.0,0.0,0.0,0.0,35.0,4537.142857142857,3.2857142857142856,0.28695652173913044,0.02857142857142857,0.8248931239388748,-0.5564476190476191,0.0,1.6781979569892413,-0.0,0,5115,99
3000.0,3.0,1000.0,400.0,1900.0,1500.0,0.6333333333333333,0.13333333333333333,0.3333333333333333,648.074069840786,0.0,0.0,0.0,0.0,0.0,0.0,0.0,0.0,35.0,4537.142857142857,3.2857142857142856,0.28695652173913044,0.02857142857142857,0.8248931239388748,-0.5564476190476191,0.0,1.6781979569892413,-0.0,0,5115,99
3000.0,3.0,1000.0,500.0,1900.0,1400.0,0.6333333333333333,0.16666666666666666,0.3333333333333333,637.7042156569664,0.0,0.0,0.0,0.0,0.0,0.0,0.0,0.0,35.0,4537.142857142857,3.2857142857142856,0.28695652173913044,0.02857142857142857,0.8248931239388748,-0.5564476190476191,0.0,1.6781979569892413,-0.0,1,5115,99
3000.0,3.0,1000.0,500.0,1500.0,1000.0,0.5,0.16666666666666666,0.3333333333333333,408.248290463863,0.0,0.0,0.0,0.0,0.0,0.0,0.0,0.0,35.0,4537.142857142857,3.2857142857142856,0.28695652173913044,0.02857142857142857,0.8248931239388748,-0.5564476190476191,0.0,1.3248931239388748,-0.0,0,5115,99
3000.0,4.0,750.0,400.0,1500.0,1100.0,0.5,0.13333333333333333,0.25,450.0,0.0,0.0,0.0,0.0,0.0,0.0,0.0,0.0,35.0,4537.142857142857,3.2857142857142856,0.28695652173913044,0.02857142857142857,0.8248931239388748,-0.5564476190476191,0.0,1.3248931239388748,-0.0,0,5115,99
3000.0,4.0,750.0,400.0,1500.0,1100.0,0.5,0.13333333333333333,0.25,438.7482193696061,0.0,0.0,0.0,0.0,0.0,0.0,0.0,0.0,35.0,4537.142857142857,3.2857142857142856,0.28695652173913044,0.02857142857142857,0.8248931239388748,-0.5564476190476191,0.0,1.3248931239388748,-0.0,0,5115,99
3000.0,4.0,750.0,400.0,1500.0,1100.0,0.5,0.13333333333333333,0.25,438.7482193696061,0.0,0.0,0.0,0.0,0.0,0.0,0.0,0.0,35.0,4537.142857142857,3.2857142857142856,0.28695652173913044,0.02857142857142857,0.8248931239388748,-0.5564476190476191,0.0,1.3248931239388748,-0.0,0,5115,99
3000.0,4.0,750.0,400.0,1200.0,800.0,0.4,0.13333333333333333,0.25,357.0714214271425,0.0,0.0,0.0,0.0,0.0,0.0,0.0,0.0,35.0,4537.142857142857,3.2857142857142856,0.28695652173913044,0.02857142857142857,0.8248931239388748,-0.5564476190476191,0.0,1.0599144991510998,-0.0,0,5115,99
3000.0,4.0,750.0,500.0,1200.0,700.0,0.4,0.16666666666666666,0.25,269.2582403567252,0.0,0.0,0.0,0.0,0.0,0.0,0.0,0.0,35.0,4537.142857142857,3.2857142857142856,0.28695652173913044,0.02857142857142857,0.8248931239388748,-0.5564476190476191,0.0,1.0599144991510998,-0.0,0,5115,99
3000.0,5.0,600.0,400.0,1000.0,600.0,0.3333333333333333,0.13333333333333333,0.2,228.0350850198276,0.0,0.0,0.0,0.0,0.0,0.0,0.0,0.0,35.0,4537.142857142857,3.2857142857142856,0.28695652173913044,0.02857142857142857,0.8248931239388748,-0.5564476190476191,0.0,0.8832620826259165,-0.0,0,5115,99
3900.0,3.0,1300.0,100.0,3000.0,2900.0,0.7692307692307693,0.02564102564102564,0.3333333333333333,1235.5835328567093,0.0,0.0,0.0,0.0,21.0,0.0,21.0,7.0,35.0,4537.142857142857,3.2857142857142856,0.28695652173913044,0.02857142857142857,0.8248931239388748,-0.5564476190476191,0.0,2.0382971137521153,-0.007902666666666672,1,5116,99
3900.0,3.0,1300.0,200.0,2900.0,2700.0,0.7435897435897436,0.05128205128205128,0.3333333333333333,1157.5836902790224,0.0,0.0,0.0,0.0,0.0,0.0,0.0,0.0,35.0,4537.142857142857,3.2857142857142856,0.28695652173913044,0.02857142857142857,0.8248931239388748,-0.5564476190476191,0.0,1.9703538766270448,-0.0,0,5116,99
3900.0,3.0,1300.0,200.0,2900.0,2700.0,0.7435897435897436,0.05128205128205128,0.3333333333333333,1157.5836902790224,0.0,0.0,0.0,0.0,25.0,0.0,25.0,8.333333333333334,35.0,4537.142857142857,3.2857142857142856,0.28695652173913044,0.02857142857142857,0.8248931239388748,-0.5564476190476191,0.0,1.9703538766270448,-0.009407936507936514,0,5116,99
3900.0,3.0,1300.0,400.0,2700.0,2300.0,0.6923076923076923,0.10256410256410256,0.3333333333333333,1003.3277962194941,0.0,0.0,0.0,0.0,0.0,0.0,0.0,0.0,35.0,4537.142857142857,3.2857142857142856,0.28695652173913044,0.02857142857142857,0.8248931239388748,-0.5564476190476191,0.0,1.8344674023769036,-0.0,0,5116,99
3900.0,3.0,1300.0,400.0,2700.0,2300.0,0.6923076923076923,0.10256410256410256,0.3333333333333333,1003.3277962194941,0.0,0.0,0.0,0.0,9.0,0.0,9.0,3.0,35.0,4537.142857142857,3.2857142857142856,0.28695652173913044,0.02857142857142857,0.8248931239388748,-0.5564476190476191,0.0,1.8344674023769036,-0.0033868571428571446,0,5116,99
3900.0,4.0,975.0,100.0,2600.0,2500.0,0.6666666666666666,0.02564102564102564,0.25,970.5024471890836,0.0,0.0,0.0,0.0,0.0,0.0,0.0,0.0,35.0,4537.142857142857,3.2857142857142856,0.28695652173913044,0.02857142857142857,0.8248931239388748,-0.5564476190476191,0.0,1.766524165251833,-0.0,0,5116,99
5600.0,3.0,1866.6666666666667,1400.0,2600.0,1200.0,0.4642857142857143,0.25,0.33333333333333337,524.9338582674541,0.0,0.0,0.0,0.0,44.0,0.0,44.0,20.333333333333332,35.0,4537.142857142857,3.2857142857142856,0.28695652173913044,0.02857142857142857,0.8248931239388748,-0.5564476190476191,0.0,1.2302579008003838,-0.02295536507936509,0,5117,99
5600.0,3.0,1866.6666666666667,1400.0,2600.0,1200.0,0.4642857142857143,0.25,0.33333333333333337,524.9338582674541,1.0,0.3333333333333333,3.6666666666666665,11.0,17.0,0.0,17.0,5.666666666666667,35.0,4537.142857142857,3.2857142857142856,0.28695652173913044,0.02857142857142857,0.8248931239388748,-0.5564476190476191,0.35238095238095235,1.2302579008003838,-0.0063973968253968295,0,5117,99
5600.0,3.0,1866.6666666666667,1400.0,2600.0,1200.0,0.4642857142857143,0.25,0.33333333333333337,524.9338582674541,0.0,0.0,0.0,0.0,61.0,0.0,61.0,26.0,35.0,4537.142857142857,3.2857142857142856,0.28695652173913044,0.02857142857142857,0.8248931239388748,-0.5564476190476191,0.0,1.2302579008003838,-0.029352761904761923,1,5117,99
5600.0,4.0,1400.0,800.0,2600.0,1800.0,0.4642857142857143,0.14285714285714285,0.25,734.8469228349534,0.0,0.0,0.0,0.0,74.0,0.0,74.0,40.75,35.0,4537.142857142857,3.2857142857142856,0.28695652173913044,0.02857142857142857,0.8248931239388748,-0.5564476190476191,0.0,1.2302579008003838,-0.046004809523809545,0,5117,99
5600.0,3.0,1866.6666666666667,1400.0,2600.0,1200.0,0.4642857142857143,0.25,0.33333333333333337,524.9338582674541,0.0,0.0,0.0,0.0,83.0,17.0,66.0,48.0,35.0,4537.142857142857,3.2857142857142856,0.28695652173913044,0.02857142857142857,0.8248931239388748,-0.5564476190476191,0.0,1.2302579008003838,-0.05418971428571431,0,5117,99
5600.0,3.0,1866.6666666666667,1400.0,2600.0,1200.0,0.4642857142857143,0.25,0.33333333333333337,524.9338582674541,1.0,0.3333333333333333,3.6666666666666665,11.0,83.0,0.0,83.0,33.333333333333336,35.0,4537.142857142857,3.2857142857142856,0.28695652173913044,0.02857142857142857,0.8248931239388748,-0.5564476190476191,0.35238095238095235,1.2302579008003838,-0.03763174603174606,0,5117,99
5600.0,3.0,1866.6666666666667,1400.0,2600.0,1200.0,0.4642857142857143,0.25,0.33333333333333337,524.9338582674541,0.0,0.0,0.0,0.0,83.0,17.0,66.0,53.666666666666664,35.0,4537.142857142857,3.2857142857142856,0.28695652173913044,0.02857142857142857,0.8248931239388748,-0.5564476190476191,0.0,1.2302579008003838,-0.06058711111111114,0,5117,99
5600.0,4.0,1400.0,800.0,2600.0,1800.0,0.4642857142857143,0.14285714285714285,0.25,734.8469228349534,0.0,0.0,0.0,0.0,83.0,17.0,66.0,61.5,35.0,4537.142857142857,3.2857142857142856,0.28695652173913044,0.02857142857142857,0.8248931239388748,-0.5564476190476191,0.0,1.2302579008003838,-0.06943057142857147,0,5117,99
5600.0,4.0,1400.0,800.0,1600.0,800.0,0.2857142857142857,0.14285714285714285,0.25,346.41016151377545,1.0,0.25,2.75,11.0,74.0,0.0,74.0,44.75,35.0,4537.142857142857,3.2857142857142856,0.28695652173913044,0.02857142857142857,0.8248931239388748,-0.5564476190476191,0.2642857142857143,0.7570817851079285,-0.05052061904761908,0,5117,99
5600.0,4.0,1400.0,800.0,1600.0,800.0,0.2857142857142857,0.14285714285714285,0.25,346.41016151377545,1.0,0.25,2.75,11.0,72.0,0.0,72.0,44.25,35.0,4537.142857142857,3.2857142857142856,0.28695652173913044,0.02857142857142857,0.8248931239388748,-0.5564476190476191,0.2642857142857143,0.7570817851079285,-0.049956142857142886,0,5117,99
4800.0,4.0,1200.0,600.0,2500.0,1900.0,0.5208333333333334,0.125,0.25,758.287544405155,0.0,0.0,0.0,0.0,0.0,0.0,0.0,0.0,35.0,4537.142857142857,3.2857142857142856,0.28695652173913044,0.02857142857142857,0.8248931239388748,-0.5564476190476191,0.0,1.3800970041029947,-0.0,1,5118,99
7900.0,3.0,2633.3333333333335,2500.0,2800.0,300.0,0.35443037974683544,0.31645569620253167,0.33333333333333337,124.72191289246472,0.0,0.0,0.0,0.0,17.0,0.0,17.0,5.666666666666667,35.0,4537.142857142857,3.2857142857142856,0.28695652173913044,0.02857142857142857,0.8248931239388748,-0.5564476190476191,0.0,0.9391647460832531,-0.0063973968253968295,0,5119,99
7900.0,4.0,1975.0,200.0,2800.0,2600.0,0.35443037974683544,0.02531645569620253,0.25,1040.132203135736,0.0,0.0,0.0,0.0,17.0,0.0,17.0,4.25,35.0,4537.142857142857,3.2857142857142856,0.28695652173913044,0.02857142857142857,0.8248931239388748,-0.5564476190476191,0.0,0.9391647460832531,-0.004798047619047622,0,5119,99
7900.0,4.0,1975.0,200.0,2800.0,2600.0,0.35443037974683544,0.02531645569620253,0.25,1040.132203135736,0.0,0.0,0.0,0.0,17.0,0.0,17.0,4.25,35.0,4537.142857142857,3.2857142857142856,0.28695652173913044,0.02857142857142857,0.8248931239388748,-0.5564476190476191,0.0,0.9391647460832531,-0.004798047619047622,0,5119,99
7900.0,5.0,1580.0,100.0,2800.0,2700.0,0.35443037974683544,0.012658227848101266,0.2,1218.8519188154073,0.0,0.0,0.0,0.0,21.0,0.0,21.0,7.6,35.0,4537.142857142857,3.2857142857142856,0.28695652173913044,0.02857142857142857,0.8248931239388748,-0.5564476190476191,0.0,0.9391647460832531,-0.0085800380952381,0,5119,99
7900.0,7.0,1128.5714285714287,100.0,2800.0,2700.0,0.35443037974683544,0.012658227848101266,0.14285714285714288,1158.4648532979024,0.0,0.0,0.0,0.0,44.0,0.0,44.0,11.714285714285714,35.0,4537.142857142857,3.2857142857142856,0.28695652173913044,0.02857142857142857,0.8248931239388748,-0.5564476190476191,0.0,0.9391647460832531,-0.013224870748299327,0,5119,99
7900.0,3.0,2633.3333333333335,2500.0,2800.0,300.0,0.35443037974683544,0.31645569620253167,0.33333333333333337,124.72191289246472,0.0,0.0,0.0,0.0,0.0,0.0,0.0,0.0,35.0,4537.142857142857,3.2857142857142856,0.28695652173913044,0.02857142857142857,0.8248931239388748,-0.5564476190476191,0.0,0.9391647460832531,-0.0,0,5119,99
7900.0,4.0,1975.0,200.0,2800.0,2600.0,0.35443037974683544,0.02531645569620253,0.25,1040.132203135736,0.0,0.0,0.0,0.0,0.0,0.0,0.0,0.0,35.0,4537.142857142857,3.2857142857142856,0.28695652173913044,0.02857142857142857,0.8248931239388748,-0.5564476190476191,0.0,0.9391647460832531,-0.0,0,5119,99
7900.0,4.0,1975.0,200.0,2800.0,2600.0,0.35443037974683544,0.02531645569620253,0.25,1040.132203135736,0.0,0.0,0.0,0.0,0.0,0.0,0.0,0.0,35.0,4537.142857142857,3.2857142857142856,0.28695652173913044,0.02857142857142857,0.8248931239388748,-0.5564476190476191,0.0,0.9391647460832531,-0.0,0,5119,99
7900.0,5.0,1580.0,100.0,2800.0,2700.0,0.35443037974683544,0.012658227848101266,0.2,1218.8519188154073,0.0,0.0,0.0,0.0,21.0,0.0,21.0,4.2,35.0,4537.142857142857,3.2857142857142856,0.28695652173913044,0.02857142857142857,0.8248931239388748,-0.5564476190476191,0.0,0.9391647460832531,-0.004741600000000003,0,5119,99
7900.0,7.0,1128.5714285714287,100.0,2800.0,2700.0,0.35443037974683544,0.012658227848101266,0.14285714285714288,1158.4648532979024,0.0,0.0,0.0,0.0,44.0,0.0,44.0,9.285714285714286,35.0,4537.142857142857,3.2857142857142856,0.28695652173913044,0.02857142857142857,0.8248931239388748,-0.5564476190476191,0.0,0.9391647460832531,-0.010483129251700687,0,5119,99
7900.0,5.0,1580.0,100.0,2800.0,2700.0,0.35443037974683544,0.012658227848101266,0.2,1178.81296226331,0.0,0.0,0.0,0.0,21.0,0.0,21.0,4.2,35.0,4537.142857142857,3.2857142857142856,0.28695652173913044,0.02857142857142857,0.8248931239388748,-0.5564476190476191,0.0,0.9391647460832531,-0.004741600000000003,0,5119,99
7900.0,5.0,1580.0,100.0,2800.0,2700.0,0.35443037974683544,0.012658227848101266,0.2,1178.81296226331,0.0,0.0,0.0,0.0,0.0,0.0,0.0,0.0,35.0,4537.142857142857,3.2857142857142856,0.28695652173913044,0.02857142857142857,0.8248931239388748,-0.5564476190476191,0.0,0.9391647460832531,-0.0,0,5119,99
7900.0,5.0,1580.0,100.0,2800.0,2700.0,0.35443037974683544,0.012658227848101266,0.2,1178.81296226331,0.0,0.0,0.0,0.0,21.0,0.0,21.0,4.2,35.0,4537.142857142857,3.2857142857142856,0.28695652173913044,0.02857142857142857,0.8248931239388748,-0.5564476190476191,0.0,0.9391647460832531,-0.004741600000000003,0,5119,99
7900.0,5.0,1580.0,100.0,2800.0,2700.0,0.35443037974683544,0.012658227848101266,0.2,1178.81296226331,0.0,0.0,0.0,0.0,0.0,0.0,0.0,0.0,35.0,4537.142857142857,3.2857142857142856,0.28695652173913044,0.02857142857142857,0.8248931239388748,-0.5564476190476191,0.0,0.9391647460832531,-0.0,0,5119,99
7900.0,5.0,1580.0,100.0,2800.0,2700.0,0.35443037974683544,0.012658227848101266,0.2,990.7572861200669,0.0,0.0,0.0,0.0,44.0,0.0,44.0,19.2,35.0,4537.142857142857,3.2857142857142856,0.28695652173913044,0.02857142857142857,0.8248931239388748,-0.5564476190476191,0.0,0.9391647460832531,-0.021675885714285727,0,5119,99
7900.0,5.0,1580.0,100.0,2800.0,2700.0,0.35443037974683544,0.012658227848101266,0.2,990.7572861200669,0.0,0.0,0.0,0.0,44.0,0.0,44.0,15.0,35.0,4537.142857142857,3.2857142857142856,0.28695652173913044,0.02857142857142857,0.8248931239388748,-0.5564476190476191,0.0,0.9391647460832531,-0.016934285714285725,0,5119,99
7900.0,4.0,1975.0,200.0,2600.0,2400.0,0.3291139240506329,0.02531645569620253,0.25,1025.6095748383007,0.0,0.0,0.0,0.0,17.0,0.0,17.0,4.25,35.0,4537.142857142857,3.2857142857142856,0.28695652173913044,0.02857142857142857,0.8248931239388748,-0.5564476190476191,0.0,0.8720815499344492,-0.004798047619047622,0,5119,99
7900.0,4.0,1975.0,200.0,2600.0,2400.0,0.3291139240506329,0.02531645569620253,0.25,1025.6095748383007,0.0,0.0,0.0,0.0,17.0,0.0,17.0,4.25,35.0,4537.142857142857,3.2857142857142856,0.28695652173913044,0.02857142857142857,0.8248931239388748,-0.5564476190476191,0.0,0.8720815499344492,-0.004798047619047622,0,5119,99
7900.0,5.0,1580.0,100.0,2600.0,2500.0,0.3291139240506329,0.012658227848101266,0.2,1208.966500776593,0.0,0.0,0.0,0.0,21.0,0.0,21.0,7.6,35.0,4537.142857142857,3.2857142857142856,0.28695652173913044,0.02857142857142857,0.8248931239388748,-0.5564476190476191,0.0,0.8720815499344492,-0.0085800380952381,0,5119,99
7900.0,5.0,1580.0,200.0,2600.0,2400.0,0.3291139240506329,0.02531645569620253,0.2,1132.0777358467924,0.0,0.0,0.0,0.0,17.0,0.0,17.0,3.4,35.0,4537.142857142857,3.2857142857142856,0.28695652173913044,0.02857142857142857,0.8248931239388748,-0.5564476190476191,0.0,0.8720815499344492,-0.003838438095238098,0,5119,99
7900.0,6.0,1316.6666666666667,100.0,2600.0,2500.0,0.3291139240506329,0.012658227848101266,0.16666666666666669,1188.0188924797824,0.0,0.0,0.0,0.0,21.0,0.0,21.0,6.333333333333333,35.0,4537.142857142857,3.2857142857142856,0.28695652173913044,0.02857142857142857,0.8248931239388748,-0.5564476190476191,0.0,0.8720815499344492,-0.007150031746031749,0,5119,99
7900.0,6.0,1316.6666666666667,100.0,2600.0,2500.0,0.3291139240506329,0.012658227848101266,0.16666666666666669,1188.0188924797824,0.0,0.0,0.0,0.0,21.0,0.0,21.0,6.333333333333333,35.0,4537.142857142857,3.2857142857142856,0.28695652173913044,0.02857142857142857,0.8248931239388748,-0.5564476190476191,0.0,0.8720815499344492,-0.007150031746031749,0,5119,99
7900.0,4.0,1975.0,800.0,2600.0,1800.0,0.3291139240506329,0.10126582278481013,0.25,736.1215932167728,0.0,0.0,0.0,0.0,44.0,0.0,44.0,23.0,35.0,4537.142857142857,3.2857142857142856,0.28695652173913044,0.02857142857142857,0.8248931239388748,-0.5564476190476191,0.0,0.8720815499344492,-0.025965904761904777,0,5119,99
7900.0,6.0,1316.6666666666667,100.0,2600.0,2500.0,0.3291139240506329,0.012658227848101266,0.16666666666666669,1153.8582620447319,0.0,0.0,0.0,0.0,21.0,0.0,21.0,6.333333333333333,35.0,4537.142857142857,3.2857142857142856,0.28695652173913044,0.02857142857142857,0.8248931239388748,-0.5564476190476191,0.0,0.8720815499344492,-0.007150031746031749,0,5119,99
7900.0,6.0,1316.6666666666667,100.0,2600.0,2500.0,0.3291139240506329,0.012658227848101266,0.16666666666666669,1153.8582620447319,0.0,0.0,0.0,0.0,17.0,0.0,17.0,2.8333333333333335,35.0,4537.142857142857,3.2857142857142856,0.28695652173913044,0.02857142857142857,0.8248931239388748,-0.5564476190476191,0.0,0.8720815499344492,-0.0031986984126984148,0,5119,99
7900.0,5.0,1580.0,100.0,2600.0,2500.0,0.3291139240506329,0.012658227848101266,0.2,978.5703858180054,0.0,0.0,0.0,0.0,44.0,0.0,44.0,22.6,35.0,4537.142857142857,3.2857142857142856,0.28695652173913044,0.02857142857142857,0.8248931239388748,-0.5564476190476191,0.0,0.8720815499344492,-0.025514323809523825,0,5119,99
7900.0,5.0,1580.0,100.0,2600.0,2500.0,0.3291139240506329,0.012658227848101266,0.2,978.5703858180054,0.0,0.0,0.0,0.0,44.0,0.0,44.0,18.4,35.0,4537.142857142857,3.2857142857142856,0.28695652173913044,0.02857142857142857,0.8248931239388748,-0.5564476190476191,0.0,0.8720815499344492,-0.02077272380952382,0,5119,99
7900.0,5.0,1580.0,100.0,2600.0,2500.0,0.3291139240506329,0.012658227848101266,0.2,915.204895091804,0.0,0.0,0.0,0.0,44.0,0.0,44.0,16.4,35.0,4537.142857142857,3.2857142857142856,0.28695652173913044,0.02857142857142857,0.8248931239388748,-0.5564476190476191,0.0,0.8720815499344492,-0.018514819047619056,0,5119,99
7900.0,5.0,1580.0,100.0,2600.0,2500.0,0.3291139240506329,0.012658227848101266,0.2,915.204895091804,0.0,0.0,0.0,0.0,44.0,0.0,44.0,12.2,35.0,4537.142857142857,3.2857142857142856,0.28695652173913044,0.02857142857142857,0.8248931239388748,-0.5564476190476191,0.0,0.8720815499344492,-0.013773219047619056,0,5119,99
7900.0,6.0,1316.6666666666667,100.0,2600.0,2500.0,0.3291139240506329,0.012658227848101266,0.16666666666666669,995.6851354162565,0.0,0.0,0.0,0.0,44.0,0.0,44.0,18.833333333333332,35.0,4537.142857142857,3.2857142857142856,0.28695652173913044,0.02857142857142857,0.8248931239388748,-0.5564476190476191,0.0,0.8720815499344492,-0.021261936507936518,1,5119,99
7900.0,6.0,1316.6666666666667,100.0,2600.0,2500.0,0.3291139240506329,0.012658227848101266,0.16666666666666669,995.6851354162565,0.0,0.0,0.0,0.0,44.0,0.0,44.0,15.333333333333334,35.0,4537.142857142857,3.2857142857142856,0.28695652173913044,0.02857142857142857,0.8248931239388748,-0.5564476190476191,0.0,0.8720815499344492,-0.017310603174603187,0,5119,99
7900.0,6.0,1316.6666666666667,100.0,2600.0,2500.0,0.3291139240506329,0.012658227848101266,0.16666666666666669,995.6851354162565,0.0,0.0,0.0,0.0,44.0,0.0,44.0,18.833333333333332,35.0,4537.142857142857,3.2857142857142856,0.28695652173913044,0.02857142857142857,0.8248931239388748,-0.5564476190476191,0.0,0.8720815499344492,-0.021261936507936518,0,5119,99
7900.0,6.0,1316.6666666666667,100.0,2600.0,2500.0,0.3291139240506329,0.012658227848101266,0.16666666666666669,995.6851354162565,0.0,0.0,0.0,0.0,44.0,0.0,44.0,15.333333333333334,35.0,4537.142857142857,3.2857142857142856,0.28695652173913044,0.02857142857142857,0.8248931239388748,-0.5564476190476191,0.0,0.8720815499344492,-0.017310603174603187,0,5119,99
7900.0,6.0,1316.6666666666667,100.0,2600.0,2500.0,0.3291139240506329,0.012658227848101266,0.16666666666666669,1153.8582620447319,0.0,0.0,0.0,0.0,21.0,0.0,21.0,3.5,35.0,4537.142857142857,3.2857142857142856,0.28695652173913044,0.02857142857142857,0.8248931239388748,-0.5564476190476191,0.0,0.8720815499344492,-0.003951333333333336,0,5119,99
7900.0,6.0,1316.6666666666667,100.0,2600.0,2500.0,0.3291139240506329,0.012658227848101266,0.16666666666666669,1153.8582620447319,0.0,0.0,0.0,0.0,0.0,0.0,0.0,0.0,35.0,4537.142857142857,3.2857142857142856,0.28695652173913044,0.02857142857142857,0.8248931239388748,-0.5564476190476191,0.0,0.8720815499344492,-0.0,0,5119,99
7900.0,5.0,1580.0,100.0,2600.0,2500.0,0.3291139240506329,0.012658227848101266,0.2,978.5703858180054,0.0,0.0,0.0,0.0,44.0,0.0,44.0,19.2,35.0,4537.142857142857,3.2857142857142856,0.28695652173913044,0.02857142857142857,0.8248931239388748,-0.5564476190476191,0.0,0.8720815499344492,-0.021675885714285727,0,5119,99
7900.0,5.0,1580.0,100.0,2600.0,2500.0,0.3291139240506329,0.012658227848101266,0.2,978.5703858180054,0.0,0.0,0.0,0.0,44.0,0.0,44.0,15.0,35.0,4537.142857142857,3.2857142857142856,0.28695652173913044,0.02857142857142857,0.8248931239388748,-0.5564476190476191,0.0,0.8720815499344492,-0.016934285714285725,0,5119,99
7900.0,5.0,1580.0,100.0,2600.0,2500.0,0.3291139240506329,0.012658227848101266,0.2,915.204895091804,0.0,0.0,0.0,0.0,44.0,0.0,44.0,13.0,35.0,4537.142857142857,3.2857142857142856,0.28695652173913044,0.02857142857142857,0.8248931239388748,-0.5564476190476191,0.0,0.8720815499344492,-0.014676380952380962,0,5119,99
7900.0,5.0,1580.0,100.0,2600.0,2500.0,0.3291139240506329,0.012658227848101266,0.2,915.204895091804,0.0,0.0,0.0,0.0,44.0,0.0,44.0,8.8,35.0,4537.142857142857,3.2857142857142856,0.28695652173913044,0.02857142857142857,0.8248931239388748,-0.5564476190476191,0.0,0.8720815499344492,-0.00993478095238096,0,5119,99
7900.0,6.0,1316.6666666666667,100.0,2600.0,2500.0,0.3291139240506329,0.012658227848101266,0.16666666666666669,995.6851354162565,0.0,0.0,0.0,0.0,44.0,0.0,44.0,16.0,35.0,4537.142857142857,3.2857142857142856,0.28695652173913044,0.02857142857142857,0.8248931239388748,-0.5564476190476191,0.0,0.8720815499344492,-0.018063238095238104,0,5119,99
7900.0,6.0,1316.6666666666667,100.0,2600.0,2500.0,0.3291139240506329,0.012658227848101266,0.16666666666666669,995.6851354162565,0.0,0.0,0.0,0.0,44.0,0.0,44.0,12.5,35.0,4537.142857142857,3.2857142857142856,0.28695652173913044,0.02857142857142857,0.8248931239388748,-0.5564476190476191,0.0,0.8720815499344492,-0.01411190476190477,0,5119,99
7900.0,6.0,1316.6666666666667,100.0,2600.0,2500.0,0.3291139240506329,0.012658227848101266,0.16666666666666669,995.6851354162565,0.0,0.0,0.0,0.0,44.0,0.0,44.0,16.0,35.0,4537.142857142857,3.2857142857142856,0.28695652173913044,0.02857142857142857,0.8248931239388748,-0.5564476190476191,0.0,0.8720815499344492,-0.018063238095238104,0,5119,99
7900.0,6.0,1316.6666666666667,100.0,2600.0,2500.0,0.3291139240506329,0.012658227848101266,0.16666666666666669,995.6851354162565,0.0,0.0,0.0,0.0,44.0,0.0,44.0,12.5,35.0,4537.142857142857,3.2857142857142856,0.28695652173913044,0.02857142857142857,0.8248931239388748,-0.5564476190476191,0.0,0.8720815499344492,-0.01411190476190477,0,5119,99
7900.0,5.0,1580.0,200.0,2500.0,2300.0,0.31645569620253167,0.02531645569620253,0.2,861.1620056644394,0.0,0.0,0.0,0.0,44.0,0.0,44.0,8.8,35.0,4537.142857142857,3.2857142857142856,0.28695652173913044,0.02857142857142857,0.8248931239388748,-0.5564476190476191,0.0,0.8385399518600474,-0.00993478095238096,0,5119,99
7900.0,5.0,1580.0,200.0,2500.0,2300.0,0.31645569620253167,0.02531645569620253,0.2,861.1620056644394,0.0,0.0,0.0,0.0,44.0,0.0,44.0,8.8,35.0,4537.142857142857,3.2857142857142856,0.28695652173913044,0.02857142857142857,0.8248931239388748,-0.5564476190476191,0.0,0.8385399518600474,-0.00993478095238096,0,5119,99
7900.0,6.0,1316.6666666666667,100.0,2500.0,2400.0,0.31645569620253167,0.012658227848101266,0.16666666666666669,980.5044053388485,0.0,0.0,0.0,0.0,44.0,0.0,44.0,10.833333333333334,35.0,4537.142857142857,3.2857142857142856,0.28695652173913044,0.02857142857142857,0.8248931239388748,-0.5564476190476191,0.0,0.8385399518600474,-0.012230317460317467,0,5119,99
7900.0,6.0,1316.6666666666667,200.0,2500.0,2300.0,0.31645569620253167,0.02531645569620253,0.16666666666666669,954.6668994413125,0.0,0.0,0.0,0.0,44.0,0.0,44.0,12.5,35.0,4537.142857142857,3.2857142857142856,0.28695652173913044,0.02857142857142857,0.8248931239388748,-0.5564476190476191,0.0,0.8385399518600474,-0.01411190476190477,0,5119,99
7900.0,7.0,1128.5714285714287,100.0,2500.0,2400.0,0.31645569620253167,0.012658227848101266,0.14285714285714288,995.2950541914488,0.0,0.0,0.0,0.0,44.0,0.0,44.0,13.714285714285714,35.0,4537.142857142857,3.2857142857142856,0.28695652173913044,0.02857142857142857,0.8248931239388748,-0.5564476190476191,0.0,0.8385399518600474,-0.015482775510204088,0,5119,99
7900.0,7.0,1128.5714285714287,100.0,2500.0,2400.0,0.31645569620253167,0.012658227848101266,0.14285714285714288,995.2950541914488,0.0,0.0,0.0,0.0,44.0,0.0,44.0,13.714285714285714,35.0,4537.142857142857,3.2857142857142856,0.28695652173913044,0.02857142857142857,0.8248931239388748,-0.5564476190476191,0.0,0.8385399518600474,-0.015482775510204088,0,5119,99
8400.0,3.0,2800.0,2600.0,2900.0,300.0,0.34523809523809523,0.30952380952380953,0.3333333333333333,141.4213562373095,0.0,0.0,0.0,0.0,75.0,15.0,60.0,36.333333333333336,35.0,4537.142857142857,3.2857142857142856,0.28695652173913044,0.02857142857142857,0.8248931239388748,-0.5564476190476191,0.0,0.9148071570054136,-0.0410186031746032,0,5120,99
8400.0,4.0,2100.0,1000.0,2900.0,1900.0,0.34523809523809523,0.11904761904761904,0.25,758.287544405155,0.0,0.0,0.0,0.0,28.0,0.0,28.0,15.5,35.0,4537.142857142857,3.2857142857142856,0.28695652173913044,0.02857142857142857,0.8248931239388748,-0.5564476190476191,0.0,0.9148071570054136,-0.017498761904761916,0,5120,99
8400.0,4.0,2100.0,1000.0,2900.0,1900.0,0.34523809523809523,0.11904761904761904,0.25,758.287544405155,0.0,0.0,0.0,0.0,28.0,0.0,28.0,14.5,35.0,4537.142857142857,3.2857142857142856,0.28695652173913044,0.02857142857142857,0.8248931239388748,-0.5564476190476191,0.0,0.9148071570054136,-0.016369809523809533,0,5120,99
8400.0,5.0,1680.0,600.0,2700.0,2100.0,0.32142857142857145,0.07142857142857142,0.2,818.2909018191514,0.0,0.0,0.0,0.0,28.0,0.0,28.0,17.4,35.0,4537.142857142857,3.2857142857142856,0.28695652173913044,0.02857142857142857,0.8248931239388748,-0.5564476190476191,0.0,0.8517170082464196,-0.01964377142857144,0,5120,99
8400.0,5.0,1680.0,600.0,2600.0,2000.0,0.30952380952380953,0.07142857142857142,0.2,775.6287771866126,0.0,0.0,0.0,0.0,75.0,0.0,75.0,26.8,35.0,4537.142857142857,3.2857142857142856,0.28695652173913044,0.02857142857142857,0.8248931239388748,-0.5564476190476191,0.0,0.8201719338669226,-0.030255923809523827,1,5120,99
3100.0,3.0,1033.3333333333333,200.0,2300.0,2100.0,0.7419354838709677,0.06451612903225806,0.3333333333333333,910.4333522498442,1.0,0.3333333333333333,7.333333333333333,22.0,54.0,7.0,47.0,23.666666666666668,35.0,4537.142857142857,3.2857142857142856,0.28695652173913044,0.02857142857142857,0.8248931239388748,-0.5564476190476191,0.35238095238095235,1.9659704419738142,-0.0267185396825397,0,5121,99
3100.0,2.0,1550.0,1000.0,2100.0,1100.0,0.6774193548387096,0.3225806451612903,0.5,550.0,1.0,0.5,11.0,22.0,34.0,25.0,9.0,29.5,35.0,4537.142857142857,3.2857142857142856,0.28695652173913044,0.02857142857142857,0.8248931239388748,-0.5564476190476191,0.5285714285714286,1.7950164904978303,-0.03330409523809526,0,5121,99
3100.0,3.0,1033.3333333333333,600.0,1400.0,800.0,0.45161290322580644,0.1935483870967742,0.3333333333333333,329.9831645537222,2.0,0.6666666666666666,10.666666666666666,22.0,93.0,10.0,83.0,44.333333333333336,35.0,4537.142857142857,3.2857142857142856,0.28695652173913044,0.02857142857142857,0.8248931239388748,-0.5564476190476191,0.7047619047619047,1.196677660331887,-0.05005022222222225,1,5121,99
3100.0,4.0,775.0,200.0,1400.0,1200.0,0.45161290322580644,0.06451612903225806,0.25,438.0353866983808,1.0,0.25,5.5,22.0,93.0,10.0,83.0,61.25,35.0,4537.142857142857,3.2857142857142856,0.28695652173913044,0.02857142857142857,0.8248931239388748,-0.5564476190476191,0.2642857142857143,1.196677660331887,-0.06914833333333338,0,5121,99
1900.0,2.0,950.0,300.0,1600.0,1300.0,0.8421052631578947,0.15789473684210525,0.5,650.0,0.0,0.0,0.0,0.0,45.0,43.0,2.0,44.0,35.0,4537.142857142857,3.2857142857142856,0.28695652173913044,0.02857142857142857,0.8248931239388748,-0.5564476190476191,0.0,2.2313989455812626,-0.04967390476190479,0,5122,99
1900.0,2.0,950.0,300.0,1600.0,1300.0,0.8421052631578947,0.15789473684210525,0.5,650.0,0.0,0.0,0.0,0.0,65.0,45.0,20.0,55.0,35.0,4537.142857142857,3.2857142857142856,0.28695652173913044,0.02857142857142857,0.8248931239388748,-0.5564476190476191,0.0,2.2313989455812626,-0.062092380952380996,1,5122,99
1900.0,2.0,950.0,600.0,1300.0,700.0,0.6842105263157895,0.3157894736842105,0.5,350.0,0.0,0.0,0.0,0.0,64.0,6.0,58.0,35.0,35.0,4537.142857142857,3.2857142857142856,0.28695652173913044,0.02857142857142857,0.8248931239388748,-0.5564476190476191,0.0,1.813011643284776,-0.03951333333333335,0,5122,99
1900.0,3.0,633.3333333333334,300.0,1300.0,1000.0,0.6842105263157895,0.15789473684210525,0.33333333333333337,471.4045207910317,0.0,0.0,0.0,0.0,65.0,6.0,59.0,38.0,35.0,4537.142857142857,3.2857142857142856,0.28695652173913044,0.02857142857142857,0.8248931239388748,-0.5564476190476191,0.0,1.813011643284776,-0.0429001904761905,0,5122,99
1900.0,3.0,633.3333333333334,300.0,1000.0,700.0,0.5263157894736842,0.15789473684210525,0.33333333333333337,286.7441755680876,0.0,0.0,0.0,0.0,83.0,43.0,40.0,63.333333333333336,35.0,4537.142857142857,3.2857142857142856,0.28695652173913044,0.02857142857142857,0.8248931239388748,-0.5564476190476191,0.0,1.3946243409882892,-0.0715003174603175,0,5122,99
1900.0,3.0,633.3333333333334,300.0,1000.0,700.0,0.5263157894736842,0.15789473684210525,0.33333333333333337,286.7441755680876,0.0,0.0,0.0,0.0,83.0,64.0,19.0,70.66666666666667,35.0,4537.142857142857,3.2857142857142856,0.28695652173913044,0.02857142857142857,0.8248931239388748,-0.5564476190476191,0.0,1.3946243409882892,-0.07977930158730163,0,5122,99
3500.0,2.0,1750.0,1000.0,2500.0,1500.0,0.7142857142857143,0.2857142857142857,0.5,750.0,0.0,0.0,0.0,0.0,0.0,0.0,0.0,0.0,35.0,4537.142857142857,3.2857142857142856,0.28695652173913044,0.02857142857142857,0.8248931239388748,-0.5564476190476191,0.0,1.8927044627698213,-0.0,1,5123,99
3500.0,2.0,1750.0,1700.0,1800.0,100.0,0.5142857142857142,0.4857142857142857,0.5,50.0,0.0,0.0,0.0,0.0,0.0,0.0,0.0,0.0,35.0,4537.142857142857,3.2857142857142856,0.28695652173913044,0.02857142857142857,0.8248931239388748,-0.5564476190476191,0.0,1.362747213194271,-0.0,0,5123,99
3500.0,2.0,1750.0,1700.0,1800.0,100.0,0.5142857142857142,0.4857142857142857,0.5,50.0,0.0,0.0,0.0,0.0,7.0,0.0,7.0,3.5,35.0,4537.142857142857,3.2857142857142856,0.28695652173913044,0.02857142857142857,0.8248931239388748,-0.5564476190476191,0.0,1.362747213194271,-0.003951333333333336,0,5123,99
5600.0,3.0,1866.6666666666667,300.0,2700.0,2400.0,0.48214285714285715,0.05357142857142857,0.33333333333333337,1108.552609887726,0.0,0.0,0.0,0.0,43.0,30.0,13.0,38.0,35.0,4537.142857142857,3.2857142857142856,0.28695652173913044,0.02857142857142857,0.8248931239388748,-0.5564476190476191,0.0,1.2775755123696293,-0.0429001904761905,0,5124,99
5600.0,3.0,1866.6666666666667,300.0,2700.0,2400.0,0.48214285714285715,0.05357142857142857,0.33333333333333337,1108.552609887726,0.0,0.0,0.0,0.0,43.0,3.0,40.0,25.333333333333332,35.0,4537.142857142857,3.2857142857142856,0.28695652173913044,0.02857142857142857,0.8248931239388748,-0.5564476190476191,0.0,1.2775755123696293,-0.028600126984126995,0,5124,99
5600.0,3.0,1866.6666666666667,300.0,2700.0,2400.0,0.48214285714285715,0.05357142857142857,0.33333333333333337,1108.552609887726,0.0,0.0,0.0,0.0,41.0,7.0,34.0,26.0,35.0,4537.142857142857,3.2857142857142856,0.28695652173913044,0.02857142857142857,0.8248931239388748,-0.5564476190476191,0.0,1.2775755123696293,-0.029352761904761923,0,5124,99
5600.0,3.0,1866.6666666666667,300.0,2700.0,2400.0,0.48214285714285715,0.05357142857142857,0.33333333333333337,1108.552609887726,0.0,0.0,0.0,0.0,30.0,3.0,27.0,13.333333333333334,35.0,4537.142857142857,3.2857142857142856,0.28695652173913044,0.02857142857142857,0.8248931239388748,-0.5564476190476191,0.0,1.2775755123696293,-0.01505269841269842,0,5124,99
5600.0,3.0,1866.6666666666667,1100.0,2700.0,1600.0,0.48214285714285715,0.19642857142857142,0.33333333333333337,654.8960901462833,0.0,0.0,0.0,0.0,47.0,0.0,47.0,25.666666666666668,35.0,4537.142857142857,3.2857142857142856,0.28695652173913044,0.02857142857142857,0.8248931239388748,-0.5564476190476191,0.0,1.2775755123696293,-0.02897644444444446,0,5124,99
5600.0,5.0,1120.0,300.0,2600.0,2300.0,0.4642857142857143,0.05357142857142857,0.2,899.7777503361594,0.0,0.0,0.0,0.0,59.0,3.0,56.0,31.6,35.0,4537.142857142857,3.2857142857142856,0.28695652173913044,0.02857142857142857,0.8248931239388748,-0.5564476190476191,0.0,1.2302579008003838,-0.03567489523809526,0,5124,99
5600.0,5.0,1120.0,300.0,2600.0,2300.0,0.4642857142857143,0.05357142857142857,0.2,899.7777503361594,0.0,0.0,0.0,0.0,59.0,3.0,56.0,24.4,35.0,4537.142857142857,3.2857142857142856,0.28695652173913044,0.02857142857142857,0.8248931239388748,-0.5564476190476191,0.0,1.2302579008003838,-0.027546438095238112,0,5124,99
5600.0,5.0,1120.0,300.0,1800.0,1500.0,0.32142857142857145,0.05357142857142857,0.2,574.108003776293,0.0,0.0,0.0,0.0,59.0,0.0,59.0,31.8,35.0,4537.142857142857,3.2857142857142856,0.28695652173913044,0.02857142857142857,0.8248931239388748,-0.5564476190476191,0.0,0.8517170082464196,-0.035900685714285736,1,5124,99
5600.0,5.0,1120.0,300.0,1800.0,1500.0,0.32142857142857145,0.05357142857142857,0.2,574.108003776293,0.0,0.0,0.0,0.0,59.0,0.0,59.0,24.2,35.0,4537.142857142857,3.2857142857142856,0.28695652173913044,0.02857142857142857,0.8248931239388748,-0.5564476190476191,0.0,0.8517170082464196,-0.027320647619047633,0,5124,99
4300.0,3.0,1433.3333333333333,900.0,2400.0,1500.0,0.5581395348837209,0.20930232558139536,0.3333333333333333,684.7546194724712,0.0,0.0,0.0,0.0,0.0,0.0,0.0,0.0,35.0,4537.142857142857,3.2857142857142856,0.28695652173913044,0.02857142857142857,0.8248931239388748,-0.5564476190476191,0.0,1.4789504639317672,-0.0,0,5125,99
4300.0,2.0,2150.0,2000.0,2300.0,300.0,0.5348837209302325,0.46511627906976744,0.5,150.0,0.0,0.0,0.0,0.0,0.0,0.0,0.0,0.0,35.0,4537.142857142857,3.2857142857142856,0.28695652173913044,0.02857142857142857,0.8248931239388748,-0.5564476190476191,0.0,1.41732752793461,-0.0,0,5125,99
4300.0,3.0,1433.3333333333333,900.0,2300.0,1400.0,0.5348837209302325,0.20930232558139536,0.3333333333333333,618.2412330330469,0.0,0.0,0.0,0.0,0.0,0.0,0.0,0.0,35.0,4537.142857142857,3.2857142857142856,0.28695652173913044,0.02857142857142857,0.8248931239388748,-0.5564476190476191,0.0,1.41732752793461,-0.0,1,5125,99
4300.0,4.0,1075.0,200.0,2000.0,1800.0,0.46511627906976744,0.046511627906976744,0.25,637.8675411086537,0.0,0.0,0.0,0.0,0.0,0.0,0.0,0.0,35.0,4537.142857142857,3.2857142857142856,0.28695652173913044,0.02857142857142857,0.8248931239388748,-0.5564476190476191,0.0,1.2324587199431394,-0.0,0,5125,99
5400.0,2.0,2700.0,2400.0,3000.0,600.0,0.5555555555555556,0.4444444444444444,0.5,300.0,0.0,0.0,0.0,0.0,22.0,0.0,22.0,11.0,35.0,4537.142857142857,3.2857142857142856,0.28695652173913044,0.02857142857142857,0.8248931239388748,-0.5564476190476191,0.0,1.4721034710431944,-0.012418476190476197,1,5126,99
5400.0,3.0,1800.0,700.0,3000.0,2300.0,0.5555555555555556,0.12962962962962962,0.3333333333333333,941.629792788369,0.0,0.0,0.0,0.0,22.0,0.0,22.0,13.333333333333334,35.0,4537.142857142857,3.2857142857142856,0.28695652173913044,0.02857142857142857,0.8248931239388748,-0.5564476190476191,0.0,1.4721034710431944,-0.01505269841269842,0,5126,99
2200.0,1.0,2200.0,2200.0,2200.0,0.0,1.0,1.0,1.0,0.0,0.0,0.0,0.0,0.0,0.0,0.0,0.0,0.0,35.0,4537.142857142857,3.2857142857142856,0.28695652173913044,0.02857142857142857,0.8248931239388748,-0.5564476190476191,0.0,2.6497862478777496,-0.0,0,5127,99
2200.0,2.0,1100.0,1000.0,1200.0,200.0,0.5454545454545454,0.45454545454545453,0.5,100.0,0.0,0.0,0.0,0.0,5.0,0.0,5.0,2.5,35.0,4537.142857142857,3.2857142857142856,0.28695652173913044,0.02857142857142857,0.8248931239388748,-0.5564476190476191,0.0,1.4453379533878634,-0.0028223809523809542,0,5127,99
2200.0,4.0,550.0,200.0,1200.0,1000.0,0.5454545454545454,0.09090909090909091,0.25,409.2676385936225,0.0,0.0,0.0,0.0,5.0,0.0,5.0,1.25,35.0,4537.142857142857,3.2857142857142856,0.28695652173913044,0.02857142857142857,0.8248931239388748,-0.5564476190476191,0.0,1.4453379533878634,-0.0014111904761904771,0,5127,99
2200.0,2.0,1100.0,1000.0,1200.0,200.0,0.5454545454545454,0.45454545454545453,0.5,100.0,0.0,0.0,0.0,0.0,0.0,0.0,0.0,0.0,35.0,4537.142857142857,3.2857142857142856,0.28695652173913044,0.02857142857142857,0.8248931239388748,-0.5564476190476191,0.0,1.4453379533878634,-0.0,0,5127,99
2200.0,4.0,550.0,200.0,1200.0,1000.0,0.5454545454545454,0.09090909090909091,0.25,409.2676385936225,0.0,0.0,0.0,0.0,0.0,0.0,0.0,0.0,35.0,4537.142857142857,3.2857142857142856,0.28695652173913044,0.02857142857142857,0.8248931239388748,-0.5564476190476191,0.0,1.4453379533878634,-0.0,0,5127,99
2200.0,2.0,1100.0,1000.0,1200.0,200.0,0.5454545454545454,0.45454545454545453,0.5,100.0,0.0,0.0,0.0,0.0,0.0,0.0,0.0,0.0,35.0,4537.142857142857,3.2857142857142856,0.28695652173913044,0.02857142857142857,0.8248931239388748,-0.5564476190476191,0.0,1.4453379533878634,-0.0,1,5127,99
2200.0,4.0,550.0,200.0,1200.0,1000.0,0.5454545454545454,0.09090909090909091,0.25,409.2676385936225,0.0,0.0,0.0,0.0,0.0,0.0,0.0,0.0,35.0,4537.142857142857,3.2857142857142856,0.28695652173913044,0.02857142857142857,0.8248931239388748,-0.5564476190476191,0.0,1.4453379533878634,-0.0,0,5127,99
3800.0,2.0,1900.0,1500.0,2300.0,800.0,0.6052631578947368,0.39473684210526316,0.5,400.0,0.0,0.0,0.0,0.0,0.0,0.0,0.0,0.0,35.0,4537.142857142857,3.2857142857142856,0.28695652173913044,0.02857142857142857,0.8248931239388748,-0.5564476190476191,0.0,1.6038179921365328,-0.0,0,5128,99
3800.0,2.0,1900.0,1500.0,2300.0,800.0,0.6052631578947368,0.39473684210526316,0.5,400.0,0.0,0.0,0.0,0.0,0.0,0.0,0.0,0.0,35.0,4537.142857142857,3.2857142857142856,0.28695652173913044,0.02857142857142857,0.8248931239388748,-0.5564476190476191,0.0,1.6038179921365328,-0.0,0,5128,99
3800.0,3.0,1266.6666666666667,600.0,1800.0,1200.0,0.47368421052631576,0.15789473684210525,0.33333333333333337,498.88765156985886,0.0,0.0,0.0,0.0,0.0,0.0,0.0,0.0,35.0,4537.142857142857,3.2857142857142856,0.28695652173913044,0.02857142857142857,0.8248931239388748,-0.5564476190476191,0.0,1.2551619068894604,-0.0,0,5128,99
3800.0,3.0,1266.6666666666667,600.0,1700.0,1100.0,0.4473684210526316,0.15789473684210525,0.33333333333333337,478.42333648024413,0.0,0.0,0.0,0.0,0.0,0.0,0.0,0.0,35.0,4537.142857142857,3.2857142857142856,0.28695652173913044,0.02857142857142857,0.8248931239388748,-0.5564476190476191,0.0,1.185430689840046,-0.0,0,5128,99
3800.0,3.0,1266.6666666666667,600.0,1700.0,1100.0,0.4473684210526316,0.15789473684210525,0.33333333333333337,478.42333648024413,0.0,0.0,0.0,0.0,0.0,0.0,0.0,0.0,35.0,4537.142857142857,3.2857142857142856,0.28695652173913044,0.02857142857142857,0.8248931239388748,-0.5564476190476191,0.0,1.185430689840046,-0.0,1,5128,99
3800.0,3.0,1266.6666666666667,800.0,1500.0,700.0,0.39473684210526316,0.21052631578947367,0.33333333333333337,329.98316455372213,0.0,0.0,0.0,0.0,0.0,0.0,0.0,0.0,35.0,4537.142857142857,3.2857142857142856,0.28695652173913044,0.02857142857142857,0.8248931239388748,-0.5564476190476191,0.0,1.0459682557412169,-0.0,0,5128,99
3800.0,4.0,950.0,600.0,1400.0,800.0,0.3684210526315789,0.15789473684210525,0.25,295.8039891549808,0.0,0.0,0.0,0.0,0.0,0.0,0.0,0.0,35.0,4537.142857142857,3.2857142857142856,0.28695652173913044,0.02857142857142857,0.8248931239388748,-0.5564476190476191,0.0,0.9762370386918025,-0.0,0,5128,99
5100.0,3.0,1700.0,1000.0,2200.0,1200.0,0.43137254901960786,0.19607843137254902,0.3333333333333333,509.9019513592785,0.0,0.0,0.0,0.0,0.0,0.0,0.0,0.0,35.0,4537.142857142857,3.2857142857142856,0.28695652173913044,0.02857142857142857,0.8248931239388748,-0.5564476190476191,0.0,1.1430450481041274,-0.0,1,5129,99
6100.0,3.0,2033.3333333333333,800.0,2700.0,1900.0,0.4426229508196721,0.13114754098360656,0.3333333333333333,873.0533902472531,0.0,0.0,0.0,0.0,53.0,11.0,42.0,26.0,35.0,4537.142857142857,3.2857142857142856,0.28695652173913044,0.02857142857142857,0.8248931239388748,-0.5564476190476191,0.0,1.1728562080770366,-0.029352761904761923,0,5130,99
6100.0,3.0,2033.3333333333333,1000.0,2700.0,1700.0,0.4426229508196721,0.16393442622950818,0.3333333333333333,740.8703590297623,0.0,0.0,0.0,0.0,77.0,53.0,24.0,67.33333333333333,35.0,4537.142857142857,3.2857142857142856,0.28695652173913044,0.02857142857142857,0.8248931239388748,-0.5564476190476191,0.0,1.1728562080770366,-0.07601612698412703,0,5130,99
6100.0,3.0,2033.3333333333333,1000.0,2700.0,1700.0,0.4426229508196721,0.16393442622950818,0.3333333333333333,740.8703590297623,0.0,0.0,0.0,0.0,72.0,0.0,72.0,41.666666666666664,35.0,4537.142857142857,3.2857142857142856,0.28695652173913044,0.02857142857142857,0.8248931239388748,-0.5564476190476191,0.0,1.1728562080770366,-0.04703968253968256,0,5130,99
6100.0,3.0,2033.3333333333333,1000.0,2700.0,1700.0,0.4426229508196721,0.16393442622950818,0.3333333333333333,740.8703590297623,0.0,0.0,0.0,0.0,77.0,8.0,69.0,46.0,35.0,4537.142857142857,3.2857142857142856,0.28695652173913044,0.02857142857142857,0.8248931239388748,-0.5564476190476191,0.0,1.1728562080770366,-0.051931809523809554,0,5130,99
6100.0,3.0,2033.3333333333333,1000.0,2700.0,1700.0,0.4426229508196721,0.16393442622950818,0.3333333333333333,740.8703590297623,0.0,0.0,0.0,0.0,53.0,0.0,53.0,20.333333333333332,35.0,4537.142857142857,3.2857142857142856,0.28695652173913044,0.02857142857142857,0.8248931239388748,-0.5564476190476191,0.0,1.1728562080770366,-0.02295536507936509,1,5130,99
6100.0,5.0,1220.0,500.0,2700.0,2200.0,0.4426229508196721,0.08196721311475409,0.2,762.6270385975048,0.0,0.0,0.0,0.0,77.0,0.0,77.0,47.2,35.0,4537.142857142857,3.2857142857142856,0.28695652173913044,0.02857142857142857,0.8248931239388748,-0.5564476190476191,0.0,1.1728562080770366,-0.053286552380952416,0,5130,99
6100.0,4.0,1525.0,500.0,2600.0,2100.0,0.4262295081967213,0.08196721311475409,0.25,892.6785535678563,0.0,0.0,0.0,0.0,63.0,11.0,52.0,24.75,35.0,4537.142857142857,3.2857142857142856,0.28695652173913044,0.02857142857142857,0.8248931239388748,-0.5564476190476191,0.0,1.1294170892593687,-0.027941571428571444,0,5130,99
6100.0,4.0,1525.0,500.0,2400.0,1900.0,0.39344262295081966,0.08196721311475409,0.25,881.4051281902097,0.0,0.0,0.0,0.0,72.0,8.0,64.0,39.25,35.0,4537.142857142857,3.2857142857142856,0.28695652173913044,0.02857142857142857,0.8248931239388748,-0.5564476190476191,0.0,1.0425388516240326,-0.04431138095238098,0,5130,99
6100.0,4.0,1525.0,500.0,2400.0,1900.0,0.39344262295081966,0.08196721311475409,0.25,798.0444849756184,0.0,0.0,0.0,0.0,77.0,11.0,66.0,55.75,35.0,4537.142857142857,3.2857142857142856,0.28695652173913044,0.02857142857142857,0.8248931239388748,-0.5564476190476191,0.0,1.0425388516240326,-0.06293909523809528,0,5130,99
6100.0,4.0,1525.0,500.0,2400.0,1900.0,0.39344262295081966,0.08196721311475409,0.25,798.0444849756184,0.0,0.0,0.0,0.0,72.0,0.0,72.0,36.5,35.0,4537.142857142857,3.2857142857142856,0.28695652173913044,0.02857142857142857,0.8248931239388748,-0.5564476190476191,0.0,1.0425388516240326,-0.04120676190476193,0,5130,99
6100.0,5.0,1220.0,800.0,2400.0,1600.0,0.39344262295081966,0.13114754098360656,0.2,594.6427498927402,0.0,0.0,0.0,0.0,77.0,0.0,77.0,41.2,35.0,4537.142857142857,3.2857142857142856,0.28695652173913044,0.02857142857142857,0.8248931239388748,-0.5564476190476191,0.0,1.0425388516240326,-0.046512838095238124,0,5130,99
6100.0,4.0,1525.0,500.0,2400.0,1900.0,0.39344262295081966,0.08196721311475409,0.25,798.0444849756184,0.0,0.0,0.0,0.0,77.0,8.0,69.0,39.75,35.0,4537.142857142857,3.2857142857142856,0.28695652173913044,0.02857142857142857,0.8248931239388748,-0.5564476190476191,0.0,1.0425388516240326,-0.04487585714285717,0,5130,99
6100.0,4.0,1525.0,500.0,2400.0,1900.0,0.39344262295081966,0.08196721311475409,0.25,798.0444849756184,0.0,0.0,0.0,0.0,63.0,0.0,63.0,20.5,35.0,4537.142857142857,3.2857142857142856,0.28695652173913044,0.02857142857142857,0.8248931239388748,-0.5564476190476191,0.0,1.0425388516240326,-0.023143523809523822,0,5130,99
6100.0,5.0,1220.0,800.0,2400.0,1600.0,0.39344262295081966,0.13114754098360656,0.2,594.6427498927402,0.0,0.0,0.0,0.0,77.0,0.0,77.0,28.4,35.0,4537.142857142857,3.2857142857142856,0.28695652173913044,0.02857142857142857,0.8248931239388748,-0.5564476190476191,0.0,1.0425388516240326,-0.032062247619047635,0,5130,99
4000.0,3.0,1333.3333333333333,100.0,2300.0,2200.0,0.575,0.025,0.3333333333333333,917.7266598624137,0.0,0.0,0.0,0.0,0.0,0.0,0.0,0.0,35.0,4537.142857142857,3.2857142857142856,0.28695652173913044,0.02857142857142857,0.8248931239388748,-0.5564476190476191,0.0,1.523627092529706,-0.0,0,5131,99
4000.0,3.0,1333.3333333333333,100.0,2300.0,2200.0,0.575,0.025,0.3333333333333333,917.7266598624137,0.0,0.0,0.0,0.0,0.0,0.0,0.0,0.0,35.0,4537.142857142857,3.2857142857142856,0.28695652173913044,0.02857142857142857,0.8248931239388748,-0.5564476190476191,0.0,1.523627092529706,-0.0,0,5131,99
4000.0,3.0,1333.3333333333333,100.0,2300.0,2200.0,0.575,0.025,0.3333333333333333,917.7266598624137,0.0,0.0,0.0,0.0,8.0,0.0,8.0,2.6666666666666665,35.0,4537.142857142857,3.2857142857142856,0.28695652173913044,0.02857142857142857,0.8248931239388748,-0.5564476190476191,0.0,1.523627092529706,-0.003010539682539684,0,5131,99
4000.0,3.0,1333.3333333333333,100.0,2300.0,2200.0,0.575,0.025,0.3333333333333333,917.7266598624137,0.0,0.0,0.0,0.0,8.0,0.0,8.0,2.6666666666666665,35.0,4537.142857142857,3.2857142857142856,0.28695652173913044,0.02857142857142857,0.8248931239388748,-0.5564476190476191,0.0,1.523627092529706,-0.003010539682539684,0,5131,99
4000.0,4.0,1000.0,100.0,2300.0,2200.0,0.575,0.025,0.25,830.6623862918075,0.0,0.0,0.0,0.0,0.0,0.0,0.0,0.0,35.0,4537.142857142857,3.2857142857142856,0.28695652173913044,0.02857142857142857,0.8248931239388748,-0.5564476190476191,0.0,1.523627092529706,-0.0,0,5131,99
4000.0,4.0,1000.0,100.0,2300.0,2200.0,0.575,0.025,0.25,830.6623862918075,0.0,0.0,0.0,0.0,0.0,0.0,0.0,0.0,35.0,4537.142857142857,3.2857142857142856,0.28695652173913044,0.02857142857142857,0.8248931239388748,-0.5564476190476191,0.0,1.523627092529706,-0.0,0,5131,99
4000.0,2.0,2000.0,1900.0,2100.0,200.0,0.525,0.475,0.5,100.0,0.0,0.0,0.0,0.0,5.0,0.0,5.0,2.5,35.0,4537.142857142857,3.2857142857142856,0.28695652173913044,0.02857142857142857,0.8248931239388748,-0.5564476190476191,0.0,1.3911377801358187,-0.0028223809523809542,0,5131,99
4000.0,3.0,1333.3333333333333,500.0,2100.0,1600.0,0.525,0.125,0.3333333333333333,654.8960901462833,0.0,0.0,0.0,0.0,0.0,0.0,0.0,0.0,35.0,4537.142857142857,3.2857142857142856,0.28695652173913044,0.02857142857142857,0.8248931239388748,-0.5564476190476191,0.0,1.3911377801358187,-0.0,0,5131,99
4000.0,4.0,1000.0,100.0,2100.0,2000.0,0.525,0.025,0.25,728.0109889280518,0.0,0.0,0.0,0.0,5.0,0.0,5.0,1.25,35.0,4537.142857142857,3.2857142857142856,0.28695652173913044,0.02857142857142857,0.8248931239388748,-0.5564476190476191,0.0,1.3911377801358187,-0.0014111904761904771,0,5131,99
4000.0,4.0,1000.0,100.0,2100.0,2000.0,0.525,0.025,0.25,728.0109889280518,0.0,0.0,0.0,0.0,5.0,0.0,5.0,1.25,35.0,4537.142857142857,3.2857142857142856,0.28695652173913044,0.02857142857142857,0.8248931239388748,-0.5564476190476191,0.0,1.3911377801358187,-0.0014111904761904771,0,5131,99
4000.0,4.0,1000.0,100.0,2100.0,2000.0,0.525,0.025,0.25,728.0109889280518,0.0,0.0,0.0,0.0,1.0,0.0,1.0,0.25,35.0,4537.142857142857,3.2857142857142856,0.28695652173913044,0.02857142857142857,0.8248931239388748,-0.5564476190476191,0.0,1.3911377801358187,-0.0002822380952380954,0,5131,99
4000.0,4.0,1000.0,100.0,2100.0,2000.0,0.525,0.025,0.25,728.0109889280518,0.0,0.0,0.0,0.0,1.0,0.0,1.0,0.25,35.0,4537.142857142857,3.2857142857142856,0.28695652173913044,0.02857142857142857,0.8248931239388748,-0.5564476190476191,0.0,1.3911377801358187,-0.0002822380952380954,0,5131,99
4000.0,4.0,1000.0,500.0,2100.0,1600.0,0.525,0.125,0.25,640.3124237432849,0.0,0.0,0.0,0.0,5.0,0.0,5.0,1.5,35.0,4537.142857142857,3.2857142857142856,0.28695652173913044,0.02857142857142857,0.8248931239388748,-0.5564476190476191,0.0,1.3911377801358187,-0.0016934285714285723,0,5131,99
4000.0,3.0,1333.3333333333333,500.0,1900.0,1400.0,0.475,0.125,0.3333333333333333,601.8490028422596,0.0,0.0,0.0,0.0,5.0,0.0,5.0,1.6666666666666667,35.0,4537.142857142857,3.2857142857142856,0.28695652173913044,0.02857142857142857,0.8248931239388748,-0.5564476190476191,0.0,1.258648467741931,-0.0018815873015873025,0,5131,99
4000.0,3.0,1333.3333333333333,500.0,1900.0,1400.0,0.475,0.125,0.3333333333333333,601.8490028422596,0.0,0.0,0.0,0.0,8.0,0.0,8.0,4.333333333333333,35.0,4537.142857142857,3.2857142857142856,0.28695652173913044,0.02857142857142857,0.8248931239388748,-0.5564476190476191,0.0,1.258648467741931,-0.004892126984126987,0,5131,99
4000.0,3.0,1333.3333333333333,700.0,1900.0,1200.0,0.475,0.175,0.3333333333333333,492.1607686744467,0.0,0.0,0.0,0.0,5.0,0.0,5.0,3.3333333333333335,35.0,4537.142857142857,3.2857142857142856,0.28695652173913044,0.02857142857142857,0.8248931239388748,-0.5564476190476191,0.0,1.258648467741931,-0.003763174603174605,0,5131,99
4000.0,3.0,1333.3333333333333,700.0,1900.0,1200.0,0.475,0.175,0.3333333333333333,492.1607686744467,0.0,0.0,0.0,0.0,5.0,0.0,5.0,2.0,35.0,4537.142857142857,3.2857142857142856,0.28695652173913044,0.02857142857142857,0.8248931239388748,-0.5564476190476191,0.0,1.258648467741931,-0.002257904761904763,0,5131,99
4000.0,5.0,800.0,100.0,1900.0,1800.0,0.475,0.025,0.2,726.636084983398,0.0,0.0,0.0,0.0,5.0,0.0,5.0,1.0,35.0,4537.142857142857,3.2857142857142856,0.28695652173913044,0.02857142857142857,0.8248931239388748,-0.5564476190476191,0.0,1.258648467741931,-0.0011289523809523815,0,5131,99
4000.0,6.0,666.6666666666666,100.0,1900.0,1800.0,0.475,0.025,0.16666666666666666,604.6119049072352,0.0,0.0,0.0,0.0,5.0,0.0,5.0,1.8333333333333333,35.0,4537.142857142857,3.2857142857142856,0.28695652173913044,0.02857142857142857,0.8248931239388748,-0.5564476190476191,0.0,1.258648467741931,-0.002069746031746033,0,5131,99
4000.0,4.0,1000.0,100.0,1600.0,1500.0,0.4,0.025,0.25,636.3961030678928,0.0,0.0,0.0,0.0,8.0,0.0,8.0,3.25,35.0,4537.142857142857,3.2857142857142856,0.28695652173913044,0.02857142857142857,0.8248931239388748,-0.5564476190476191,0.0,1.0599144991510998,-0.0036690952380952404,0,5131,99
4000.0,4.0,1000.0,100.0,1600.0,1500.0,0.4,0.025,0.25,636.3961030678928,0.0,0.0,0.0,0.0,8.0,0.0,8.0,3.25,35.0,4537.142857142857,3.2857142857142856,0.28695652173913044,0.02857142857142857,0.8248931239388748,-0.5564476190476191,0.0,1.0599144991510998,-0.0036690952380952404,0,5131,99
4000.0,4.0,1000.0,100.0,1600.0,1500.0,0.4,0.025,0.25,636.3961030678928,0.0,0.0,0.0,0.0,8.0,0.0,8.0,2.25,35.0,4537.142857142857,3.2857142857142856,0.28695652173913044,0.02857142857142857,0.8248931239388748,-0.5564476190476191,0.0,1.0599144991510998,-0.0025401428571428584,0,5131,99
4000.0,4.0,1000.0,100.0,1600.0,1500.0,0.4,0.025,0.25,636.3961030678928,0.0,0.0,0.0,0.0,8.0,0.0,8.0,2.25,35.0,4537.142857142857,3.2857142857142856,0.28695652173913044,0.02857142857142857,0.8248931239388748,-0.5564476190476191,0.0,1.0599144991510998,-0.0025401428571428584,0,5131,99
4000.0,5.0,800.0,100.0,1600.0,1500.0,0.4,0.025,0.2,513.8093031466052,0.0,0.0,0.0,0.0,5.0,0.0,5.0,1.0,35.0,4537.142857142857,3.2857142857142856,0.28695652173913044,0.02857142857142857,0.8248931239388748,-0.5564476190476191,0.0,1.0599144991510998,-0.0011289523809523815,0,5131,99
4000.0,5.0,800.0,100.0,1600.0,1500.0,0.4,0.025,0.2,513.8093031466052,0.0,0.0,0.0,0.0,5.0,0.0,5.0,1.0,35.0,4537.142857142857,3.2857142857142856,0.28695652173913044,0.02857142857142857,0.8248931239388748,-0.5564476190476191,0.0,1.0599144991510998,-0.0011289523809523815,0,5131,99
4000.0,5.0,800.0,100.0,1600.0,1500.0,0.4,0.025,0.2,513.8093031466052,0.0,0.0,0.0,0.0,1.0,0.0,1.0,0.2,35.0,4537.142857142857,3.2857142857142856,0.28695652173913044,0.02857142857142857,0.8248931239388748,-0.5564476190476191,0.0,1.0599144991510998,-0.0002257904761904763,0,5131,99
4000.0,5.0,800.0,100.0,1600.0,1500.0,0.4,0.025,0.2,513.8093031466052,0.0,0.0,0.0,0.0,1.0,0.0,1.0,0.2,35.0,4537.142857142857,3.2857142857142856,0.28695652173913044,0.02857142857142857,0.8248931239388748,-0.5564476190476191,0.0,1.0599144991510998,-0.0002257904761904763,0,5131,99
4000.0,5.0,800.0,100.0,1600.0,1500.0,0.4,0.025,0.2,513.8093031466052,0.0,0.0,0.0,0.0,8.0,0.0,8.0,2.6,35.0,4537.142857142857,3.2857142857142856,0.28695652173913044,0.02857142857142857,0.8248931239388748,-0.5564476190476191,0.0,1.0599144991510998,-0.0029352761904761922,0,5131,99
4000.0,5.0,800.0,100.0,1600.0,1500.0,0.4,0.025,0.2,513.8093031466052,0.0,0.0,0.0,0.0,8.0,0.0,8.0,2.6,35.0,4537.142857142857,3.2857142857142856,0.28695652173913044,0.02857142857142857,0.8248931239388748,-0.5564476190476191,0.0,1.0599144991510998,-0.0029352761904761922,0,5131,99
4000.0,5.0,800.0,100.0,1600.0,1500.0,0.4,0.025,0.2,513.8093031466052,0.0,0.0,0.0,0.0,8.0,0.0,8.0,1.8,35.0,4537.142857142857,3.2857142857142856,0.28695652173913044,0.02857142857142857,0.8248931239388748,-0.5564476190476191,0.0,1.0599144991510998,-0.002032114285714287,1,5131,99
4000.0,5.0,800.0,100.0,1600.0,1500.0,0.4,0.025,0.2,513.8093031466052,0.0,0.0,0.0,0.0,8.0,0.0,8.0,1.8,35.0,4537.142857142857,3.2857142857142856,0.28695652173913044,0.02857142857142857,0.8248931239388748,-0.5564476190476191,0.0,1.0599144991510998,-0.002032114285714287,0,5131,99
4000.0,5.0,800.0,100.0,1400.0,1300.0,0.35,0.025,0.2,438.1780460041329,0.0,0.0,0.0,0.0,5.0,0.0,5.0,1.2,35.0,4537.142857142857,3.2857142857142856,0.28695652173913044,0.02857142857142857,0.8248931239388748,-0.5564476190476191,0.0,0.9274251867572123,-0.001354742857142858,0,5131,99
4000.0,5.0,800.0,100.0,1400.0,1300.0,0.35,0.025,0.2,438.1780460041329,0.0,0.0,0.0,0.0,5.0,0.0,5.0,1.2,35.0,4537.142857142857,3.2857142857142856,0.28695652173913044,0.02857142857142857,0.8248931239388748,-0.5564476190476191,0.0,0.9274251867572123,-0.001354742857142858,0,5131,99
4300.0,2.0,2150.0,1400.0,2900.0,1500.0,0.6744186046511628,0.32558139534883723,0.5,750.0,0.0,0.0,0.0,0.0,0.0,0.0,0.0,0.0,35.0,4537.142857142857,3.2857142857142856,0.28695652173913044,0.02857142857142857,0.8248931239388748,-0.5564476190476191,0.0,1.787065143917552,-0.0,0,5132,99
4300.0,3.0,1433.3333333333333,200.0,2500.0,2300.0,0.5813953488372093,0.046511627906976744,0.3333333333333333,946.3379711052261,0.0,0.0,0.0,0.0,0.0,0.0,0.0,0.0,35.0,4537.142857142857,3.2857142857142856,0.28695652173913044,0.02857142857142857,0.8248931239388748,-0.5564476190476191,0.0,1.5405733999289244,-0.0,0,5132,99
4300.0,3.0,1433.3333333333333,400.0,2500.0,2100.0,0.5813953488372093,0.09302325581395349,0.3333333333333333,857.6453553512405,0.0,0.0,0.0,0.0,0.0,0.0,0.0,0.0,35.0,4537.142857142857,3.2857142857142856,0.28695652173913044,0.02857142857142857,0.8248931239388748,-0.5564476190476191,0.0,1.5405733999289244,-0.0,0,5132,99
4300.0,3.0,1433.3333333333333,200.0,2100.0,1900.0,0.4883720930232558,0.046511627906976744,0.3333333333333333,873.0533902472531,0.0,0.0,0.0,0.0,0.0,0.0,0.0,0.0,35.0,4537.142857142857,3.2857142857142856,0.28695652173913044,0.02857142857142857,0.8248931239388748,-0.5564476190476191,0.0,1.2940816559402963,-0.0,1,5132,99
4300.0,4.0,1075.0,200.0,2100.0,1900.0,0.4883720930232558,0.046511627906976744,0.25,798.0444849756184,0.0,0.0,0.0,0.0,0.0,0.0,0.0,0.0,35.0,4537.142857142857,3.2857142857142856,0.28695652173913044,0.02857142857142857,0.8248931239388748,-0.5564476190476191,0.0,1.2940816559402963,-0.0,0,5132,99
4300.0,3.0,1433.3333333333333,700.0,2000.0,1300.0,0.46511627906976744,0.16279069767441862,0.3333333333333333,543.6502143433363,0.0,0.0,0.0,0.0,0.0,0.0,0.0,0.0,35.0,4537.142857142857,3.2857142857142856,0.28695652173913044,0.02857142857142857,0.8248931239388748,-0.5564476190476191,0.0,1.2324587199431394,-0.0,0,5132,99
4300.0,4.0,1075.0,200.0,2000.0,1800.0,0.46511627906976744,0.046511627906976744,0.25,683.2825184358225,0.0,0.0,0.0,0.0,0.0,0.0,0.0,0.0,35.0,4537.142857142857,3.2857142857142856,0.28695652173913044,0.02857142857142857,0.8248931239388748,-0.5564476190476191,0.0,1.2324587199431394,-0.0,0,5132,99
4300.0,5.0,860.0,200.0,1600.0,1400.0,0.37209302325581395,0.046511627906976744,0.2,549.9090833947008,0.0,0.0,0.0,0.0,0.0,0.0,0.0,0.0,35.0,4537.142857142857,3.2857142857142856,0.28695652173913044,0.02857142857142857,0.8248931239388748,-0.5564476190476191,0.0,0.9859669759545114,-0.0,0,5132,99
3900.0,2.0,1950.0,1600.0,2300.0,700.0,0.5897435897435898,0.41025641025641024,0.5,350.0,0.0,0.0,0.0,0.0,21.0,0.0,21.0,10.5,35.0,4537.142857142857,3.2857142857142856,0.28695652173913044,0.02857142857142857,0.8248931239388748,-0.5564476190476191,0.0,1.5626944538766216,-0.011854000000000007,1,5133,99
3000.0,2.0,1500.0,300.0,2700.0,2400.0,0.9,0.1,0.5,1200.0,0.0,0.0,0.0,0.0,0.0,0.0,0.0,0.0,35.0,4537.142857142857,3.2857142857142856,0.28695652173913044,0.02857142857142857,0.8248931239388748,-0.5564476190476191,0.0,2.3848076230899746,-0.0,1,5134,99
3000.0,2.0,1500.0,1500.0,1500.0,0.0,0.5,0.5,0.5,0.0,0.0,0.0,0.0,0.0,0.0,0.0,0.0,0.0,35.0,4537.142857142857,3.2857142857142856,0.28695652173913044,0.02857142857142857,0.8248931239388748,-0.5564476190476191,0.0,1.3248931239388748,-0.0,0,5134,99
700.0,2.0,350.0,100.0,600.0,500.0,0.8571428571428571,0.14285714285714285,0.5,250.0,0.0,0.0,0.0,0.0,0.0,0.0,0.0,0.0,35.0,4537.142857142857,3.2857142857142856,0.28695652173913044,0.02857142857142857,0.8248931239388748,-0.5564476190476191,0.0,2.2712453553237855,-0.0,1,5135,99
7100.0,3.0,2366.6666666666665,1700.0,2900.0,1200.0,0.4084507042253521,0.23943661971830985,0.3333333333333333,498.88765156985886,0.0,0.0,0.0,0.0,0.0,0.0,0.0,0.0,35.0,4537.142857142857,3.2857142857142856,0.28695652173913044,0.02857142857142857,0.8248931239388748,-0.5564476190476191,0.0,1.0823070589923203,-0.0,0,5136,99
7100.0,3.0,2366.6666666666665,1700.0,2900.0,1200.0,0.4084507042253521,0.23943661971830985,0.3333333333333333,498.88765156985886,0.0,0.0,0.0,0.0,0.0,0.0,0.0,0.0,35.0,4537.142857142857,3.2857142857142856,0.28695652173913044,0.02857142857142857,0.8248931239388748,-0.5564476190476191,0.0,1.0823070589923203,-0.0,0,5136,99
7100.0,3.0,2366.6666666666665,1900.0,2900.0,1000.0,0.4084507042253521,0.2676056338028169,0.3333333333333333,410.96093353126514,0.0,0.0,0.0,0.0,0.0,0.0,0.0,0.0,35.0,4537.142857142857,3.2857142857142856,0.28695652173913044,0.02857142857142857,0.8248931239388748,-0.5564476190476191,0.0,1.0823070589923203,-0.0,0,5136,99
7100.0,4.0,1775.0,200.0,2900.0,2700.0,0.4084507042253521,0.028169014084507043,0.25,1003.4316120194738,0.0,0.0,0.0,0.0,0.0,0.0,0.0,0.0,35.0,4537.142857142857,3.2857142857142856,0.28695652173913044,0.02857142857142857,0.8248931239388748,-0.5564476190476191,0.0,1.0823070589923203,-0.0,0,5136,99
7100.0,4.0,1775.0,200.0,2900.0,2700.0,0.4084507042253521,0.028169014084507043,0.25,983.2980219648568,0.0,0.0,0.0,0.0,0.0,0.0,0.0,0.0,35.0,4537.142857142857,3.2857142857142856,0.28695652173913044,0.02857142857142857,0.8248931239388748,-0.5564476190476191,0.0,1.0823070589923203,-0.0,1,5136,99
7100.0,4.0,1775.0,600.0,2900.0,2300.0,0.4084507042253521,0.08450704225352113,0.25,816.6241485530537,0.0,0.0,0.0,0.0,0.0,0.0,0.0,0.0,35.0,4537.142857142857,3.2857142857142856,0.28695652173913044,0.02857142857142857,0.8248931239388748,-0.5564476190476191,0.0,1.0823070589923203,-0.0,0,5136,99
7100.0,4.0,1775.0,200.0,2800.0,2600.0,0.39436619718309857,0.028169014084507043,0.25,1010.8783309577865,0.0,0.0,0.0,0.0,0.0,0.0,0.0,0.0,35.0,4537.142857142857,3.2857142857142856,0.28695652173913044,0.02857142857142857,0.8248931239388748,-0.5564476190476191,0.0,1.0449861259236195,-0.0,0,5136,99
7100.0,4.0,1775.0,200.0,2800.0,2600.0,0.39436619718309857,0.028169014084507043,0.25,1010.8783309577865,0.0,0.0,0.0,0.0,0.0,0.0,0.0,0.0,35.0,4537.142857142857,3.2857142857142856,0.28695652173913044,0.02857142857142857,0.8248931239388748,-0.5564476190476191,0.0,1.0449861259236195,-0.0,0,5136,99
7100.0,3.0,2366.6666666666665,2100.0,2800.0,700.0,0.39436619718309857,0.29577464788732394,0.3333333333333333,309.12061651652346,0.0,0.0,0.0,0.0,0.0,0.0,0.0,0.0,35.0,4537.142857142857,3.2857142857142856,0.28695652173913044,0.02857142857142857,0.8248931239388748,-0.5564476190476191,0.0,1.0449861259236195,-0.0,0,5136,99
7100.0,4.0,1775.0,200.0,2800.0,2600.0,0.39436619718309857,0.028169014084507043,0.25,965.3367288153911,0.0,0.0,0.0,0.0,0.0,0.0,0.0,0.0,35.0,4537.142857142857,3.2857142857142856,0.28695652173913044,0.02857142857142857,0.8248931239388748,-0.5564476190476191,0.0,1.0449861259236195,-0.0,0,5136,99
7100.0,4.0,1775.0,600.0,2800.0,2200.0,0.39436619718309857,0.08450704225352113,0.25,801.1710179481032,0.0,0.0,0.0,0.0,0.0,0.0,0.0,0.0,35.0,4537.142857142857,3.2857142857142856,0.28695652173913044,0.02857142857142857,0.8248931239388748,-0.5564476190476191,0.0,1.0449861259236195,-0.0,0,5136,99
7100.0,5.0,1420.0,200.0,2800.0,2600.0,0.39436619718309857,0.028169014084507043,0.2,930.3762679690406,0.0,0.0,0.0,0.0,0.0,0.0,0.0,0.0,35.0,4537.142857142857,3.2857142857142856,0.28695652173913044,0.02857142857142857,0.8248931239388748,-0.5564476190476191,0.0,1.0449861259236195,-0.0,0,5136,99
7100.0,3.0,2366.6666666666665,2100.0,2500.0,400.0,0.352112676056338,0.29577464788732394,0.3333333333333333,188.56180831641268,0.0,0.0,0.0,0.0,0.0,0.0,0.0,0.0,35.0,4537.142857142857,3.2857142857142856,0.28695652173913044,0.02857142857142857,0.8248931239388748,-0.5564476190476191,0.0,0.9330233267175174,-0.0,0,5136,99
7100.0,4.0,1775.0,200.0,2500.0,2300.0,0.352112676056338,0.028169014084507043,0.25,941.7404100918682,0.0,0.0,0.0,0.0,0.0,0.0,0.0,0.0,35.0,4537.142857142857,3.2857142857142856,0.28695652173913044,0.02857142857142857,0.8248931239388748,-0.5564476190476191,0.0,0.9330233267175174,-0.0,0,5136,99
7100.0,4.0,1775.0,200.0,2500.0,2300.0,0.352112676056338,0.028169014084507043,0.25,920.2581159652981,0.0,0.0,0.0,0.0,0.0,0.0,0.0,0.0,35.0,4537.142857142857,3.2857142857142856,0.28695652173913044,0.02857142857142857,0.8248931239388748,-0.5564476190476191,0.0,0.9330233267175174,-0.0,0,5136,99
7100.0,4.0,1775.0,600.0,2500.0,1900.0,0.352112676056338,0.08450704225352113,0.25,739.509972887452,0.0,0.0,0.0,0.0,0.0,0.0,0.0,0.0,35.0,4537.142857142857,3.2857142857142856,0.28695652173913044,0.02857142857142857,0.8248931239388748,-0.5564476190476191,0.0,0.9330233267175174,-0.0,0,5136,99
7100.0,5.0,1420.0,200.0,2500.0,2300.0,0.352112676056338,0.028169014084507043,0.2,890.8422980528035,0.0,0.0,0.0,0.0,0.0,0.0,0.0,0.0,35.0,4537.142857142857,3.2857142857142856,0.28695652173913044,0.02857142857142857,0.8248931239388748,-0.5564476190476191,0.0,0.9330233267175174,-0.0,0,5136,99
7100.0,4.0,1775.0,600.0,2500.0,1900.0,0.352112676056338,0.08450704225352113,0.25,711.9515432949071,0.0,0.0,0.0,0.0,0.0,0.0,0.0,0.0,35.0,4537.142857142857,3.2857142857142856,0.28695652173913044,0.02857142857142857,0.8248931239388748,-0.5564476190476191,0.0,0.9330233267175174,-0.0,0,5136,99
7100.0,5.0,1420.0,200.0,2500.0,2300.0,0.352112676056338,0.028169014084507043,0.2,879.5453370918409,0.0,0.0,0.0,0.0,0.0,0.0,0.0,0.0,35.0,4537.142857142857,3.2857142857142856,0.28695652173913044,0.02857142857142857,0.8248931239388748,-0.5564476190476191,0.0,0.9330233267175174,-0.0,0,5136,99
7100.0,4.0,1775.0,200.0,2500.0,2300.0,0.352112676056338,0.028169014084507043,0.25,920.2581159652981,0.0,0.0,0.0,0.0,0.0,0.0,0.0,0.0,35.0,4537.142857142857,3.2857142857142856,0.28695652173913044,0.02857142857142857,0.8248931239388748,-0.5564476190476191,0.0,0.9330233267175174,-0.0,0,5136,99
7100.0,4.0,1775.0,600.0,2500.0,1900.0,0.352112676056338,0.08450704225352113,0.25,739.509972887452,0.0,0.0,0.0,0.0,0.0,0.0,0.0,0.0,35.0,4537.142857142857,3.2857142857142856,0.28695652173913044,0.02857142857142857,0.8248931239388748,-0.5564476190476191,0.0,0.9330233267175174,-0.0,0,5136,99
7100.0,5.0,1420.0,200.0,2500.0,2300.0,0.352112676056338,0.028169014084507043,0.2,890.8422980528035,0.0,0.0,0.0,0.0,0.0,0.0,0.0,0.0,35.0,4537.142857142857,3.2857142857142856,0.28695652173913044,0.02857142857142857,0.8248931239388748,-0.5564476190476191,0.0,0.9330233267175174,-0.0,0,5136,99
7100.0,4.0,1775.0,600.0,2500.0,1900.0,0.352112676056338,0.08450704225352113,0.25,711.9515432949071,0.0,0.0,0.0,0.0,0.0,0.0,0.0,0.0,35.0,4537.142857142857,3.2857142857142856,0.28695652173913044,0.02857142857142857,0.8248931239388748,-0.5564476190476191,0.0,0.9330233267175174,-0.0,0,5136,99
7100.0,5.0,1420.0,200.0,2500.0,2300.0,0.352112676056338,0.028169014084507043,0.2,879.5453370918409,0.0,0.0,0.0,0.0,0.0,0.0,0.0,0.0,35.0,4537.142857142857,3.2857142857142856,0.28695652173913044,0.02857142857142857,0.8248931239388748,-0.5564476190476191,0.0,0.9330233267175174,-0.0,0,5136,99
7100.0,5.0,1420.0,200.0,2300.0,2100.0,0.323943661971831,0.028169014084507043,0.2,851.8215775618742,0.0,0.0,0.0,0.0,0.0,0.0,0.0,0.0,35.0,4537.142857142857,3.2857142857142856,0.28695652173913044,0.02857142857142857,0.8248931239388748,-0.5564476190476191,0.0,0.8583814605801161,-0.0,0,5136,99
1300.0,2.0,650.0,200.0,1100.0,900.0,0.8461538461538461,0.15384615384615385,0.5,450.0,0.0,0.0,0.0,0.0,0.0,0.0,0.0,0.0,35.0,4537.142857142857,3.2857142857142856,0.28695652173913044,0.02857142857142857,0.8248931239388748,-0.5564476190476191,0.0,2.2421268251273268,-0.0,1,5137,99
2700.0,1.0,2700.0,2700.0,2700.0,0.0,1.0,1.0,1.0,0.0,0.0,0.0,0.0,0.0,0.0,0.0,0.0,0.0,35.0,4537.142857142857,3.2857142857142856,0.28695652173913044,0.02857142857142857,0.8248931239388748,-0.5564476190476191,0.0,2.6497862478777496,-0.0,1,5138,99
2700.0,2.0,1350.0,400.0,2300.0,1900.0,0.8518518518518519,0.14814814814814814,0.5,950.0,0.0,0.0,0.0,0.0,0.0,0.0,0.0,0.0,35.0,4537.142857142857,3.2857142857142856,0.28695652173913044,0.02857142857142857,0.8248931239388748,-0.5564476190476191,0.0,2.257225322266231,-0.0,0,5138,99
2700.0,2.0,1350.0,400.0,2300.0,1900.0,0.8518518518518519,0.14814814814814814,0.5,950.0,0.0,0.0,0.0,0.0,0.0,0.0,0.0,0.0,35.0,4537.142857142857,3.2857142857142856,0.28695652173913044,0.02857142857142857,0.8248931239388748,-0.5564476190476191,0.0,2.257225322266231,-0.0,0,5138,99
2700.0,2.0,1350.0,400.0,2300.0,1900.0,0.8518518518518519,0.14814814814814814,0.5,950.0,0.0,0.0,0.0,0.0,0.0,0.0,0.0,0.0,35.0,4537.142857142857,3.2857142857142856,0.28695652173913044,0.02857142857142857,0.8248931239388748,-0.5564476190476191,0.0,2.257225322266231,-0.0,0,5138,99
2700.0,2.0,1350.0,400.0,2300.0,1900.0,0.8518518518518519,0.14814814814814814,0.5,950.0,0.0,0.0,0.0,0.0,0.0,0.0,0.0,0.0,35.0,4537.142857142857,3.2857142857142856,0.28695652173913044,0.02857142857142857,0.8248931239388748,-0.5564476190476191,0.0,2.257225322266231,-0.0,0,5138,99
2700.0,2.0,1350.0,400.0,2300.0,1900.0,0.8518518518518519,0.14814814814814814,0.5,950.0,0.0,0.0,0.0,0.0,0.0,0.0,0.0,0.0,35.0,4537.142857142857,3.2857142857142856,0.28695652173913044,0.02857142857142857,0.8248931239388748,-0.5564476190476191,0.0,2.257225322266231,-0.0,0,5138,99
2700.0,2.0,1350.0,400.0,2300.0,1900.0,0.8518518518518519,0.14814814814814814,0.5,950.0,0.0,0.0,0.0,0.0,0.0,0.0,0.0,0.0,35.0,4537.142857142857,3.2857142857142856,0.28695652173913044,0.02857142857142857,0.8248931239388748,-0.5564476190476191,0.0,2.257225322266231,-0.0,0,5138,99
2700.0,2.0,1350.0,700.0,2000.0,1300.0,0.7407407407407407,0.25925925925925924,0.5,650.0,0.0,0.0,0.0,0.0,0.0,0.0,0.0,0.0,35.0,4537.142857142857,3.2857142857142856,0.28695652173913044,0.02857142857142857,0.8248931239388748,-0.5564476190476191,0.0,1.9628046280575921,-0.0,0,5138,99
2700.0,3.0,900.0,400.0,1800.0,1400.0,0.6666666666666666,0.14814814814814814,0.3333333333333333,637.7042156569664,0.0,0.0,0.0,0.0,0.0,0.0,0.0,0.0,35.0,4537.142857142857,3.2857142857142856,0.28695652173913044,0.02857142857142857,0.8248931239388748,-0.5564476190476191,0.0,1.766524165251833,-0.0,0,5138,99
2700.0,3.0,900.0,400.0,1800.0,1400.0,0.6666666666666666,0.14814814814814814,0.3333333333333333,637.7042156569664,0.0,0.0,0.0,0.0,0.0,0.0,0.0,0.0,35.0,4537.142857142857,3.2857142857142856,0.28695652173913044,0.02857142857142857,0.8248931239388748,-0.5564476190476191,0.0,1.766524165251833,-0.0,0,5138,99
2700.0,4.0,675.0,100.0,1800.0,1700.0,0.6666666666666666,0.037037037037037035,0.25,660.9652033201143,0.0,0.0,0.0,0.0,0.0,0.0,0.0,0.0,35.0,4537.142857142857,3.2857142857142856,0.28695652173913044,0.02857142857142857,0.8248931239388748,-0.5564476190476191,0.0,1.766524165251833,-0.0,0,5138,99
2600.0,2.0,1300.0,900.0,1700.0,800.0,0.6538461538461539,0.34615384615384615,0.5,400.0,0.0,0.0,0.0,0.0,0.0,0.0,0.0,0.0,35.0,4537.142857142857,3.2857142857142856,0.28695652173913044,0.02857142857142857,0.8248931239388748,-0.5564476190476191,0.0,1.732552546689298,-0.0,1,5139,99
4000.0,2.0,2000.0,1700.0,2300.0,600.0,0.575,0.425,0.5,300.0,0.0,0.0,0.0,0.0,1.0,0.0,1.0,0.5,35.0,4537.142857142857,3.2857142857142856,0.28695652173913044,0.02857142857142857,0.8248931239388748,-0.5564476190476191,0.0,1.523627092529706,-0.0005644761904761908,0,5140,99
4000.0,3.0,1333.3333333333333,700.0,2300.0,1600.0,0.575,0.175,0.3333333333333333,694.4222218666553,0.0,0.0,0.0,0.0,39.0,1.0,38.0,16.666666666666668,35.0,4537.142857142857,3.2857142857142856,0.28695652173913044,0.02857142857142857,0.8248931239388748,-0.5564476190476191,0.0,1.523627092529706,-0.01881587301587303,0,5140,99
4000.0,2.0,2000.0,1700.0,2300.0,600.0,0.575,0.425,0.5,300.0,0.0,0.0,0.0,0.0,25.0,0.0,25.0,12.5,35.0,4537.142857142857,3.2857142857142856,0.28695652173913044,0.02857142857142857,0.8248931239388748,-0.5564476190476191,0.0,1.523627092529706,-0.01411190476190477,0,5140,99
4000.0,3.0,1333.3333333333333,700.0,2300.0,1600.0,0.575,0.175,0.3333333333333333,694.4222218666553,0.0,0.0,0.0,0.0,39.0,10.0,29.0,24.666666666666668,35.0,4537.142857142857,3.2857142857142856,0.28695652173913044,0.02857142857142857,0.8248931239388748,-0.5564476190476191,0.0,1.523627092529706,-0.02784749206349208,0,5140,99
4000.0,2.0,2000.0,1700.0,2300.0,600.0,0.575,0.425,0.5,300.0,0.0,0.0,0.0,0.0,14.0,0.0,14.0,7.0,35.0,4537.142857142857,3.2857142857142856,0.28695652173913044,0.02857142857142857,0.8248931239388748,-0.5564476190476191,0.0,1.523627092529706,-0.007902666666666672,0,5140,99
4000.0,3.0,1333.3333333333333,700.0,2300.0,1600.0,0.575,0.175,0.3333333333333333,694.4222218666553,0.0,0.0,0.0,0.0,39.0,10.0,29.0,21.0,35.0,4537.142857142857,3.2857142857142856,0.28695652173913044,0.02857142857142857,0.8248931239388748,-0.5564476190476191,0.0,1.523627092529706,-0.023708000000000014,1,5140,99
4000.0,2.0,2000.0,1700.0,2300.0,600.0,0.575,0.425,0.5,300.0,0.0,0.0,0.0,0.0,0.0,0.0,0.0,0.0,35.0,4537.142857142857,3.2857142857142856,0.28695652173913044,0.02857142857142857,0.8248931239388748,-0.5564476190476191,0.0,1.523627092529706,-0.0,0,5140,99
4000.0,3.0,1333.3333333333333,700.0,2300.0,1600.0,0.575,0.175,0.3333333333333333,694.4222218666553,0.0,0.0,0.0,0.0,39.0,0.0,39.0,16.333333333333332,35.0,4537.142857142857,3.2857142857142856,0.28695652173913044,0.02857142857142857,0.8248931239388748,-0.5564476190476191,0.0,1.523627092529706,-0.018439555555555567,0,5140,99
4000.0,2.0,2000.0,1800.0,2200.0,400.0,0.55,0.45,0.5,200.0,0.0,0.0,0.0,0.0,0.0,0.0,0.0,0.0,35.0,4537.142857142857,3.2857142857142856,0.28695652173913044,0.02857142857142857,0.8248931239388748,-0.5564476190476191,0.0,1.4573824363327623,-0.0,0,5140,99
4000.0,2.0,2000.0,1800.0,2200.0,400.0,0.55,0.45,0.5,200.0,0.0,0.0,0.0,0.0,26.0,0.0,26.0,13.0,35.0,4537.142857142857,3.2857142857142856,0.28695652173913044,0.02857142857142857,0.8248931239388748,-0.5564476190476191,0.0,1.4573824363327623,-0.014676380952380962,0,5140,99
5400.0,2.0,2700.0,2400.0,3000.0,600.0,0.5555555555555556,0.4444444444444444,0.5,300.0,0.0,0.0,0.0,0.0,0.0,0.0,0.0,0.0,2.0,4200.0,2.0,0.0,1.0,0.9799999964133332,-1.3,0.0,1.6444444404592593,-0.0,1,5141,105
5400.0,2.0,2700.0,2400.0,3000.0,600.0,0.5555555555555556,0.4444444444444444,0.5,300.0,0.0,0.0,0.0,0.0,0.0,0.0,0.0,0.0,2.0,4200.0,2.0,0.0,1.0,0.9799999964133332,-1.3,0.0,1.6444444404592593,-0.0,0,5141,105
5400.0,3.0,1800.0,400.0,3000.0,2600.0,0.5555555555555556,0.07407407407407407,0.3333333333333333,1070.8252269472673,0.0,0.0,0.0,0.0,4.0,0.0,4.0,1.3333333333333333,2.0,4200.0,2.0,0.0,1.0,0.9799999964133332,-1.3,0.0,1.6444444404592593,-0.021333333333333333,0,5141,105
5400.0,4.0,1350.0,200.0,3000.0,2800.0,0.5555555555555556,0.037037037037037035,0.25,1134.6805717910217,0.0,0.0,0.0,0.0,0.0,0.0,0.0,0.0,2.0,4200.0,2.0,0.0,1.0,0.9799999964133332,-1.3,0.0,1.6444444404592593,-0.0,0,5141,105
5400.0,4.0,1350.0,200.0,3000.0,2800.0,0.5555555555555556,0.037037037037037035,0.25,1042.8326807307105,0.0,0.0,0.0,0.0,5.0,0.0,5.0,1.25,2.0,4200.0,2.0,0.0,1.0,0.9799999964133332,-1.3,0.0,1.6444444404592593,-0.020000000000000004,0,5141,105
5400.0,4.0,1350.0,200.0,2400.0,2200.0,0.4444444444444444,0.037037037037037035,0.25,1052.3782589924595,0.0,0.0,0.0,0.0,0.0,0.0,0.0,0.0,2.0,4200.0,2.0,0.0,1.0,0.9799999964133332,-1.3,0.0,1.3155555523674072,-0.0,0,5141,105
5400.0,4.0,1350.0,200.0,2400.0,2200.0,0.4444444444444444,0.037037037037037035,0.25,887.4119674649424,0.0,0.0,0.0,0.0,4.0,0.0,4.0,1.0,2.0,4200.0,2.0,0.0,1.0,0.9799999964133332,-1.3,0.0,1.3155555523674072,-0.016,0,5141,105
5400.0,4.0,1350.0,400.0,2400.0,2000.0,0.4444444444444444,0.07407407407407407,0.25,792.148975887743,0.0,0.0,0.0,0.0,0.0,0.0,0.0,0.0,2.0,4200.0,2.0,0.0,1.0,0.9799999964133332,-1.3,0.0,1.3155555523674072,-0.0,0,5141,105
5400.0,4.0,1350.0,200.0,2400.0,2200.0,0.4444444444444444,0.037037037037037035,0.25,887.4119674649424,0.0,0.0,0.0,0.0,4.0,0.0,4.0,1.0,2.0,4200.0,2.0,0.0,1.0,0.9799999964133332,-1.3,0.0,1.3155555523674072,-0.016,0,5141,105
5400.0,4.0,1350.0,400.0,2400.0,2000.0,0.4444444444444444,0.07407407407407407,0.25,792.148975887743,0.0,0.0,0.0,0.0,0.0,0.0,0.0,0.0,2.0,4200.0,2.0,0.0,1.0,0.9799999964133332,-1.3,0.0,1.3155555523674072,-0.0,0,5141,105
5400.0,4.0,1350.0,200.0,2000.0,1800.0,0.37037037037037035,0.037037037037037035,0.25,698.2120021884471,0.0,0.0,0.0,0.0,5.0,0.0,5.0,2.25,2.0,4200.0,2.0,0.0,1.0,0.9799999964133332,-1.3,0.0,1.096296293639506,-0.036,0,5141,105
3000.0,2.0,1500.0,500.0,2500.0,2000.0,0.8333333333333334,0.16666666666666666,0.5,1000.0,0.0,0.0,0.0,0.0,0.0,0.0,0.0,0.0,2.0,4200.0,2.0,0.0,1.0,0.9799999964133332,-1.3,0.0,2.466666660688889,-0.0,0,5142,105
3000.0,2.0,1500.0,500.0,2500.0,2000.0,0.8333333333333334,0.16666666666666666,0.5,1000.0,0.0,0.0,0.0,0.0,0.0,0.0,0.0,0.0,2.0,4200.0,2.0,0.0,1.0,0.9799999964133332,-1.3,0.0,2.466666660688889,-0.0,0,5142,105
3000.0,3.0,1000.0,100.0,2500.0,2400.0,0.8333333333333334,0.03333333333333333,0.3333333333333333,1067.707825203131,0.0,0.0,0.0,0.0,0.0,0.0,0.0,0.0,2.0,4200.0,2.0,0.0,1.0,0.9799999964133332,-1.3,0.0,2.466666660688889,-0.0,0,5142,105
3000.0,2.0,1500.0,600.0,2400.0,1800.0,0.8,0.2,0.5,900.0,0.0,0.0,0.0,0.0,0.0,0.0,0.0,0.0,2.0,4200.0,2.0,0.0,1.0,0.9799999964133332,-1.3,0.0,2.3679999942613335,-0.0,1,5142,105
3000.0,3.0,1000.0,100.0,2400.0,2300.0,0.8,0.03333333333333333,0.3333333333333333,1003.3277962194941,0.0,0.0,0.0,0.0,0.0,0.0,0.0,0.0,2.0,4200.0,2.0,0.0,1.0,0.9799999964133332,-1.3,0.0,2.3679999942613335,-0.0,0,5142,105
3000.0,3.0,1000.0,100.0,2400.0,2300.0,0.8,0.03333333333333333,0.3333333333333333,1003.3277962194941,0.0,0.0,0.0,0.0,0.0,0.0,0.0,0.0,2.0,4200.0,2.0,0.0,1.0,0.9799999964133332,-1.3,0.0,2.3679999942613335,-0.0,0,5142,105
3000.0,3.0,1000.0,100.0,2300.0,2200.0,0.7666666666666667,0.03333333333333333,0.3333333333333333,941.629792788369,0.0,0.0,0.0,0.0,0.0,0.0,0.0,0.0,2.0,4200.0,2.0,0.0,1.0,0.9799999964133332,-1.3,0.0,2.269333327833778,-0.0,0,5142,105
3000.0,2.0,1500.0,1400.0,1600.0,200.0,0.5333333333333333,0.4666666666666667,0.5,100.0,0.0,0.0,0.0,0.0,0.0,0.0,0.0,0.0,2.0,4200.0,2.0,0.0,1.0,0.9799999964133332,-1.3,0.0,1.5786666628408887,-0.0,0,5142,105
3000.0,4.0,750.0,400.0,1600.0,1200.0,0.5333333333333333,0.13333333333333333,0.25,492.44289008980525,0.0,0.0,0.0,0.0,0.0,0.0,0.0,0.0,2.0,4200.0,2.0,0.0,1.0,0.9799999964133332,-1.3,0.0,1.5786666628408887,-0.0,0,5142,105
3000.0,3.0,1000.0,100.0,1500.0,1400.0,0.5,0.03333333333333333,0.3333333333333333,637.7042156569664,0.0,0.0,0.0,0.0,0.0,0.0,0.0,0.0,2.0,4200.0,2.0,0.0,1.0,0.9799999964133332,-1.3,0.0,1.4799999964133332,-0.0,0,5142,105
3000.0,4.0,750.0,400.0,1500.0,1100.0,0.5,0.13333333333333333,0.25,438.7482193696061,0.0,0.0,0.0,0.0,0.0,0.0,0.0,0.0,2.0,4200.0,2.0,0.0,1.0,0.9799999964133332,-1.3,0.0,1.4799999964133332,-0.0,0,5142,105
3000.0,4.0,750.0,400.0,1500.0,1100.0,0.5,0.13333333333333333,0.25,438.7482193696061,0.0,0.0,0.0,0.0,0.0,0.0,0.0,0.0,2.0,4200.0,2.0,0.0,1.0,0.9799999964133332,-1.3,0.0,1.4799999964133332,-0.0,0,5142,105
3000.0,5.0,600.0,100.0,1500.0,1400.0,0.5,0.03333333333333333,0.2,473.2863826479693,0.0,0.0,0.0,0.0,0.0,0.0,0.0,0.0,2.0,4200.0,2.0,0.0,1.0,0.9799999964133332,-1.3,0.0,1.4799999964133332,-0.0,0,5142,105
3000.0,3.0,1000.0,400.0,1400.0,1000.0,0.4666666666666667,0.13333333333333333,0.3333333333333333,432.04937989385735,0.0,0.0,0.0,0.0,0.0,0.0,0.0,0.0,2.0,4200.0,2.0,0.0,1.0,0.9799999964133332,-1.3,0.0,1.3813333299857777,-0.0,0,5142,105
3000.0,4.0,750.0,500.0,1400.0,900.0,0.4666666666666667,0.16666666666666666,0.25,377.4917217635375,0.0,0.0,0.0,0.0,0.0,0.0,0.0,0.0,2.0,4200.0,2.0,0.0,1.0,0.9799999964133332,-1.3,0.0,1.3813333299857777,-0.0,0,5142,105
3000.0,5.0,600.0,100.0,1400.0,1300.0,0.4666666666666667,0.03333333333333333,0.2,433.58966777357597,0.0,0.0,0.0,0.0,0.0,0.0,0.0,0.0,2.0,4200.0,2.0,0.0,1.0,0.9799999964133332,-1.3,0.0,1.3813333299857777,-0.0,0,5142,105
3000.0,5.0,600.0,100.0,1400.0,1300.0,0.4666666666666667,0.03333333333333333,0.2,433.58966777357597,0.0,0.0,0.0,0.0,0.0,0.0,0.0,0.0,2.0,4200.0,2.0,0.0,1.0,0.9799999964133332,-1.3,0.0,1.3813333299857777,-0.0,0,5142,105
